{
  "ok": true,
  "normalization": "safe-max",
  "margin": 6,
  "safe_max": {
    "scale": 0.2945990180032733,
    "max_state_union_width": 611,
    "max_state_union_height": 581,
    "available_width": 180,
    "available_height": 196,
    "source_canvas": [
      768,
      832
    ],
    "registration": "pet-wide scale with per-state union registration"
  },
  "states": {
    "idle": {
      "animation": "Relax",
      "normalization": "safe-max",
      "scale": 0.2945990180032733,
      "source_union_bbox": [
        246,
        67,
        541,
        631
      ],
      "target_union_size": [
        87,
        166
      ],
      "target_union_offset": [
        52,
        36
      ],
      "output_bboxes": [
        [
          52,
          36,
          139,
          202
        ],
        [
          52,
          37,
          139,
          202
        ],
        [
          52,
          36,
          139,
          202
        ],
        [
          52,
          36,
          139,
          202
        ],
        [
          52,
          36,
          139,
          202
        ],
        [
          52,
          36,
          139,
          202
        ]
      ]
    },
    "running-right": {
      "animation": "Move",
      "normalization": "safe-max",
      "scale": 0.2945990180032733,
      "source_union_bbox": [
        253,
        62,
        543,
        633
      ],
      "target_union_size": [
        85,
        168
      ],
      "target_union_offset": [
        53,
        34
      ],
      "output_bboxes": [
        [
          53,
          34,
          138,
          202
        ],
        [
          53,
          34,
          138,
          202
        ],
        [
          53,
          34,
          138,
          202
        ],
        [
          53,
          34,
          138,
          202
        ],
        [
          53,
          34,
          138,
          202
        ],
        [
          53,
          34,
          138,
          202
        ],
        [
          53,
          34,
          138,
          202
        ],
        [
          53,
          34,
          138,
          202
        ]
      ]
    },
    "running-left": {
      "animation": "Move",
      "normalization": "safe-max",
      "scale": 0.2945990180032733,
      "source_union_bbox": [
        225,
        62,
        515,
        633
      ],
      "target_union_size": [
        85,
        168
      ],
      "target_union_offset": [
        53,
        34
      ],
      "output_bboxes": [
        [
          53,
          34,
          138,
          202
        ],
        [
          53,
          34,
          138,
          202
        ],
        [
          53,
          34,
          138,
          202
        ],
        [
          53,
          34,
          138,
          202
        ],
        [
          53,
          34,
          138,
          202
        ],
        [
          53,
          34,
          138,
          202
        ],
        [
          53,
          34,
          138,
          202
        ],
        [
          53,
          34,
          138,
          202
        ]
      ]
    },
    "waving": {
      "animation": "Interact",
      "normalization": "safe-max",
      "scale": 0.2945990180032733,
      "source_union_bbox": [
        175,
        50,
        570,
        631
      ],
      "target_union_size": [
        116,
        171
      ],
      "target_union_offset": [
        38,
        31
      ],
      "output_bboxes": [
        [
          57,
          34,
          146,
          202
        ],
        [
          40,
          31,
          141,
          202
        ],
        [
          38,
          31,
          141,
          202
        ],
        [
          49,
          31,
          154,
          202
        ]
      ]
    },
    "jumping": {
      "animation": "Relax",
      "normalization": "safe-max",
      "scale": 0.2945990180032733,
      "source_union_bbox": [
        246,
        56,
        541,
        631
      ],
      "target_union_size": [
        87,
        169
      ],
      "target_union_offset": [
        52,
        33
      ],
      "output_bboxes": [
        [
          52,
          34,
          139,
          202
        ],
        [
          52,
          33,
          139,
          202
        ],
        [
          52,
          33,
          139,
          200
        ],
        [
          52,
          33,
          139,
          202
        ],
        [
          52,
          35,
          139,
          202
        ]
      ]
    },
    "failed": {
      "animation": "Sleep",
      "normalization": "safe-max",
      "scale": 0.2945990180032733,
      "source_union_bbox": [
        79,
        371,
        690,
        651
      ],
      "target_union_size": [
        180,
        82
      ],
      "target_union_offset": [
        6,
        120
      ],
      "output_bboxes": [
        [
          6,
          120,
          186,
          202
        ],
        [
          6,
          120,
          186,
          202
        ],
        [
          6,
          120,
          186,
          202
        ],
        [
          6,
          120,
          186,
          202
        ],
        [
          6,
          120,
          186,
          202
        ],
        [
          6,
          120,
          186,
          202
        ],
        [
          6,
          120,
          186,
          202
        ],
        [
          6,
          120,
          186,
          202
        ]
      ]
    },
    "waiting": {
      "animation": "Sit",
      "normalization": "safe-max",
      "scale": 0.2945990180032733,
      "source_union_bbox": [
        232,
        239,
        628,
        782
      ],
      "target_union_size": [
        117,
        160
      ],
      "target_union_offset": [
        37,
        42
      ],
      "output_bboxes": [
        [
          43,
          43,
          140,
          202
        ],
        [
          43,
          43,
          142,
          202
        ],
        [
          41,
          44,
          137,
          202
        ],
        [
          45,
          42,
          143,
          202
        ],
        [
          40,
          42,
          154,
          202
        ],
        [
          37,
          42,
          144,
          202
        ]
      ]
    },
    "running": {
      "animation": "Interact",
      "normalization": "safe-max",
      "scale": 0.2945990180032733,
      "source_union_bbox": [
        175,
        50,
        570,
        631
      ],
      "target_union_size": [
        116,
        171
      ],
      "target_union_offset": [
        38,
        31
      ],
      "output_bboxes": [
        [
          57,
          34,
          146,
          202
        ],
        [
          47,
          31,
          141,
          202
        ],
        [
          40,
          31,
          141,
          202
        ],
        [
          38,
          31,
          141,
          202
        ],
        [
          38,
          31,
          141,
          202
        ],
        [
          49,
          31,
          154,
          202
        ]
      ]
    },
    "review": {
      "animation": "Relax",
      "normalization": "safe-max",
      "scale": 0.2945990180032733,
      "source_union_bbox": [
        246,
        67,
        541,
        631
      ],
      "target_union_size": [
        87,
        166
      ],
      "target_union_offset": [
        52,
        36
      ],