{
  "ok": true,
  "normalization": "safe-max",
  "margin": 6,
  "safe_max": {
    "scale": 0.29605263157894735,
    "max_state_union_width": 608,
    "max_state_union_height": 568,
    "available_width": 180,
    "available_height": 196,
    "source_canvas": [
      768,
      832
    ],
    "registration": "pet-wide scale with per-state union registration"
  },
  "states": {
    "idle": {
      "animation": "Relax",
      "normalization": "safe-max",
      "scale": 0.29605263157894735,
      "source_union_bbox": [
        217,
        50,
        570,
        605
      ],
      "target_union_size": [
        105,
        164
      ],
      "target_union_offset": [
        43,
        38
      ],
      "output_bboxes": [
        [
          43,
          38,
          148,
          202
        ],
        [
          43,
          38,
          147,
          202
        ],
        [
          43,
          38,
          148,
          202
        ],
        [
          43,
          38,
          148,
          202
        ],
        [
          43,
          38,
          148,
          202
        ],
        [
          43,
          38,
          148,
          202
        ]
      ]
    },
    "running-right": {
      "animation": "Move",
      "normalization": "safe-max",
      "scale": 0.29605263157894735,
      "source_union_bbox": [
        221,
        56,
        575,
        607
      ],
      "target_union_size": [
        105,
        163
      ],
      "target_union_offset": [
        43,
        39
      ],
      "output_bboxes": [
        [
          43,
          39,
          148,
          202
        ],
        [
          43,
          39,
          147,
          202
        ],
        [
          43,
          39,
          148,
          202
        ],
        [
          43,
          39,
          148,
          202
        ],
        [
          43,
          39,
          148,
          202
        ],
        [
          43,
          39,
          147,
          202
        ],
        [
          43,
          39,
          148,
          202
        ],
        [
          43,
          39,
          148,
          202
        ]
      ]
    },
    "running-left": {
      "animation": "Move",
      "normalization": "safe-max",
      "scale": 0.29605263157894735,
      "source_union_bbox": [
        193,
        56,
        547,
        607
      ],
      "target_union_size": [
        105,
        163
      ],
      "target_union_offset": [
        43,
        39
      ],
      "output_bboxes": [
        [
          43,
          39,
          148,
          202
        ],
        [
          44,
          39,
          148,
          202
        ],
        [
          43,
          39,
          148,
          202
        ],
        [
          43,
          39,
          148,
          202
        ],
        [
          43,
          39,
          148,
          202
        ],
        [
          44,
          39,
          148,
          202
        ],
        [
          43,
          39,
          148,
          202
        ],
        [
          43,
          39,
          148,
          202
        ]
      ]
    },
    "waving": {
      "animation": "Interact",
      "normalization": "safe-max",
      "scale": 0.29605263157894735,
      "source_union_bbox": [
        156,
        50,
        563,
        605
      ],
      "target_union_size": [
        120,
        164
      ],
      "target_union_offset": [
        36,
        38
      ],
      "output_bboxes": [
        [
          52,
          38,
          156,
          202
        ],
        [
          41,
          39,
          149,
          202
        ],
        [
          36,
          38,
          147,
          202
        ],
        [
          55,
          38,
          154,
          202
        ]
      ]
    },
    "jumping": {
      "animation": "Relax",
      "normalization": "safe-max",
      "scale": 0.29605263157894735,
      "source_union_bbox": [
        217,
        37,
        570,
        605
      ],
      "target_union_size": [
        105,
        168
      ],
      "target_union_offset": [
        43,
        34
      ],
      "output_bboxes": [
        [
          43,
          35,
          148,
          202
        ],
        [
          43,
          34,
          147,
          202
        ],
        [
          43,
          34,
          148,
          200
        ],
        [
          43,
          34,
          147,
          202
        ],
        [
          43,
          36,
          148,
          202
        ]
      ]
    },
    "failed": {
      "animation": "Sleep",
      "normalization": "safe-max",
      "scale": 0.29605263157894735,
      "source_union_bbox": [
        80,
        398,
        688,
        638
      ],
      "target_union_size": [
        180,
        71
      ],
      "target_union_offset": [
        6,
        131
      ],
      "output_bboxes": [
        [
          6,
          131,
          186,
          201
        ],
        [
          6,
          131,
          186,
          201
        ],
        [
          6,
          131,
          186,
          201
        ],
        [
          6,
          131,
          186,
          202
        ],
        [
          6,
          131,
          186,
          202
        ],
        [
          6,
          131,
          186,
          202
        ],
        [
          6,
          131,
          186,
          202
        ],
        [
          6,
          131,
          186,
          202
        ]
      ]
    },
    "waiting": {
      "animation": "Sit",
      "normalization": "safe-max",
      "scale": 0.29605263157894735,
      "source_union_bbox": [
        236,
        239,
        580,
        783
      ],
      "target_union_size": [
        102,
        161
      ],
      "target_union_offset": [
        45,
        41
      ],
      "output_bboxes": [
        [
          45,
          41,
          147,
          202
        ],
        [
          45,
          41,
          147,
          202
        ],
        [
          45,
          41,
          147,
          202
        ],
        [
          45,
          41,
          147,
          202
        ],
        [
          45,
          41,
          147,
          202
        ],
        [
          45,
          41,
          147,
          202
        ]
      ]
    },
    "running": {
      "animation": "Interact",
      "normalization": "safe-max",
      "scale": 0.29605263157894735,
      "source_union_bbox": [
        136,
        50,
        575,
        605
      ],
      "target_union_size": [
        130,
        164
      ],
      "target_union_offset": [
        31,
        38
      ],
      "output_bboxes": [
        [
          53,
          38,
          160,
          202
        ],
        [
          58,
          38,
          161,
          202
        ],
        [
          42,
          38,
          150,
          202
        ],
        [
          31,
          38,
          148,
          202
        ],
        [
          35,
          38,
          148,
          202
        ],
        [
          56,
          38,
          156,
          202
        ]
      ]
    },
    "review": {
      "animation": "Relax",
      "normalization": "safe-max",
      "scale": 0.29605263157894735,
      "source_union_bbox": [
        217,
        50,
        570,
        605
      ],
      "target_union_size": [
        105,
        164
      ],
      "target_union_offset": [
        43,
        38
      ],