{
  "ok": true,
  "normalization": "safe-max",
  "margin": 6,
  "safe_max": {
    "scale": 0.32667876588021777,
    "max_state_union_width": 551,
    "max_state_union_height": 559,
    "available_width": 180,
    "available_height": 196,
    "source_canvas": [
      768,
      832
    ],
    "registration": "pet-wide scale with per-state union registration"
  },
  "states": {
    "idle": {
      "animation": "Relax",
      "normalization": "safe-max",
      "scale": 0.32667876588021777,
      "source_union_bbox": [
        245,
        55,
        538,
        599
      ],
      "target_union_size": [
        96,
        178
      ],
      "target_union_offset": [
        48,
        24
      ],
      "output_bboxes": [
        [
          53,
          24,
          144,
          202
        ],
        [
          53,
          24,
          144,
          202
        ],
        [
          53,
          24,
          144,
          202
        ],
        [
          53,
          24,
          144,
          202
        ],
        [
          53,
          24,
          144,
          202
        ],
        [
          53,
          24,
          144,
          202
        ]
      ]
    },
    "running-right": {
      "animation": "Move",
      "normalization": "safe-max",
      "scale": 0.32667876588021777,
      "source_union_bbox": [
        239,
        50,
        542,
        598
      ],
      "target_union_size": [
        99,
        179
      ],
      "target_union_offset": [
        46,
        23
      ],
      "output_bboxes": [
        [
          55,
          23,
          145,
          202
        ],
        [
          54,
          23,
          143,
          202
        ],
        [
          53,
          23,
          143,
          202
        ],
        [
          54,
          23,
          143,
          202
        ],
        [
          55,
          23,
          145,
          202
        ],
        [
          54,
          23,
          143,
          202
        ],
        [
          53,
          23,
          143,
          202
        ],
        [
          54,
          23,
          143,
          202
        ]
      ]
    },
    "running-left": {
      "animation": "Move",
      "normalization": "safe-max",
      "scale": 0.32667876588021777,
      "source_union_bbox": [
        226,
        50,
        529,
        598
      ],
      "target_union_size": [
        99,
        179
      ],
      "target_union_offset": [
        46,
        23
      ],
      "output_bboxes": [
        [
          46,
          23,
          136,
          202
        ],
        [
          48,
          23,
          137,
          202
        ],
        [
          48,
          23,
          138,
          202
        ],
        [
          48,
          23,
          137,
          202
        ],
        [
          46,
          23,
          136,
          202
        ],
        [
          48,
          23,
          137,
          202
        ],
        [
          48,
          23,
          138,
          202
        ],
        [
          48,
          23,
          137,
          202
        ]
      ]
    },
    "waving": {
      "animation": "Interact",
      "normalization": "safe-max",
      "scale": 0.32667876588021777,
      "source_union_bbox": [
        211,
        55,
        542,
        599
      ],
      "target_union_size": [
        108,
        178
      ],
      "target_union_offset": [
        42,
        24
      ],
      "output_bboxes": [
        [
          58,
          24,
          150,
          202
        ],
        [
          49,
          24,
          150,
          202
        ],
        [
          56,
          24,
          150,
          202
        ],
        [
          55,
          24,
          144,
          202
        ]
      ]
    },
    "jumping": {
      "animation": "Relax",
      "normalization": "safe-max",
      "scale": 0.32667876588021777,
      "source_union_bbox": [
        245,
        40,
        538,
        599
      ],
      "target_union_size": [
        96,
        183
      ],
      "target_union_offset": [
        48,
        19
      ],
      "output_bboxes": [
        [
          53,
          22,
          144,
          202
        ],
        [
          53,
          19,
          144,
          201
        ],
        [
          53,
          19,
          144,
          199
        ],
        [
          53,
          19,
          144,
          201
        ],
        [
          53,
          22,
          144,
          202
        ]
      ]
    },
    "failed": {
      "animation": "Sleep",
      "normalization": "safe-max",
      "scale": 0.32667876588021777,
      "source_union_bbox": [
        109,
        380,
        660,
        632
      ],
      "target_union_size": [
        180,
        82
      ],
      "target_union_offset": [
        6,
        120
      ],
      "output_bboxes": [
        [
          6,
          120,
          186,
          202
        ],
        [
          6,
          120,
          186,
          202
        ],
        [
          6,
          120,
          186,
          202
        ],
        [
          6,
          120,
          186,
          202
        ],
        [
          6,
          120,
          186,
          202
        ],
        [
          6,
          120,
          186,
          202
        ],
        [
          6,
          120,
          186,
          202
        ],
        [
          6,
          120,
          186,
          202
        ]
      ]
    },
    "waiting": {
      "animation": "Sit",
      "normalization": "safe-max",
      "scale": 0.32667876588021777,
      "source_union_bbox": [
        308,
        250,
        637,
        782
      ],
      "target_union_size": [
        107,
        174
      ],
      "target_union_offset": [
        42,
        28
      ],
      "output_bboxes": [
        [
          42,
          28,
          149,
          202
        ],
        [
          42,
          28,
          149,
          202
        ],
        [
          42,
          28,
          149,
          202
        ],
        [
          42,
          28,
          148,
          202
        ],
        [
          42,
          28,
          147,
          202
        ],
        [
          42,
          28,
          149,
          202
        ]
      ]
    },
    "running": {
      "animation": "Interact",
      "normalization": "safe-max",
      "scale": 0.32667876588021777,
      "source_union_bbox": [
        211,
        55,
        546,
        599
      ],
      "target_union_size": [
        109,
        178
      ],
      "target_union_offset": [
        41,
        24
      ],
      "output_bboxes": [
        [
          57,
          24,
          149,
          202
        ],
        [
          50,
          24,
          150,
          202
        ],
        [
          48,
          24,
          150,
          202
        ],
        [
          51,
          24,
          149,
          202
        ],
        [
          55,
          24,
          149,
          202
        ],
        [
          54,
          24,
          142,
          202
        ]
      ]
    },
    "review": {
      "animation": "Relax",
      "normalization": "safe-max",
      "scale": 0.32667876588021777,
      "source_union_bbox": [
        245,
        55,
        538,
        599
      ],
      "target_union_size": [
        96,
        178
      ],
      "target_union_offset": [
        48,
        24
      ],