{
  "ok": true,
  "normalization": "safe-max",
  "margin": 6,
  "safe_max": {
    "scale": 0.3119584055459272,
    "max_state_union_width": 577,
    "max_state_union_height": 572,
    "available_width": 180,
    "available_height": 196,
    "source_canvas": [
      768,
      832
    ],
    "registration": "pet-wide scale with per-state union registration"
  },
  "states": {
    "idle": {
      "animation": "Relax",
      "normalization": "safe-max",
      "scale": 0.3119584055459272,
      "source_union_bbox": [
        192,
        52,
        588,
        609
      ],
      "target_union_size": [
        124,
        174
      ],
      "target_union_offset": [
        34,
        28
      ],
      "output_bboxes": [
        [
          34,
          30,
          156,
          202
        ],
        [
          35,
          29,
          156,
          202
        ],
        [
          34,
          28,
          154,
          202
        ],
        [
          34,
          28,
          158,
          202
        ],
        [
          34,
          30,
          156,
          202
        ],
        [
          34,
          28,
          158,
          202
        ]
      ],
      "counter_mirror_regions": []
    },
    "running-right": {
      "animation": "Move",
      "normalization": "safe-max",
      "scale": 0.3119584055459272,
      "source_union_bbox": [
        191,
        50,
        586,
        610
      ],
      "target_union_size": [
        123,
        175
      ],
      "target_union_offset": [
        34,
        27
      ],
      "output_bboxes": [
        [
          34,
          27,
          155,
          202
        ],
        [
          37,
          27,
          155,
          202
        ],
        [
          35,
          27,
          156,
          202
        ],
        [
          34,
          27,
          157,
          202
        ],
        [
          34,
          27,
          155,
          202
        ],
        [
          37,
          27,
          155,
          202
        ],
        [
          35,
          27,
          156,
          202
        ],
        [
          34,
          27,
          157,
          202
        ]
      ],
      "counter_mirror_regions": []
    },
    "running-left": {
      "animation": "Move",
      "normalization": "safe-max",
      "scale": 0.3119584055459272,
      "source_union_bbox": [
        182,
        50,
        577,
        610
      ],
      "target_union_size": [
        123,
        175
      ],
      "target_union_offset": [
        34,
        27
      ],
      "output_bboxes": [
        [
          36,
          27,
          157,
          202
        ],
        [
          36,
          27,
          154,
          202
        ],
        [
          35,
          27,
          156,
          202
        ],
        [
          34,
          27,
          157,
          202
        ],
        [
          36,
          27,
          157,
          202
        ],
        [
          36,
          27,
          154,
          202
        ],
        [
          35,
          27,
          156,
          202
        ],
        [
          34,
          27,
          157,
          202
        ]
      ],
      "counter_mirror_regions": []
    },
    "waving": {
      "animation": "Interact",
      "normalization": "safe-max",
      "scale": 0.3119584055459272,
      "source_union_bbox": [
        185,
        50,
        584,
        609
      ],
      "target_union_size": [
        124,
        174
      ],
      "target_union_offset": [
        34,
        28
      ],
      "output_bboxes": [
        [
          37,
          28,
          158,
          202
        ],
        [
          34,
          28,
          155,
          202
        ],
        [
          36,
          28,
          158,
          202
        ],
        [
          34,
          29,
          158,
          202
        ]
      ],
      "counter_mirror_regions": []
    },
    "jumping": {
      "animation": "Relax",
      "normalization": "safe-max",
      "scale": 0.3119584055459272,
      "source_union_bbox": [
        192,
        37,
        588,
        609
      ],
      "target_union_size": [
        124,
        178
      ],
      "target_union_offset": [
        34,
        24
      ],
      "output_bboxes": [
        [
          34,
          28,
          156,
          202
        ],
        [
          35,
          25,
          156,
          202
        ],
        [
          34,
          24,
          158,
          200
        ],
        [
          35,
          25,
          156,
          202
        ],
        [
          34,
          27,
          158,
          202
        ]
      ],
      "counter_mirror_regions": []
    },
    "failed": {
      "animation": "Sleep",
      "normalization": "safe-max",
      "scale": 0.3119584055459272,
      "source_union_bbox": [
        95,
        279,
        672,
        632
      ],
      "target_union_size": [
        180,
        110
      ],
      "target_union_offset": [
        6,
        92
      ],
      "output_bboxes": [
        [
          6,
          92,
          186,
          202
        ],
        [
          6,
          92,
          186,
          202
        ],
        [
          6,
          92,
          186,
          202
        ],
        [
          6,
          92,
          186,
          202
        ],
        [
          6,
          92,
          186,
          202
        ],
        [
          7,
          92,
          186,
          202
        ],
        [
          6,
          92,
          186,
          202
        ],
        [
          6,
          92,
          186,
          202
        ]
      ],
      "counter_mirror_regions": []
    },
    "waiting": {
      "animation": "Sit",
      "normalization": "safe-max",
      "scale": 0.3119584055459272,
      "source_union_bbox": [
        197,
        213,
        579,
        782
      ],
      "target_union_size": [
        119,
        178
      ],
      "target_union_offset": [
        36,
        24
      ],
      "output_bboxes": [
        [
          36,
          25,
          155,
          202
        ],
        [
          36,
          25,
          155,
          202
        ],
        [
          36,
          25,
          155,
          202
        ],
        [
          36,
          24,
          154,
          202
        ],
        [
          36,
          24,
          155,
          202
        ],
        [
          36,
          25,
          155,
          202
        ]
      ],
      "counter_mirror_regions": []
    },
    "running": {
      "animation": "Interact",
      "normalization": "safe-max",
      "scale": 0.3119584055459272,
      "source_union_bbox": [
        185,
        50,
        584,
        609
      ],
      "target_union_size": [
        124,
        174
      ],
      "target_union_offset": [
        34,
        28
      ],
      "output_bboxes": [
        [
          37,
          28,
          158,
          202
        ],
        [
          34,
          28,
          155,
          202
        ],
        [
          34,
          28,
          155,
          202
        ],
        [
          34,
          28,
          157,
          202
        ],
        [
          36,
          28,
          158,
          202
        ],
        [
          34,
          29,
          158,
          202
        ]
      ],
      "counter_mirror_regions": []
    },
    "review": {
      "animation": "Relax",
      "normalization": "safe-max",
      "scale": 0.3119584055459272,
      "source_union_bbox": [
        192,
        52,
        588,
        609
      ],
      "target_union_size": [
        124,
        174
      ],
      "target_union_offset": [
        34,
        28
      ],