{
  "ok": true,
  "normalization": "safe-max",
  "margin": 6,
  "safe_max": {
    "scale": 0.3050847457627119,
    "max_state_union_width": 590,
    "max_state_union_height": 581,
    "available_width": 180,
    "available_height": 196,
    "source_canvas": [
      768,
      832
    ],
    "registration": "pet-wide scale with per-state union registration"
  },
  "states": {
    "idle": {
      "animation": "Relax",
      "normalization": "safe-max",
      "scale": 0.3050847457627119,
      "source_union_bbox": [
        285,
        63,
        563,
        629
      ],
      "target_union_size": [
        85,
        173
      ],
      "target_union_offset": [
        53,
        29
      ],
      "output_bboxes": [
        [
          53,
          29,
          138,
          202
        ],
        [
          53,
          29,
          138,
          202
        ],
        [
          53,
          29,
          138,
          202
        ],
        [
          53,
          29,
          138,
          202
        ],
        [
          53,
          29,
          138,
          202
        ],
        [
          53,
          29,
          138,
          202
        ]
      ]
    },
    "running-right": {
      "animation": "Move",
      "normalization": "safe-max",
      "scale": 0.3050847457627119,
      "source_union_bbox": [
        287,
        50,
        583,
        631
      ],
      "target_union_size": [
        90,
        177
      ],
      "target_union_offset": [
        51,
        25
      ],
      "output_bboxes": [
        [
          55,
          25,
          141,
          202
        ],
        [
          55,
          25,
          141,
          202
        ],
        [
          51,
          25,
          141,
          202
        ],
        [
          55,
          25,
          141,
          202
        ],
        [
          55,
          25,
          141,
          202
        ],
        [
          55,
          25,
          141,
          202
        ],
        [
          55,
          25,
          141,
          202
        ],
        [
          55,
          25,
          141,
          202
        ]
      ]
    },
    "running-left": {
      "animation": "Move",
      "normalization": "safe-max",
      "scale": 0.3050847457627119,
      "source_union_bbox": [
        185,
        50,
        481,
        631
      ],
      "target_union_size": [
        90,
        177
      ],
      "target_union_offset": [
        51,
        25
      ],
      "output_bboxes": [
        [
          51,
          25,
          137,
          202
        ],
        [
          51,
          25,
          137,
          202
        ],
        [
          51,
          25,
          141,
          202
        ],
        [
          51,
          25,
          137,
          202
        ],
        [
          51,
          25,
          137,
          202
        ],
        [
          51,
          25,
          137,
          202
        ],
        [
          51,
          25,
          137,
          202
        ],
        [
          51,
          25,
          137,
          202
        ]
      ]
    },
    "waving": {
      "animation": "Interact",
      "normalization": "safe-max",
      "scale": 0.3050847457627119,
      "source_union_bbox": [
        270,
        63,
        564,
        629
      ],
      "target_union_size": [
        90,
        173
      ],
      "target_union_offset": [
        51,
        29
      ],
      "output_bboxes": [
        [
          54,
          29,
          141,
          202
        ],
        [
          51,
          29,
          141,
          202
        ],
        [
          51,
          30,
          140,
          202
        ],
        [
          52,
          29,
          141,
          202
        ]
      ]
    },
    "jumping": {
      "animation": "Relax",
      "normalization": "safe-max",
      "scale": 0.3050847457627119,
      "source_union_bbox": [
        285,
        49,
        563,
        629
      ],
      "target_union_size": [
        85,
        177
      ],
      "target_union_offset": [
        53,
        25
      ],
      "output_bboxes": [
        [
          53,
          27,
          138,
          202
        ],
        [
          53,
          25,
          138,
          202
        ],
        [
          53,
          25,
          138,
          200
        ],
        [
          53,
          25,
          138,
          202
        ],
        [
          53,
          27,
          138,
          202
        ]
      ]
    },
    "failed": {
      "animation": "Sleep",
      "normalization": "safe-max",
      "scale": 0.3050847457627119,
      "source_union_bbox": [
        89,
        388,
        679,
        645
      ],
      "target_union_size": [
        180,
        78
      ],
      "target_union_offset": [
        6,
        124
      ],
      "output_bboxes": [
        [
          6,
          126,
          186,
          202
        ],
        [
          6,
          126,
          186,
          202
        ],
        [
          6,
          125,
          186,
          202
        ],
        [
          6,
          124,
          186,
          202
        ],
        [
          6,
          124,
          186,
          202
        ],
        [
          6,
          124,
          186,
          202
        ],
        [
          6,
          124,
          186,
          202
        ],
        [
          6,
          124,
          186,
          202
        ]
      ]
    },
    "waiting": {
      "animation": "Sit",
      "normalization": "safe-max",
      "scale": 0.3050847457627119,
      "source_union_bbox": [
        268,
        242,
        556,
        782
      ],
      "target_union_size": [
        88,
        165
      ],
      "target_union_offset": [
        52,
        37
      ],
      "output_bboxes": [
        [
          52,
          37,
          140,
          202
        ],
        [
          52,
          37,
          139,
          202
        ],
        [
          52,
          37,
          138,
          202
        ],
        [
          52,
          37,
          140,
          202
        ],
        [
          52,
          37,
          138,
          202
        ],
        [
          52,
          37,
          138,
          202
        ]
      ]
    },
    "running": {
      "animation": "Interact",
      "normalization": "safe-max",
      "scale": 0.3050847457627119,
      "source_union_bbox": [
        270,
        62,
        565,
        629
      ],
      "target_union_size": [
        90,
        173
      ],
      "target_union_offset": [
        51,
        29
      ],
      "output_bboxes": [
        [
          54,
          29,
          141,
          202
        ],
        [
          52,
          29,
          141,
          202
        ],
        [
          51,
          29,
          141,
          202
        ],
        [
          51,
          29,
          140,
          202
        ],
        [
          51,
          30,
          139,
          202
        ],
        [
          52,
          29,
          141,
          202
        ]
      ]
    },
    "review": {
      "animation": "Relax",
      "normalization": "safe-max",
      "scale": 0.3050847457627119,
      "source_union_bbox": [
        285,
        63,
        563,
        629
      ],
      "target_union_size": [
        85,
        173
      ],
      "target_union_offset": [
        53,
        29
      ],