{
  "ok": true,
  "normalization": "safe-max",
  "margin": 6,
  "safe_max": {
    "scale": 0.3146853146853147,
    "max_state_union_width": 572,
    "max_state_union_height": 570,
    "available_width": 180,
    "available_height": 196,
    "source_canvas": [
      768,
      832
    ],
    "registration": "pet-wide scale with per-state union registration"
  },
  "states": {
    "idle": {
      "animation": "Relax",
      "normalization": "safe-max",
      "scale": 0.3146853146853147,
      "source_union_bbox": [
        256,
        51,
        542,
        606
      ],
      "target_union_size": [
        90,
        175
      ],
      "target_union_offset": [
        51,
        27
      ],
      "output_bboxes": [
        [
          51,
          27,
          141,
          202
        ],
        [
          53,
          27,
          141,
          202
        ],
        [
          52,
          27,
          141,
          202
        ],
        [
          53,
          27,
          140,
          202
        ],
        [
          51,
          27,
          141,
          202
        ],
        [
          51,
          27,
          141,
          202
        ]
      ]
    },
    "running-right": {
      "animation": "Move",
      "normalization": "safe-max",
      "scale": 0.3146853146853147,
      "source_union_bbox": [
        262,
        50,
        557,
        607
      ],
      "target_union_size": [
        93,
        175
      ],
      "target_union_offset": [
        49,
        27
      ],
      "output_bboxes": [
        [
          49,
          27,
          142,
          202
        ],
        [
          49,
          28,
          141,
          202
        ],
        [
          49,
          27,
          141,
          202
        ],
        [
          49,
          27,
          139,
          202
        ],
        [
          49,
          27,
          139,
          202
        ],
        [
          51,
          28,
          141,
          202
        ],
        [
          50,
          27,
          141,
          202
        ],
        [
          50,
          27,
          139,
          202
        ]
      ]
    },
    "running-left": {
      "animation": "Move",
      "normalization": "safe-max",
      "scale": 0.3146853146853147,
      "source_union_bbox": [
        211,
        50,
        506,
        607
      ],
      "target_union_size": [
        93,
        175
      ],
      "target_union_offset": [
        49,
        27
      ],
      "output_bboxes": [
        [
          49,
          27,
          142,
          202
        ],
        [
          50,
          28,
          142,
          202
        ],
        [
          50,
          27,
          142,
          202
        ],
        [
          52,
          27,
          142,
          202
        ],
        [
          52,
          27,
          142,
          202
        ],
        [
          50,
          28,
          140,
          202
        ],
        [
          50,
          27,
          141,
          202
        ],
        [
          52,
          27,
          141,
          202
        ]
      ]
    },
    "waving": {
      "animation": "Interact",
      "normalization": "safe-max",
      "scale": 0.3146853146853147,
      "source_union_bbox": [
        172,
        52,
        541,
        606
      ],
      "target_union_size": [
        116,
        174
      ],
      "target_union_offset": [
        38,
        28
      ],
      "output_bboxes": [
        [
          61,
          28,
          154,
          202
        ],
        [
          43,
          37,
          148,
          202
        ],
        [
          38,
          38,
          152,
          202
        ],
        [
          59,
          30,
          152,
          202
        ]
      ]
    },
    "jumping": {
      "animation": "Relax",
      "normalization": "safe-max",
      "scale": 0.3146853146853147,
      "source_union_bbox": [
        256,
        36,
        557,
        606
      ],
      "target_union_size": [
        95,
        179
      ],
      "target_union_offset": [
        48,
        23
      ],
      "output_bboxes": [
        [
          48,
          26,
          138,
          202
        ],
        [
          50,
          23,
          139,
          202
        ],
        [
          50,
          23,
          138,
          199
        ],
        [
          49,
          23,
          143,
          202
        ],
        [
          48,
          26,
          139,
          202
        ]
      ]
    },
    "failed": {
      "animation": "Sleep",
      "normalization": "safe-max",
      "scale": 0.3146853146853147,
      "source_union_bbox": [
        98,
        438,
        670,
        630
      ],
      "target_union_size": [
        180,
        60
      ],
      "target_union_offset": [
        6,
        142
      ],
      "output_bboxes": [
        [
          6,
          142,
          186,
          202
        ],
        [
          6,
          142,
          186,
          202
        ],
        [
          6,
          142,
          186,
          202
        ],
        [
          6,
          142,
          186,
          202
        ],
        [
          6,
          142,
          186,
          202
        ],
        [
          6,
          142,
          186,
          202
        ],
        [
          6,
          142,
          186,
          202
        ],
        [
          6,
          142,
          186,
          202
        ]
      ]
    },
    "waiting": {
      "animation": "Sit",
      "normalization": "safe-max",
      "scale": 0.3146853146853147,
      "source_union_bbox": [
        277,
        247,
        569,
        782
      ],
      "target_union_size": [
        92,
        168
      ],
      "target_union_offset": [
        50,
        34
      ],
      "output_bboxes": [
        [
          50,
          34,
          142,
          202
        ],
        [
          52,
          34,
          142,
          202
        ],
        [
          50,
          34,
          142,
          202
        ],
        [
          50,
          34,
          142,
          202
        ],
        [
          50,
          34,
          142,
          202
        ],
        [
          50,
          34,
          142,
          202
        ]
      ]
    },
    "running": {
      "animation": "Interact",
      "normalization": "safe-max",
      "scale": 0.3146853146853147,
      "source_union_bbox": [
        172,
        52,
        547,
        606
      ],
      "target_union_size": [
        118,
        174
      ],
      "target_union_offset": [
        37,
        28
      ],
      "output_bboxes": [
        [
          60,
          28,
          154,
          202
        ],
        [
          55,
          29,
          155,
          202
        ],
        [
          42,
          37,
          147,
          202
        ],
        [
          37,
          39,
          150,
          202
        ],
        [
          37,
          38,
          151,
          202
        ],
        [
          58,
          30,
          151,
          202
        ]
      ]
    },
    "review": {
      "animation": "Relax",
      "normalization": "safe-max",
      "scale": 0.3146853146853147,
      "source_union_bbox": [
        256,
        50,
        557,
        606
      ],
      "target_union_size": [
        95,
        175
      ],
      "target_union_offset": [
        48,
        27
      ],