{
  "ok": true,
  "normalization": "safe-max",
  "margin": 6,
  "safe_max": {
    "scale": 0.27522935779816515,
    "max_state_union_width": 654,
    "max_state_union_height": 642,
    "available_width": 180,
    "available_height": 196,
    "source_canvas": [
      768,
      832
    ],
    "registration": "pet-wide scale with per-state union registration"
  },
  "states": {
    "idle": {
      "animation": "Relax",
      "normalization": "safe-max",
      "scale": 0.27522935779816515,
      "source_union_bbox": [
        128,
        98,
        625,
        740
      ],
      "target_union_size": [
        137,
        177
      ],
      "target_union_offset": [
        27,
        25
      ],
      "output_bboxes": [
        [
          27,
          29,
          160,
          202
        ],
        [
          27,
          33,
          161,
          202
        ],
        [
          27,
          27,
          158,
          202
        ],
        [
          27,
          29,
          164,
          202
        ],
        [
          27,
          25,
          164,
          202
        ],
        [
          27,
          33,
          161,
          202
        ]
      ]
    },
    "running-right": {
      "animation": "Move",
      "normalization": "safe-max",
      "scale": 0.27522935779816515,
      "source_union_bbox": [
        141,
        115,
        634,
        747
      ],
      "target_union_size": [
        136,
        174
      ],
      "target_union_offset": [
        28,
        28
      ],
      "output_bboxes": [
        [
          28,
          28,
          164,
          202
        ],
        [
          28,
          28,
          164,
          202
        ],
        [
          28,
          28,
          164,
          202
        ],
        [
          28,
          28,
          164,
          202
        ],
        [
          28,
          28,
          164,
          202
        ],
        [
          28,
          28,
          164,
          202
        ],
        [
          28,
          28,
          164,
          202
        ],
        [
          28,
          28,
          164,
          202
        ]
      ]
    },
    "running-left": {
      "animation": "Move",
      "normalization": "safe-max",
      "scale": 0.27522935779816515,
      "source_union_bbox": [
        134,
        115,
        627,
        747
      ],
      "target_union_size": [
        136,
        174
      ],
      "target_union_offset": [
        28,
        28
      ],
      "output_bboxes": [
        [
          28,
          28,
          164,
          202
        ],
        [
          28,
          28,
          164,
          202
        ],
        [
          28,
          28,
          164,
          202
        ],
        [
          28,
          28,
          164,
          202
        ],
        [
          28,
          28,
          164,
          202
        ],
        [
          28,
          28,
          164,
          202
        ],
        [
          28,
          28,
          164,
          202
        ],
        [
          28,
          28,
          164,
          202
        ]
      ]
    },
    "waving": {
      "animation": "Interact",
      "normalization": "safe-max",
      "scale": 0.27522935779816515,
      "source_union_bbox": [
        121,
        106,
        647,
        740
      ],
      "target_union_size": [
        145,
        174
      ],
      "target_union_offset": [
        23,
        28
      ],
      "output_bboxes": [
        [
          24,
          29,
          158,
          202
        ],
        [
          25,
          29,
          160,
          202
        ],
        [
          23,
          30,
          168,
          202
        ],
        [
          27,
          28,
          163,
          202
        ]
      ]
    },
    "jumping": {
      "animation": "Relax",
      "normalization": "safe-max",
      "scale": 0.27522935779816515,
      "source_union_bbox": [
        128,
        104,
        629,
        740
      ],
      "target_union_size": [
        138,
        175
      ],
      "target_union_offset": [
        27,
        27
      ],
      "output_bboxes": [
        [
          27,
          29,
          160,
          202
        ],
        [
          27,
          31,
          161,
          202
        ],
        [
          27,
          27,
          165,
          200
        ],
        [
          27,
          27,
          165,
          202
        ],
        [
          27,
          33,
          161,
          202
        ]
      ]
    },
    "failed": {
      "animation": "Sleep",
      "normalization": "safe-max",
      "scale": 0.27522935779816515,
      "source_union_bbox": [
        46,
        372,
        700,
        760
      ],
      "target_union_size": [
        180,
        107
      ],
      "target_union_offset": [
        6,
        95
      ],
      "output_bboxes": [
        [
          6,
          95,
          186,
          202
        ],
        [
          6,
          95,
          186,
          202
        ],
        [
          6,
          95,
          186,
          202
        ],
        [
          6,
          95,
          186,
          202
        ],
        [
          6,
          95,
          186,
          202
        ],
        [
          6,
          95,
          186,
          202
        ],
        [
          6,
          95,
          186,
          202
        ],
        [
          6,
          95,
          186,
          202
        ]
      ]
    },
    "waiting": {
      "animation": "Sit",
      "normalization": "safe-max",
      "scale": 0.27522935779816515,
      "source_union_bbox": [
        224,
        217,
        722,
        758
      ],
      "target_union_size": [
        137,
        149
      ],
      "target_union_offset": [
        27,
        53
      ],
      "output_bboxes": [
        [
          27,
          53,
          164,
          202
        ],
        [
          27,
          54,
          164,
          202
        ],
        [
          27,
          55,
          164,
          202
        ],
        [
          27,
          53,
          164,
          202
        ],
        [
          27,
          55,
          164,
          202
        ],
        [
          27,
          54,
          164,
          202
        ]
      ]
    },
    "running": {
      "animation": "Interact",
      "normalization": "safe-max",
      "scale": 0.27522935779816515,
      "source_union_bbox": [
        121,
        106,
        647,
        740
      ],
      "target_union_size": [
        145,
        174
      ],
      "target_union_offset": [
        23,
        28
      ],
      "output_bboxes": [
        [
          24,
          29,
          158,
          202
        ],
        [
          23,
          28,
          157,
          202
        ],
        [
          25,
          29,
          160,
          202
        ],
        [
          31,
          28,
          166,
          202
        ],
        [
          23,
          30,
          168,
          202
        ],
        [
          27,
          28,
          163,
          202
        ]
      ]
    },
    "review": {
      "animation": "Relax",
      "normalization": "safe-max",
      "scale": 0.27522935779816515,
      "source_union_bbox": [
        128,
        98,
        629,
        740
      ],
      "target_union_size": [
        138,
        177
      ],
      "target_union_offset": [
        27,
        25
      ],