{
  "ok": true,
  "normalization": "safe-max",
  "margin": 6,
  "safe_max": {
    "scale": 0.27607361963190186,
    "max_state_union_width": 652,
    "max_state_union_height": 579,
    "available_width": 180,
    "available_height": 196,
    "source_canvas": [
      768,
      832
    ],
    "registration": "pet-wide scale with per-state union registration"
  },
  "states": {
    "idle": {
      "animation": "Relax",
      "normalization": "safe-max",
      "scale": 0.27607361963190186,
      "source_union_bbox": [
        139,
        58,
        688,
        622
      ],
      "target_union_size": [
        152,
        156
      ],
      "target_union_offset": [
        20,
        46
      ],
      "output_bboxes": [
        [
          20,
          46,
          172,
          202
        ],
        [
          20,
          46,
          172,
          202
        ],
        [
          20,
          46,
          172,
          202
        ],
        [
          20,
          46,
          172,
          202
        ],
        [
          20,
          47,
          172,
          202
        ],
        [
          20,
          46,
          172,
          202
        ]
      ],
      "counter_mirror_regions": []
    },
    "running-right": {
      "animation": "Move",
      "normalization": "safe-max",
      "scale": 0.27607361963190186,
      "source_union_bbox": [
        142,
        50,
        688,
        621
      ],
      "target_union_size": [
        151,
        158
      ],
      "target_union_offset": [
        20,
        44
      ],
      "output_bboxes": [
        [
          20,
          44,
          171,
          202
        ],
        [
          21,
          44,
          171,
          202
        ],
        [
          20,
          44,
          171,
          202
        ],
        [
          20,
          44,
          171,
          202
        ],
        [
          21,
          44,
          171,
          202
        ],
        [
          20,
          44,
          171,
          202
        ],
        [
          20,
          44,
          171,
          202
        ],
        [
          21,
          44,
          171,
          202
        ]
      ],
      "counter_mirror_regions": []
    },
    "running-left": {
      "animation": "Move",
      "normalization": "safe-max",
      "scale": 0.27607361963190186,
      "source_union_bbox": [
        80,
        50,
        626,
        621
      ],
      "target_union_size": [
        151,
        158
      ],
      "target_union_offset": [
        20,
        44
      ],
      "output_bboxes": [
        [
          20,
          44,
          171,
          202
        ],
        [
          20,
          44,
          170,
          202
        ],
        [
          20,
          44,
          171,
          202
        ],
        [
          20,
          44,
          171,
          202
        ],
        [
          20,
          44,
          170,
          202
        ],
        [
          20,
          44,
          171,
          202
        ],
        [
          20,
          44,
          171,
          202
        ],
        [
          20,
          44,
          170,
          202
        ]
      ],
      "counter_mirror_regions": []
    },
    "waving": {
      "animation": "Interact",
      "normalization": "safe-max",
      "scale": 0.27607361963190186,
      "source_union_bbox": [
        139,
        53,
        688,
        622
      ],
      "target_union_size": [
        152,
        157
      ],
      "target_union_offset": [
        20,
        45
      ],
      "output_bboxes": [
        [
          20,
          45,
          172,
          202
        ],
        [
          21,
          45,
          172,
          202
        ],
        [
          22,
          46,
          172,
          202
        ],
        [
          22,
          45,
          172,
          202
        ]
      ],
      "counter_mirror_regions": []
    },
    "jumping": {
      "animation": "Relax",
      "normalization": "safe-max",
      "scale": 0.27607361963190186,
      "source_union_bbox": [
        139,
        43,
        688,
        622
      ],
      "target_union_size": [
        152,
        160
      ],
      "target_union_offset": [
        20,
        42
      ],
      "output_bboxes": [
        [
          20,
          44,
          172,
          202
        ],
        [
          20,
          43,
          172,
          202
        ],
        [
          20,
          42,
          172,
          200
        ],
        [
          20,
          42,
          172,
          202
        ],
        [
          20,
          45,
          172,
          202
        ]
      ],
      "counter_mirror_regions": []
    },
    "failed": {
      "animation": "Sleep",
      "normalization": "safe-max",
      "scale": 0.27607361963190186,
      "source_union_bbox": [
        55,
        396,
        707,
        662
      ],
      "target_union_size": [
        180,
        73
      ],
      "target_union_offset": [
        6,
        129
      ],
      "output_bboxes": [
        [
          6,
          129,
          186,
          202
        ],
        [
          6,
          129,
          186,
          202
        ],
        [
          6,
          129,
          186,
          202
        ],
        [
          6,
          129,
          186,
          202
        ],
        [
          6,
          129,
          186,
          202
        ],
        [
          6,
          129,
          186,
          202
        ],
        [
          6,
          129,
          186,
          202
        ],
        [
          6,
          129,
          186,
          202
        ]
      ],
      "counter_mirror_regions": []
    },
    "waiting": {
      "animation": "Sit",
      "normalization": "safe-max",
      "scale": 0.27607361963190186,
      "source_union_bbox": [
        159,
        227,
        713,
        782
      ],
      "target_union_size": [
        153,
        153
      ],
      "target_union_offset": [
        19,
        49
      ],
      "output_bboxes": [
        [
          19,
          49,
          172,
          202
        ],
        [
          19,
          49,
          172,
          202
        ],
        [
          19,
          49,
          172,
          202
        ],
        [
          19,
          49,
          172,
          202
        ],
        [
          19,
          49,
          172,
          202
        ],
        [
          19,
          49,
          172,
          202
        ]
      ],
      "counter_mirror_regions": []
    },
    "running": {
      "animation": "Interact",
      "normalization": "safe-max",
      "scale": 0.27607361963190186,
      "source_union_bbox": [
        139,
        53,
        689,
        622
      ],
      "target_union_size": [
        152,
        157
      ],
      "target_union_offset": [
        20,
        45
      ],
      "output_bboxes": [
        [
          20,
          45,
          172,
          202
        ],
        [
          21,
          45,
          172,
          202
        ],
        [
          20,
          46,
          172,
          202
        ],
        [
          22,
          46,
          172,
          202
        ],
        [
          22,
          46,
          172,
          202
        ],
        [
          22,
          45,
          172,
          202
        ]
      ],
      "counter_mirror_regions": []
    },
    "review": {
      "animation": "Relax",
      "normalization": "safe-max",
      "scale": 0.27607361963190186,
      "source_union_bbox": [
        139,
        58,
        688,
        622
      ],
      "target_union_size": [
        152,
        156
      ],
      "target_union_offset": [
        20,
        46
      ],