{
  "ok": true,
  "normalization": "safe-max",
  "margin": 6,
  "safe_max": {
    "scale": 0.29508196721311475,
    "max_state_union_width": 610,
    "max_state_union_height": 603,
    "available_width": 180,
    "available_height": 196,
    "source_canvas": [
      768,
      832
    ],
    "registration": "pet-wide scale with per-state union registration"
  },
  "states": {
    "idle": {
      "animation": "Relax",
      "normalization": "safe-max",
      "scale": 0.29508196721311475,
      "source_union_bbox": [
        234,
        51,
        592,
        642
      ],
      "target_union_size": [
        106,
        174
      ],
      "target_union_offset": [
        43,
        28
      ],
      "output_bboxes": [
        [
          43,
          28,
          149,
          202
        ],
        [
          43,
          28,
          149,
          202
        ],
        [
          44,
          28,
          147,
          202
        ],
        [
          44,
          28,
          144,
          202
        ],
        [
          44,
          28,
          143,
          202
        ],
        [
          44,
          28,
          148,
          202
        ]
      ]
    },
    "running-right": {
      "animation": "Move",
      "normalization": "safe-max",
      "scale": 0.29508196721311475,
      "source_union_bbox": [
        197,
        50,
        599,
        647
      ],
      "target_union_size": [
        119,
        176
      ],
      "target_union_offset": [
        36,
        26
      ],
      "output_bboxes": [
        [
          51,
          26,
          155,
          202
        ],
        [
          47,
          26,
          153,
          202
        ],
        [
          48,
          26,
          155,
          202
        ],
        [
          49,
          26,
          155,
          202
        ],
        [
          42,
          26,
          152,
          202
        ],
        [
          36,
          26,
          153,
          202
        ],
        [
          36,
          26,
          155,
          202
        ],
        [
          43,
          26,
          155,
          202
        ]
      ]
    },
    "running-left": {
      "animation": "Move",
      "normalization": "safe-max",
      "scale": 0.29508196721311475,
      "source_union_bbox": [
        169,
        50,
        571,
        647
      ],
      "target_union_size": [
        119,
        176
      ],
      "target_union_offset": [
        36,
        26
      ],
      "output_bboxes": [
        [
          36,
          26,
          140,
          202
        ],
        [
          38,
          26,
          144,
          202
        ],
        [
          36,
          26,
          143,
          202
        ],
        [
          36,
          26,
          142,
          202
        ],
        [
          39,
          26,
          149,
          202
        ],
        [
          38,
          26,
          155,
          202
        ],
        [
          36,
          26,
          155,
          202
        ],
        [
          36,
          26,
          148,
          202
        ]
      ]
    },
    "waving": {
      "animation": "Interact",
      "normalization": "safe-max",
      "scale": 0.29508196721311475,
      "source_union_bbox": [
        210,
        50,
        641,
        642
      ],
      "target_union_size": [
        127,
        175
      ],
      "target_union_offset": [
        32,
        27
      ],
      "output_bboxes": [
        [
          37,
          27,
          147,
          202
        ],
        [
          38,
          27,
          157,
          202
        ],
        [
          34,
          27,
          159,
          202
        ],
        [
          32,
          27,
          159,
          202
        ]
      ]
    },
    "jumping": {
      "animation": "Relax",
      "normalization": "safe-max",
      "scale": 0.29508196721311475,
      "source_union_bbox": [
        234,
        39,
        592,
        642
      ],
      "target_union_size": [
        106,
        178
      ],
      "target_union_offset": [
        43,
        24
      ],
      "output_bboxes": [
        [
          43,
          25,
          149,
          202
        ],
        [
          43,
          24,
          149,
          202
        ],
        [
          44,
          24,
          144,
          200
        ],
        [
          44,
          25,
          143,
          202
        ],
        [
          44,
          26,
          148,
          202
        ]
      ]
    },
    "failed": {
      "animation": "Sleep",
      "normalization": "safe-max",
      "scale": 0.29508196721311475,
      "source_union_bbox": [
        76,
        391,
        686,
        678
      ],
      "target_union_size": [
        180,
        85
      ],
      "target_union_offset": [
        6,
        117
      ],
      "output_bboxes": [
        [
          6,
          117,
          186,
          201
        ],
        [
          6,
          117,
          186,
          201
        ],
        [
          6,
          117,
          186,
          202
        ],
        [
          6,
          117,
          186,
          202
        ],
        [
          6,
          117,
          186,
          202
        ],
        [
          6,
          117,
          186,
          202
        ],
        [
          6,
          117,
          186,
          202
        ],
        [
          6,
          117,
          186,
          201
        ]
      ]
    },
    "waiting": {
      "animation": "Sit",
      "normalization": "safe-max",
      "scale": 0.29508196721311475,
      "source_union_bbox": [
        181,
        233,
        693,
        782
      ],
      "target_union_size": [
        151,
        162
      ],
      "target_union_offset": [
        20,
        40
      ],
      "output_bboxes": [
        [
          20,
          40,
          171,
          202
        ],
        [
          20,
          40,
          171,
          202
        ],
        [
          20,
          40,
          171,
          202
        ],
        [
          20,
          40,
          170,
          202
        ],
        [
          20,
          40,
          170,
          202
        ],
        [
          20,
          40,
          171,
          202
        ]
      ]
    },
    "running": {
      "animation": "Interact",
      "normalization": "safe-max",
      "scale": 0.29508196721311475,
      "source_union_bbox": [
        190,
        50,
        658,
        642
      ],
      "target_union_size": [
        138,
        175
      ],
      "target_union_offset": [
        27,
        27
      ],
      "output_bboxes": [
        [
          37,
          27,
          148,
          202
        ],
        [
          43,
          27,
          161,
          202
        ],
        [
          39,
          27,
          158,
          202
        ],
        [
          27,
          27,
          165,
          202
        ],
        [
          35,
          27,
          160,
          202
        ],
        [
          31,
          27,
          162,
          202
        ]
      ]
    },
    "review": {
      "animation": "Relax",
      "normalization": "safe-max",
      "scale": 0.29508196721311475,
      "source_union_bbox": [
        234,
        51,
        592,
        642
      ],
      "target_union_size": [
        106,
        174
      ],
      "target_union_offset": [
        43,
        28
      ],