{
  "ok": true,
  "normalization": "safe-max",
  "margin": 6,
  "safe_max": {
    "scale": 0.3157894736842105,
    "max_state_union_width": 570,
    "max_state_union_height": 603,
    "available_width": 180,
    "available_height": 196,
    "source_canvas": [
      768,
      832
    ],
    "registration": "pet-wide scale with per-state union registration"
  },
  "states": {
    "idle": {
      "animation": "Relax",
      "normalization": "safe-max",
      "scale": 0.3157894736842105,
      "source_union_bbox": [
        281,
        56,
        584,
        645
      ],
      "target_union_size": [
        96,
        186
      ],
      "target_union_offset": [
        48,
        16
      ],
      "output_bboxes": [
        [
          48,
          16,
          144,
          202
        ],
        [
          48,
          16,
          144,
          202
        ],
        [
          48,
          16,
          144,
          202
        ],
        [
          48,
          16,
          144,
          202
        ],
        [
          48,
          16,
          144,
          202
        ],
        [
          48,
          16,
          144,
          202
        ]
      ]
    },
    "running-right": {
      "animation": "Move",
      "normalization": "safe-max",
      "scale": 0.3157894736842105,
      "source_union_bbox": [
        302,
        50,
        611,
        646
      ],
      "target_union_size": [
        98,
        188
      ],
      "target_union_offset": [
        47,
        14
      ],
      "output_bboxes": [
        [
          47,
          14,
          141,
          202
        ],
        [
          47,
          14,
          142,
          202
        ],
        [
          47,
          14,
          141,
          202
        ],
        [
          47,
          14,
          140,
          202
        ],
        [
          47,
          14,
          141,
          202
        ],
        [
          47,
          14,
          142,
          202
        ],
        [
          47,
          14,
          145,
          202
        ],
        [
          47,
          14,
          140,
          202
        ]
      ]
    },
    "running-left": {
      "animation": "Move",
      "normalization": "safe-max",
      "scale": 0.3157894736842105,
      "source_union_bbox": [
        157,
        50,
        466,
        646
      ],
      "target_union_size": [
        98,
        188
      ],
      "target_union_offset": [
        47,
        14
      ],
      "output_bboxes": [
        [
          51,
          14,
          145,
          202
        ],
        [
          50,
          14,
          145,
          202
        ],
        [
          51,
          14,
          145,
          202
        ],
        [
          52,
          14,
          145,
          202
        ],
        [
          51,
          14,
          145,
          202
        ],
        [
          50,
          14,
          145,
          202
        ],
        [
          47,
          14,
          145,
          202
        ],
        [
          52,
          14,
          145,
          202
        ]
      ]
    },
    "waving": {
      "animation": "Interact",
      "normalization": "safe-max",
      "scale": 0.3157894736842105,
      "source_union_bbox": [
        177,
        56,
        582,
        649
      ],
      "target_union_size": [
        128,
        187
      ],
      "target_union_offset": [
        32,
        15
      ],
      "output_bboxes": [
        [
          64,
          15,
          160,
          201
        ],
        [
          37,
          25,
          154,
          201
        ],
        [
          32,
          28,
          154,
          201
        ],
        [
          53,
          16,
          154,
          202
        ]
      ]
    },
    "jumping": {
      "animation": "Relax",
      "normalization": "safe-max",
      "scale": 0.3157894736842105,
      "source_union_bbox": [
        282,
        42,
        584,
        645
      ],
      "target_union_size": [
        95,
        190
      ],
      "target_union_offset": [
        48,
        12
      ],
      "output_bboxes": [
        [
          48,
          14,
          143,
          202
        ],
        [
          48,
          12,
          143,
          202
        ],
        [
          48,
          12,
          143,
          199
        ],
        [
          48,
          13,
          142,
          202
        ],
        [
          48,
          15,
          143,
          202
        ]
      ]
    },
    "failed": {
      "animation": "Sleep",
      "normalization": "safe-max",
      "scale": 0.3157894736842105,
      "source_union_bbox": [
        99,
        390,
        669,
        678
      ],
      "target_union_size": [
        180,
        91
      ],
      "target_union_offset": [
        6,
        111
      ],
      "output_bboxes": [
        [
          6,
          112,
          186,
          202
        ],
        [
          6,
          111,
          186,
          202
        ],
        [
          6,
          111,
          186,
          202
        ],
        [
          6,
          111,
          186,
          202
        ],
        [
          6,
          111,
          186,
          202
        ],
        [
          6,
          111,
          186,
          202
        ],
        [
          6,
          111,
          186,
          202
        ],
        [
          6,
          111,
          186,
          202
        ]
      ]
    },
    "waiting": {
      "animation": "Sit",
      "normalization": "safe-max",
      "scale": 0.3157894736842105,
      "source_union_bbox": [
        242,
        216,
        641,
        783
      ],
      "target_union_size": [
        126,
        179
      ],
      "target_union_offset": [
        33,
        23
      ],
      "output_bboxes": [
        [
          33,
          23,
          143,
          202
        ],
        [
          33,
          23,
          153,
          202
        ],
        [
          33,
          23,
          159,
          202
        ],
        [
          33,
          23,
          143,
          202
        ],
        [
          33,
          23,
          159,
          202
        ],
        [
          33,
          23,
          154,
          202
        ]
      ]
    },
    "running": {
      "animation": "Interact",
      "normalization": "safe-max",
      "scale": 0.3157894736842105,
      "source_union_bbox": [
        177,
        56,
        582,
        649
      ],
      "target_union_size": [
        128,
        187
      ],
      "target_union_offset": [
        32,
        15
      ],
      "output_bboxes": [
        [
          64,
          15,
          160,
          201
        ],
        [
          52,
          23,
          154,
          201
        ],
        [
          37,
          25,
          154,
          201
        ],
        [
          32,
          27,
          154,
          201
        ],
        [
          32,
          28,
          154,
          201
        ],
        [
          53,
          16,
          154,
          202
        ]
      ]
    },
    "review": {
      "animation": "Relax",
      "normalization": "safe-max",
      "scale": 0.3157894736842105,
      "source_union_bbox": [
        281,
        56,
        584,
        645
      ],
      "target_union_size": [
        96,
        186
      ],
      "target_union_offset": [
        48,
        16
      ],