{
  "ok": true,
  "normalization": "safe-max",
  "margin": 6,
  "safe_max": {
    "scale": 0.30456852791878175,
    "max_state_union_width": 591,
    "max_state_union_height": 578,
    "available_width": 180,
    "available_height": 196,
    "source_canvas": [
      768,
      832
    ],
    "registration": "pet-wide scale with per-state union registration"
  },
  "states": {
    "idle": {
      "animation": "Relax",
      "normalization": "safe-max",
      "scale": 0.30456852791878175,
      "source_union_bbox": [
        190,
        58,
        572,
        628
      ],
      "target_union_size": [
        116,
        174
      ],
      "target_union_offset": [
        38,
        28
      ],
      "output_bboxes": [
        [
          38,
          28,
          154,
          202
        ],
        [
          38,
          28,
          154,
          202
        ],
        [
          43,
          28,
          154,
          202
        ],
        [
          40,
          29,
          153,
          202
        ],
        [
          38,
          28,
          154,
          202
        ],
        [
          40,
          29,
          153,
          202
        ]
      ]
    },
    "running-right": {
      "animation": "Move",
      "normalization": "safe-max",
      "scale": 0.30456852791878175,
      "source_union_bbox": [
        193,
        50,
        593,
        627
      ],
      "target_union_size": [
        122,
        176
      ],
      "target_union_offset": [
        35,
        26
      ],
      "output_bboxes": [
        [
          35,
          28,
          156,
          202
        ],
        [
          36,
          26,
          157,
          202
        ],
        [
          35,
          27,
          156,
          202
        ],
        [
          36,
          26,
          157,
          202
        ],
        [
          35,
          28,
          156,
          202
        ],
        [
          36,
          26,
          157,
          202
        ],
        [
          35,
          27,
          156,
          202
        ],
        [
          36,
          26,
          157,
          202
        ]
      ]
    },
    "running-left": {
      "animation": "Move",
      "normalization": "safe-max",
      "scale": 0.30456852791878175,
      "source_union_bbox": [
        175,
        50,
        575,
        627
      ],
      "target_union_size": [
        122,
        176
      ],
      "target_union_offset": [
        35,
        26
      ],
      "output_bboxes": [
        [
          36,
          28,
          157,
          202
        ],
        [
          35,
          26,
          156,
          202
        ],
        [
          36,
          27,
          157,
          202
        ],
        [
          35,
          26,
          156,
          202
        ],
        [
          36,
          28,
          157,
          202
        ],
        [
          35,
          26,
          156,
          202
        ],
        [
          36,
          27,
          157,
          202
        ],
        [
          35,
          26,
          156,
          202
        ]
      ]
    },
    "waving": {
      "animation": "Interact",
      "normalization": "safe-max",
      "scale": 0.30456852791878175,
      "source_union_bbox": [
        190,
        62,
        658,
        636
      ],
      "target_union_size": [
        143,
        175
      ],
      "target_union_offset": [
        24,
        27
      ],
      "output_bboxes": [
        [
          24,
          27,
          143,
          202
        ],
        [
          36,
          27,
          141,
          202
        ],
        [
          27,
          27,
          150,
          202
        ],
        [
          34,
          33,
          167,
          202
        ]
      ]
    },
    "jumping": {
      "animation": "Relax",
      "normalization": "safe-max",
      "scale": 0.30456852791878175,
      "source_union_bbox": [
        190,
        50,
        572,
        628
      ],
      "target_union_size": [
        116,
        176
      ],
      "target_union_offset": [
        38,
        26
      ],
      "output_bboxes": [
        [
          38,
          28,
          154,
          202
        ],
        [
          38,
          26,
          154,
          202
        ],
        [
          40,
          26,
          153,
          200
        ],
        [
          38,
          26,
          154,
          202
        ],
        [
          40,
          29,
          153,
          202
        ]
      ]
    },
    "failed": {
      "animation": "Sleep",
      "normalization": "safe-max",
      "scale": 0.30456852791878175,
      "source_union_bbox": [
        88,
        433,
        679,
        667
      ],
      "target_union_size": [
        180,
        71
      ],
      "target_union_offset": [
        6,
        131
      ],
      "output_bboxes": [
        [
          6,
          131,
          186,
          202
        ],
        [
          6,
          131,
          186,
          202
        ],
        [
          6,
          131,
          186,
          202
        ],
        [
          6,
          131,
          186,
          202
        ],
        [
          7,
          131,
          186,
          202
        ],
        [
          8,
          131,
          186,
          202
        ],
        [
          9,
          131,
          186,
          202
        ],
        [
          8,
          131,
          186,
          202
        ]
      ]
    },
    "waiting": {
      "animation": "Sit",
      "normalization": "safe-max",
      "scale": 0.30456852791878175,
      "source_union_bbox": [
        193,
        228,
        598,
        782
      ],
      "target_union_size": [
        123,
        169
      ],
      "target_union_offset": [
        34,
        33
      ],
      "output_bboxes": [
        [
          34,
          33,
          157,
          202
        ],
        [
          34,
          33,
          157,
          202
        ],
        [
          34,
          33,
          157,
          202
        ],
        [
          34,
          33,
          157,
          202
        ],
        [
          34,
          33,
          157,
          202
        ],
        [
          34,
          33,
          157,
          202
        ]
      ]
    },
    "running": {
      "animation": "Interact",
      "normalization": "safe-max",
      "scale": 0.30456852791878175,
      "source_union_bbox": [
        190,
        61,
        658,
        636
      ],
      "target_union_size": [
        143,
        175
      ],
      "target_union_offset": [
        24,
        27
      ],
      "output_bboxes": [
        [
          24,
          27,
          143,
          202
        ],
        [
          33,
          27,
          143,
          202
        ],
        [
          36,
          27,
          141,
          202
        ],
        [
          27,
          27,
          147,
          202
        ],
        [
          27,
          27,
          150,
          202
        ],
        [
          34,
          33,
          167,
          202
        ]
      ]
    },
    "review": {
      "animation": "Relax",
      "normalization": "safe-max",
      "scale": 0.30456852791878175,
      "source_union_bbox": [
        190,
        58,
        572,
        628
      ],
      "target_union_size": [
        116,
        174
      ],
      "target_union_offset": [
        38,
        28
      ],