{
  "ok": true,
  "normalization": "safe-max",
  "margin": 6,
  "safe_max": {
    "scale": 0.31802120141342755,
    "max_state_union_width": 566,
    "max_state_union_height": 587,
    "available_width": 180,
    "available_height": 196,
    "source_canvas": [
      768,
      832
    ],
    "registration": "pet-wide scale with per-state union registration"
  },
  "states": {
    "idle": {
      "animation": "Relax",
      "normalization": "safe-max",
      "scale": 0.31802120141342755,
      "source_union_bbox": [
        269,
        58,
        581,
        636
      ],
      "target_union_size": [
        99,
        184
      ],
      "target_union_offset": [
        46,
        18
      ],
      "output_bboxes": [
        [
          47,
          19,
          145,
          202
        ],
        [
          46,
          18,
          145,
          202
        ],
        [
          47,
          18,
          145,
          202
        ],
        [
          46,
          19,
          141,
          202
        ],
        [
          46,
          18,
          145,
          202
        ],
        [
          46,
          18,
          145,
          202
        ]
      ]
    },
    "running-right": {
      "animation": "Move",
      "normalization": "safe-max",
      "scale": 0.31802120141342755,
      "source_union_bbox": [
        285,
        54,
        610,
        640
      ],
      "target_union_size": [
        103,
        186
      ],
      "target_union_offset": [
        44,
        16
      ],
      "output_bboxes": [
        [
          47,
          19,
          139,
          202
        ],
        [
          46,
          16,
          141,
          202
        ],
        [
          44,
          16,
          141,
          201
        ],
        [
          48,
          16,
          140,
          202
        ],
        [
          44,
          16,
          147,
          202
        ],
        [
          45,
          17,
          139,
          202
        ],
        [
          47,
          16,
          140,
          202
        ],
        [
          44,
          16,
          141,
          202
        ]
      ]
    },
    "running-left": {
      "animation": "Move",
      "normalization": "safe-max",
      "scale": 0.31802120141342755,
      "source_union_bbox": [
        158,
        54,
        483,
        640
      ],
      "target_union_size": [
        103,
        186
      ],
      "target_union_offset": [
        44,
        16
      ],
      "output_bboxes": [
        [
          52,
          19,
          144,
          202
        ],
        [
          50,
          16,
          145,
          202
        ],
        [
          50,
          16,
          147,
          201
        ],
        [
          51,
          16,
          143,
          202
        ],
        [
          44,
          16,
          147,
          202
        ],
        [
          52,
          17,
          146,
          202
        ],
        [
          51,
          16,
          144,
          202
        ],
        [
          50,
          16,
          147,
          202
        ]
      ]
    },
    "waving": {
      "animation": "Interact",
      "normalization": "safe-max",
      "scale": 0.31802120141342755,
      "source_union_bbox": [
        275,
        50,
        584,
        637
      ],
      "target_union_size": [
        98,
        187
      ],
      "target_union_offset": [
        47,
        15
      ],
      "output_bboxes": [
        [
          51,
          24,
          145,
          202
        ],
        [
          47,
          16,
          141,
          202
        ],
        [
          47,
          15,
          139,
          202
        ],
        [
          47,
          16,
          141,
          202
        ]
      ]
    },
    "jumping": {
      "animation": "Relax",
      "normalization": "safe-max",
      "scale": 0.31802120141342755,
      "source_union_bbox": [
        269,
        53,
        581,
        636
      ],
      "target_union_size": [
        99,
        185
      ],
      "target_union_offset": [
        46,
        17
      ],
      "output_bboxes": [
        [
          47,
          19,
          145,
          202
        ],
        [
          46,
          17,
          145,
          202
        ],
        [
          46,
          17,
          141,
          199
        ],
        [
          48,
          17,
          145,
          202
        ],
        [
          46,
          17,
          145,
          202
        ]
      ]
    },
    "failed": {
      "animation": "Sleep",
      "normalization": "safe-max",
      "scale": 0.31802120141342755,
      "source_union_bbox": [
        101,
        430,
        667,
        659
      ],
      "target_union_size": [
        180,
        73
      ],
      "target_union_offset": [
        6,
        129
      ],
      "output_bboxes": [
        [
          6,
          129,
          186,
          202
        ],
        [
          6,
          129,
          186,
          202
        ],
        [
          6,
          129,
          186,
          202
        ],
        [
          6,
          129,
          186,
          202
        ],
        [
          6,
          129,
          186,
          202
        ],
        [
          6,
          129,
          186,
          202
        ],
        [
          6,
          129,
          186,
          202
        ],
        [
          6,
          129,
          186,
          202
        ]
      ]
    },
    "waiting": {
      "animation": "Sit",
      "normalization": "safe-max",
      "scale": 0.31802120141342755,
      "source_union_bbox": [
        273,
        221,
        581,
        782
      ],
      "target_union_size": [
        98,
        178
      ],
      "target_union_offset": [
        47,
        24
      ],
      "output_bboxes": [
        [
          47,
          25,
          144,
          202
        ],
        [
          47,
          25,
          143,
          202
        ],
        [
          47,
          24,
          145,
          202
        ],
        [
          47,
          24,
          145,
          202
        ],
        [
          47,
          24,
          145,
          202
        ],
        [
          47,
          24,
          145,
          202
        ]
      ]
    },
    "running": {
      "animation": "Interact",
      "normalization": "safe-max",
      "scale": 0.31802120141342755,
      "source_union_bbox": [
        269,
        50,
        569,
        637
      ],
      "target_union_size": [
        95,
        187
      ],
      "target_union_offset": [
        48,
        15
      ],
      "output_bboxes": [
        [
          48,
          16,
          143,
          202
        ],
        [
          48,
          15,
          142,
          202
        ],
        [
          51,
          15,
          143,
          202
        ],
        [
          48,
          15,
          143,
          202
        ],
        [
          51,
          15,
          143,
          202
        ],
        [
          48,
          15,
          142,
          202
        ]
      ]
    },
    "review": {
      "animation": "Interact",
      "normalization": "safe-max",
      "scale": 0.31802120141342755,
      "source_union_bbox": [
        277,
        58,
        584,
        638
      ],
      "target_union_size": [
        98,
        184
      ],
      "target_union_offset": [
        47,
        18
      ],