{
  "ok": true,
  "normalization": "safe-max",
  "margin": 6,
  "safe_max": {
    "scale": 0.29508196721311475,
    "max_state_union_width": 610,
    "max_state_union_height": 558,
    "available_width": 180,
    "available_height": 196,
    "source_canvas": [
      768,
      832
    ],
    "registration": "pet-wide scale with per-state union registration"
  },
  "states": {
    "idle": {
      "animation": "Relax",
      "normalization": "safe-max",
      "scale": 0.29508196721311475,
      "source_union_bbox": [
        265,
        54,
        554,
        599
      ],
      "target_union_size": [
        85,
        161
      ],
      "target_union_offset": [
        53,
        41
      ],
      "output_bboxes": [
        [
          53,
          41,
          138,
          202
        ],
        [
          53,
          41,
          138,
          202
        ],
        [
          53,
          41,
          138,
          202
        ],
        [
          53,
          41,
          138,
          202
        ],
        [
          53,
          41,
          138,
          202
        ],
        [
          53,
          41,
          138,
          202
        ]
      ]
    },
    "running-right": {
      "animation": "Move",
      "normalization": "safe-max",
      "scale": 0.29508196721311475,
      "source_union_bbox": [
        233,
        50,
        588,
        599
      ],
      "target_union_size": [
        105,
        162
      ],
      "target_union_offset": [
        43,
        40
      ],
      "output_bboxes": [
        [
          43,
          40,
          148,
          202
        ],
        [
          43,
          40,
          141,
          202
        ],
        [
          50,
          40,
          141,
          202
        ],
        [
          48,
          40,
          140,
          202
        ],
        [
          43,
          40,
          148,
          202
        ],
        [
          43,
          40,
          141,
          202
        ],
        [
          51,
          40,
          141,
          202
        ],
        [
          51,
          40,
          140,
          202
        ]
      ]
    },
    "running-left": {
      "animation": "Move",
      "normalization": "safe-max",
      "scale": 0.29508196721311475,
      "source_union_bbox": [
        180,
        50,
        535,
        599
      ],
      "target_union_size": [
        105,
        162
      ],
      "target_union_offset": [
        43,
        40
      ],
      "output_bboxes": [
        [
          43,
          40,
          148,
          202
        ],
        [
          50,
          40,
          148,
          202
        ],
        [
          50,
          40,
          141,
          202
        ],
        [
          51,
          40,
          143,
          202
        ],
        [
          43,
          40,
          148,
          202
        ],
        [
          50,
          40,
          148,
          202
        ],
        [
          50,
          40,
          140,
          202
        ],
        [
          51,
          40,
          140,
          202
        ]
      ]
    },
    "waving": {
      "animation": "Interact",
      "normalization": "safe-max",
      "scale": 0.29508196721311475,
      "source_union_bbox": [
        182,
        52,
        576,
        602
      ],
      "target_union_size": [
        116,
        162
      ],
      "target_union_offset": [
        38,
        40
      ],
      "output_bboxes": [
        [
          61,
          40,
          149,
          202
        ],
        [
          38,
          40,
          133,
          202
        ],
        [
          55,
          40,
          150,
          202
        ],
        [
          58,
          40,
          154,
          202
        ]
      ]
    },
    "jumping": {
      "animation": "Relax",
      "normalization": "safe-max",
      "scale": 0.29508196721311475,
      "source_union_bbox": [
        265,
        41,
        554,
        599
      ],
      "target_union_size": [
        85,
        165
      ],
      "target_union_offset": [
        53,
        37
      ],
      "output_bboxes": [
        [
          53,
          39,
          138,
          202
        ],
        [
          53,
          37,
          138,
          202
        ],
        [
          53,
          37,
          138,
          200
        ],
        [
          53,
          37,
          138,
          202
        ],
        [
          53,
          39,
          138,
          202
        ]
      ]
    },
    "failed": {
      "animation": "Sleep",
      "normalization": "safe-max",
      "scale": 0.29508196721311475,
      "source_union_bbox": [
        79,
        284,
        689,
        612
      ],
      "target_union_size": [
        180,
        97
      ],
      "target_union_offset": [
        6,
        105
      ],
      "output_bboxes": [
        [
          6,
          105,
          186,
          202
        ],
        [
          6,
          105,
          186,
          202
        ],
        [
          6,
          105,
          186,
          202
        ],
        [
          6,
          105,
          186,
          202
        ],
        [
          6,
          105,
          186,
          202
        ],
        [
          6,
          105,
          186,
          202
        ],
        [
          6,
          105,
          186,
          202
        ],
        [
          6,
          105,
          186,
          202
        ]
      ]
    },
    "waiting": {
      "animation": "Sit",
      "normalization": "safe-max",
      "scale": 0.29508196721311475,
      "source_union_bbox": [
        286,
        267,
        642,
        782
      ],
      "target_union_size": [
        105,
        152
      ],
      "target_union_offset": [
        43,
        50
      ],
      "output_bboxes": [
        [
          43,
          50,
          148,
          202
        ],
        [
          43,
          50,
          148,
          202
        ],
        [
          43,
          50,
          148,
          202
        ],
        [
          43,
          50,
          148,
          202
        ],
        [
          43,
          50,
          148,
          202
        ],
        [
          43,
          50,
          148,
          202
        ]
      ]
    },
    "running": {
      "animation": "Interact",
      "normalization": "safe-max",
      "scale": 0.29508196721311475,
      "source_union_bbox": [
        182,
        52,
        576,
        602
      ],
      "target_union_size": [
        116,
        162
      ],
      "target_union_offset": [
        38,
        40
      ],
      "output_bboxes": [
        [
          61,
          40,
          149,
          202
        ],
        [
          41,
          40,
          151,
          202
        ],
        [
          38,
          40,
          133,
          202
        ],
        [
          42,
          40,
          133,
          202
        ],
        [
          55,
          40,
          150,
          202
        ],
        [
          58,
          40,
          154,
          202
        ]
      ]
    },
    "review": {
      "animation": "Relax",
      "normalization": "safe-max",
      "scale": 0.29508196721311475,
      "source_union_bbox": [
        265,
        54,
        554,
        599
      ],
      "target_union_size": [
        85,
        161
      ],
      "target_union_offset": [
        53,
        41
      ],