{
  "ok": true,
  "normalization": "safe-max",
  "margin": 6,
  "safe_max": {
    "scale": 0.37894736842105264,
    "max_state_union_width": 475,
    "max_state_union_height": 480,
    "available_width": 180,
    "available_height": 196,
    "source_canvas": [
      768,
      832
    ],
    "registration": "pet-wide scale with per-state union registration"
  },
  "states": {
    "idle": {
      "animation": "Relax",
      "normalization": "safe-max",
      "scale": 0.37894736842105264,
      "source_union_bbox": [
        309,
        186,
        555,
        651
      ],
      "target_union_size": [
        93,
        176
      ],
      "target_union_offset": [
        49,
        26
      ],
      "output_bboxes": [
        [
          49,
          26,
          139,
          202
        ],
        [
          52,
          26,
          142,
          202
        ],
        [
          49,
          26,
          142,
          202
        ],
        [
          49,
          26,
          140,
          202
        ],
        [
          50,
          26,
          142,
          202
        ],
        [
          49,
          26,
          141,
          202
        ]
      ]
    },
    "running-right": {
      "animation": "Move",
      "normalization": "safe-max",
      "scale": 0.37894736842105264,
      "source_union_bbox": [
        304,
        188,
        560,
        652
      ],
      "target_union_size": [
        97,
        176
      ],
      "target_union_offset": [
        47,
        26
      ],
      "output_bboxes": [
        [
          47,
          26,
          144,
          202
        ],
        [
          53,
          26,
          144,
          202
        ],
        [
          49,
          26,
          144,
          202
        ],
        [
          50,
          26,
          144,
          202
        ],
        [
          52,
          26,
          144,
          202
        ],
        [
          51,
          26,
          144,
          202
        ],
        [
          51,
          26,
          144,
          202
        ],
        [
          51,
          26,
          144,
          202
        ]
      ]
    },
    "running-left": {
      "animation": "Move",
      "normalization": "safe-max",
      "scale": 0.37894736842105264,
      "source_union_bbox": [
        208,
        188,
        464,
        652
      ],
      "target_union_size": [
        97,
        176
      ],
      "target_union_offset": [
        47,
        26
      ],
      "output_bboxes": [
        [
          47,
          26,
          144,
          202
        ],
        [
          47,
          26,
          138,
          202
        ],
        [
          47,
          26,
          142,
          202
        ],
        [
          47,
          26,
          141,
          202
        ],
        [
          47,
          26,
          139,
          202
        ],
        [
          47,
          26,
          140,
          202
        ],
        [
          47,
          26,
          140,
          202
        ],
        [
          47,
          26,
          140,
          202
        ]
      ]
    },
    "waving": {
      "animation": "Interact",
      "normalization": "safe-max",
      "scale": 0.37894736842105264,
      "source_union_bbox": [
        270,
        178,
        598,
        651
      ],
      "target_union_size": [
        124,
        179
      ],
      "target_union_offset": [
        34,
        23
      ],
      "output_bboxes": [
        [
          34,
          23,
          158,
          202
        ],
        [
          41,
          26,
          155,
          202
        ],
        [
          47,
          25,
          158,
          202
        ],
        [
          41,
          26,
          155,
          202
        ]
      ]
    },
    "jumping": {
      "animation": "Relax",
      "normalization": "safe-max",
      "scale": 0.37894736842105264,
      "source_union_bbox": [
        309,
        171,
        555,
        651
      ],
      "target_union_size": [
        93,
        182
      ],
      "target_union_offset": [
        49,
        20
      ],
      "output_bboxes": [
        [
          49,
          24,
          139,
          202
        ],
        [
          52,
          22,
          142,
          201
        ],
        [
          49,
          20,
          140,
          198
        ],
        [
          50,
          22,
          142,
          201
        ],
        [
          49,
          24,
          141,
          202
        ]
      ]
    },
    "failed": {
      "animation": "Sleep",
      "normalization": "safe-max",
      "scale": 0.37894736842105264,
      "source_union_bbox": [
        147,
        470,
        622,
        699
      ],
      "target_union_size": [
        180,
        87
      ],
      "target_union_offset": [
        6,
        115
      ],
      "output_bboxes": [
        [
          6,
          115,
          186,
          202
        ],
        [
          6,
          115,
          186,
          202
        ],
        [
          6,
          115,
          186,
          202
        ],
        [
          6,
          115,
          186,
          202
        ],
        [
          6,
          115,
          186,
          202
        ],
        [
          6,
          115,
          186,
          202
        ],
        [
          6,
          115,
          186,
          202
        ],
        [
          6,
          115,
          186,
          202
        ]
      ]
    },
    "waiting": {
      "animation": "Sit",
      "normalization": "safe-max",
      "scale": 0.37894736842105264,
      "source_union_bbox": [
        295,
        349,
        546,
        782
      ],
      "target_union_size": [
        95,
        164
      ],
      "target_union_offset": [
        48,
        38
      ],
      "output_bboxes": [
        [
          48,
          38,
          142,
          202
        ],
        [
          51,
          38,
          143,
          202
        ],
        [
          48,
          38,
          143,
          202
        ],
        [
          48,
          38,
          141,
          202
        ],
        [
          48,
          38,
          143,
          202
        ],
        [
          48,
          38,
          139,
          202
        ]
      ]
    },
    "running": {
      "animation": "Interact",
      "normalization": "safe-max",
      "scale": 0.37894736842105264,
      "source_union_bbox": [
        270,
        178,
        598,
        651
      ],
      "target_union_size": [
        124,
        179
      ],
      "target_union_offset": [
        34,
        23
      ],
      "output_bboxes": [
        [
          34,
          23,
          158,
          202
        ],
        [
          41,
          26,
          155,
          202
        ],
        [
          47,
          25,
          158,
          202
        ],
        [
          49,
          24,
          154,
          202
        ],
        [
          47,
          25,
          158,
          202
        ],
        [
          41,
          26,
          155,
          202
        ]
      ]
    },
    "review": {
      "animation": "Relax",
      "normalization": "safe-max",
      "scale": 0.37894736842105264,
      "source_union_bbox": [
        311,
        186,
        555,
        651
      ],
      "target_union_size": [
        92,
        176
      ],
      "target_union_offset": [
        50,
        26
      ],