{
  "ok": true,
  "normalization": "safe-max",
  "margin": 6,
  "safe_max": {
    "scale": 0.30874785591766724,
    "max_state_union_width": 583,
    "max_state_union_height": 560,
    "available_width": 180,
    "available_height": 196,
    "source_canvas": [
      768,
      832
    ],
    "registration": "pet-wide scale with per-state union registration"
  },
  "states": {
    "idle": {
      "animation": "Relax",
      "normalization": "safe-max",
      "scale": 0.30874785591766724,
      "source_union_bbox": [
        275,
        62,
        540,
        610
      ],
      "target_union_size": [
        82,
        169
      ],
      "target_union_offset": [
        55,
        33
      ],
      "output_bboxes": [
        [
          59,
          33,
          137,
          202
        ],
        [
          60,
          33,
          137,
          202
        ],
        [
          60,
          33,
          137,
          202
        ],
        [
          58,
          33,
          137,
          202
        ],
        [
          55,
          33,
          137,
          202
        ],
        [
          57,
          33,
          137,
          202
        ]
      ]
    },
    "running-right": {
      "animation": "Move",
      "normalization": "safe-max",
      "scale": 0.30874785591766724,
      "source_union_bbox": [
        289,
        59,
        552,
        610
      ],
      "target_union_size": [
        81,
        170
      ],
      "target_union_offset": [
        55,
        32
      ],
      "output_bboxes": [
        [
          57,
          32,
          136,
          202
        ],
        [
          56,
          32,
          136,
          202
        ],
        [
          55,
          32,
          136,
          202
        ],
        [
          55,
          32,
          136,
          202
        ],
        [
          55,
          32,
          136,
          202
        ],
        [
          57,
          32,
          136,
          202
        ],
        [
          59,
          32,
          136,
          202
        ],
        [
          59,
          32,
          136,
          202
        ]
      ]
    },
    "running-left": {
      "animation": "Move",
      "normalization": "safe-max",
      "scale": 0.30874785591766724,
      "source_union_bbox": [
        216,
        59,
        479,
        610
      ],
      "target_union_size": [
        81,
        170
      ],
      "target_union_offset": [
        55,
        32
      ],
      "output_bboxes": [
        [
          55,
          32,
          134,
          202
        ],
        [
          55,
          32,
          135,
          202
        ],
        [
          55,
          32,
          136,
          202
        ],
        [
          55,
          32,
          136,
          202
        ],
        [
          55,
          32,
          136,
          202
        ],
        [
          55,
          32,
          134,
          202
        ],
        [
          55,
          32,
          132,
          202
        ],
        [
          55,
          32,
          132,
          202
        ]
      ]
    },
    "waving": {
      "animation": "Interact",
      "normalization": "safe-max",
      "scale": 0.30874785591766724,
      "source_union_bbox": [
        260,
        52,
        545,
        610
      ],
      "target_union_size": [
        88,
        172
      ],
      "target_union_offset": [
        52,
        30
      ],
      "output_bboxes": [
        [
          61,
          32,
          140,
          202
        ],
        [
          64,
          31,
          139,
          202
        ],
        [
          52,
          30,
          140,
          202
        ],
        [
          56,
          30,
          140,
          202
        ]
      ]
    },
    "jumping": {
      "animation": "Relax",
      "normalization": "safe-max",
      "scale": 0.30874785591766724,
      "source_union_bbox": [
        271,
        50,
        540,
        610
      ],
      "target_union_size": [
        83,
        173
      ],
      "target_union_offset": [
        54,
        29
      ],
      "output_bboxes": [
        [
          59,
          31,
          137,
          202
        ],
        [
          61,
          29,
          137,
          202
        ],
        [
          58,
          29,
          137,
          199
        ],
        [
          54,
          29,
          137,
          202
        ],
        [
          57,
          30,
          137,
          202
        ]
      ]
    },
    "failed": {
      "animation": "Sleep",
      "normalization": "safe-max",
      "scale": 0.30874785591766724,
      "source_union_bbox": [
        93,
        418,
        676,
        643
      ],
      "target_union_size": [
        180,
        69
      ],
      "target_union_offset": [
        6,
        133
      ],
      "output_bboxes": [
        [
          6,
          133,
          186,
          202
        ],
        [
          6,
          133,
          186,
          202
        ],
        [
          6,
          133,
          186,
          202
        ],
        [
          6,
          134,
          186,
          202
        ],
        [
          6,
          134,
          186,
          202
        ],
        [
          6,
          133,
          186,
          202
        ],
        [
          6,
          133,
          186,
          202
        ],
        [
          6,
          133,
          186,
          202
        ]
      ]
    },
    "waiting": {
      "animation": "Sit",
      "normalization": "safe-max",
      "scale": 0.30874785591766724,
      "source_union_bbox": [
        253,
        234,
        555,
        782
      ],
      "target_union_size": [
        93,
        169
      ],
      "target_union_offset": [
        49,
        33
      ],
      "output_bboxes": [
        [
          49,
          33,
          140,
          202
        ],
        [
          50,
          33,
          140,
          202
        ],
        [
          49,
          33,
          140,
          202
        ],
        [
          49,
          33,
          140,
          202
        ],
        [
          49,
          33,
          142,
          202
        ],
        [
          50,
          33,
          140,
          202
        ]
      ]
    },
    "running": {
      "animation": "Interact",
      "normalization": "safe-max",
      "scale": 0.30874785591766724,
      "source_union_bbox": [
        260,
        52,
        545,
        610
      ],
      "target_union_size": [
        88,
        172
      ],
      "target_union_offset": [
        52,
        30
      ],
      "output_bboxes": [
        [
          61,
          32,
          140,
          202
        ],
        [
          58,
          30,
          140,
          202
        ],
        [
          64,
          31,
          139,
          202
        ],
        [
          56,
          30,
          139,
          202
        ],
        [
          52,
          30,
          140,
          202
        ],
        [
          56,
          30,
          140,
          202
        ]
      ]
    },
    "review": {
      "animation": "Relax",
      "normalization": "safe-max",
      "scale": 0.30874785591766724,
      "source_union_bbox": [
        271,
        60,
        540,
        610
      ],
      "target_union_size": [
        83,
        170
      ],
      "target_union_offset": [
        54,
        32
      ],