{
  "ok": true,
  "normalization": "safe-max",
  "margin": 6,
  "safe_max": {
    "scale": 0.3684210526315789,
    "max_state_union_width": 464,
    "max_state_union_height": 532,
    "available_width": 180,
    "available_height": 196,
    "source_canvas": [
      768,
      832
    ],
    "registration": "pet-wide scale with per-state union registration"
  },
  "states": {
    "idle": {
      "animation": "Relax",
      "normalization": "safe-max",
      "scale": 0.3684210526315789,
      "source_union_bbox": [
        91,
        102,
        431,
        603
      ],
      "target_union_size": [
        125,
        185
      ],
      "target_union_offset": [
        33,
        17
      ],
      "output_bboxes": [
        [
          33,
          17,
          158,
          202
        ],
        [
          33,
          17,
          158,
          202
        ],
        [
          33,
          17,
          158,
          202
        ],
        [
          33,
          17,
          158,
          202
        ],
        [
          33,
          17,
          158,
          202
        ],
        [
          33,
          17,
          158,
          202
        ]
      ]
    },
    "running-right": {
      "animation": "Move",
      "normalization": "safe-max",
      "scale": 0.3684210526315789,
      "source_union_bbox": [
        96,
        101,
        434,
        608
      ],
      "target_union_size": [
        125,
        187
      ],
      "target_union_offset": [
        33,
        15
      ],
      "output_bboxes": [
        [
          34,
          15,
          158,
          202
        ],
        [
          33,
          15,
          158,
          202
        ],
        [
          34,
          15,
          158,
          202
        ],
        [
          33,
          15,
          158,
          202
        ],
        [
          34,
          15,
          158,
          202
        ],
        [
          34,
          15,
          158,
          202
        ],
        [
          34,
          15,
          158,
          202
        ],
        [
          33,
          15,
          158,
          202
        ]
      ]
    },
    "running-left": {
      "animation": "Move",
      "normalization": "safe-max",
      "scale": 0.3684210526315789,
      "source_union_bbox": [
        334,
        101,
        672,
        608
      ],
      "target_union_size": [
        125,
        187
      ],
      "target_union_offset": [
        33,
        15
      ],
      "output_bboxes": [
        [
          33,
          15,
          157,
          202
        ],
        [
          33,
          15,
          158,
          202
        ],
        [
          33,
          15,
          157,
          202
        ],
        [
          33,
          15,
          158,
          202
        ],
        [
          33,
          15,
          157,
          202
        ],
        [
          33,
          15,
          157,
          202
        ],
        [
          33,
          15,
          157,
          202
        ],
        [
          33,
          15,
          158,
          202
        ]
      ]
    },
    "waving": {
      "animation": "Interact",
      "normalization": "safe-max",
      "scale": 0.3684210526315789,
      "source_union_bbox": [
        111,
        88,
        575,
        620
      ],
      "target_union_size": [
        171,
        196
      ],
      "target_union_offset": [
        10,
        6
      ],
      "output_bboxes": [
        [
          10,
          44,
          181,
          202
        ],
        [
          10,
          16,
          177,
          198
        ],
        [
          10,
          6,
          174,
          198
        ],
        [
          10,
          16,
          177,
          198
        ]
      ]
    },
    "jumping": {
      "animation": "Relax",
      "normalization": "safe-max",
      "scale": 0.3684210526315789,
      "source_union_bbox": [
        91,
        88,
        431,
        603
      ],
      "target_union_size": [
        125,
        190
      ],
      "target_union_offset": [
        33,
        12
      ],
      "output_bboxes": [
        [
          33,
          16,
          158,
          202
        ],
        [
          33,
          12,
          158,
          202
        ],
        [
          33,
          12,
          158,
          199
        ],
        [
          33,
          13,
          158,
          202
        ],
        [
          33,
          15,
          158,
          202
        ]
      ]
    },
    "failed": {
      "animation": "Sleep",
      "normalization": "safe-max",
      "scale": 0.3684210526315789,
      "source_union_bbox": [
        46,
        325,
        471,
        625
      ],
      "target_union_size": [
        157,
        111
      ],
      "target_union_offset": [
        17,
        91
      ],
      "output_bboxes": [
        [
          17,
          91,
          174,
          202
        ],
        [
          17,
          91,
          174,
          202
        ],
        [
          17,
          91,
          174,
          202
        ],
        [
          17,
          91,
          174,
          202
        ],
        [
          17,
          91,
          174,
          202
        ],
        [
          17,
          91,
          174,
          202
        ],
        [
          17,
          91,
          174,
          202
        ],
        [
          17,
          91,
          174,
          202
        ]
      ]
    },
    "waiting": {
      "animation": "Sit",
      "normalization": "safe-max",
      "scale": 0.3684210526315789,
      "source_union_bbox": [
        71,
        274,
        481,
        744
      ],
      "target_union_size": [
        151,
        173
      ],
      "target_union_offset": [
        20,
        29
      ],
      "output_bboxes": [
        [
          20,
          29,
          171,
          202
        ],
        [
          20,
          29,
          171,
          202
        ],
        [
          20,
          29,
          171,
          202
        ],
        [
          20,
          29,
          171,
          202
        ],
        [
          20,
          29,
          171,
          202
        ],
        [
          20,
          29,
          171,
          202
        ]
      ]
    },
    "running": {
      "animation": "Interact",
      "normalization": "safe-max",
      "scale": 0.3684210526315789,
      "source_union_bbox": [
        111,
        88,
        575,
        620
      ],
      "target_union_size": [
        171,
        196
      ],
      "target_union_offset": [
        10,
        6
      ],
      "output_bboxes": [
        [
          10,
          6,
          174,
          198
        ],
        [
          10,
          16,
          177,
          198
        ],
        [
          10,
          44,
          181,
          202
        ],
        [
          10,
          16,
          177,
          198
        ],
        [
          10,
          6,
          174,
          198
        ],
        [
          10,
          16,
          177,
          198
        ]
      ]
    },
    "review": {
      "animation": "Relax",
      "normalization": "safe-max",
      "scale": 0.3684210526315789,
      "source_union_bbox": [
        91,
        102,
        431,
        603
      ],
      "target_union_size": [
        125,
        185
      ],
      "target_union_offset": [
        33,
        17
      ],