{
  "ok": true,
  "normalization": "safe-max",
  "margin": 6,
  "safe_max": {
    "scale": 0.3025210084033613,
    "max_state_union_width": 595,
    "max_state_union_height": 604,
    "available_width": 180,
    "available_height": 196,
    "source_canvas": [
      768,
      832
    ],
    "registration": "pet-wide scale with per-state union registration"
  },
  "states": {
    "idle": {
      "animation": "Relax",
      "normalization": "safe-max",
      "scale": 0.3025210084033613,
      "source_union_bbox": [
        178,
        58,
        615,
        652
      ],
      "target_union_size": [
        132,
        180
      ],
      "target_union_offset": [
        30,
        22
      ],
      "output_bboxes": [
        [
          35,
          22,
          157,
          202
        ],
        [
          37,
          22,
          154,
          202
        ],
        [
          30,
          22,
          162,
          202
        ],
        [
          30,
          22,
          162,
          202
        ],
        [
          35,
          22,
          157,
          202
        ],
        [
          30,
          22,
          162,
          202
        ]
      ]
    },
    "running-right": {
      "animation": "Move",
      "normalization": "safe-max",
      "scale": 0.3025210084033613,
      "source_union_bbox": [
        165,
        55,
        616,
        653
      ],
      "target_union_size": [
        136,
        181
      ],
      "target_union_offset": [
        28,
        21
      ],
      "output_bboxes": [
        [
          28,
          22,
          164,
          202
        ],
        [
          38,
          21,
          153,
          202
        ],
        [
          28,
          22,
          164,
          202
        ],
        [
          38,
          21,
          153,
          202
        ],
        [
          28,
          22,
          164,
          202
        ],
        [
          38,
          21,
          153,
          202
        ],
        [
          28,
          22,
          164,
          202
        ],
        [
          38,
          21,
          153,
          202
        ]
      ]
    },
    "running-left": {
      "animation": "Move",
      "normalization": "safe-max",
      "scale": 0.3025210084033613,
      "source_union_bbox": [
        152,
        55,
        603,
        653
      ],
      "target_union_size": [
        136,
        181
      ],
      "target_union_offset": [
        28,
        21
      ],
      "output_bboxes": [
        [
          28,
          22,
          164,
          202
        ],
        [
          39,
          21,
          154,
          202
        ],
        [
          28,
          22,
          164,
          202
        ],
        [
          39,
          21,
          154,
          202
        ],
        [
          28,
          22,
          164,
          202
        ],
        [
          39,
          21,
          154,
          202
        ],
        [
          28,
          22,
          164,
          202
        ],
        [
          39,
          21,
          154,
          202
        ]
      ]
    },
    "waving": {
      "animation": "Interact",
      "normalization": "safe-max",
      "scale": 0.3025210084033613,
      "source_union_bbox": [
        111,
        56,
        648,
        653
      ],
      "target_union_size": [
        162,
        181
      ],
      "target_union_offset": [
        15,
        21
      ],
      "output_bboxes": [
        [
          40,
          21,
          162,
          202
        ],
        [
          15,
          21,
          160,
          202
        ],
        [
          48,
          21,
          177,
          202
        ],
        [
          43,
          21,
          166,
          202
        ]
      ]
    },
    "jumping": {
      "animation": "Relax",
      "normalization": "safe-max",
      "scale": 0.3025210084033613,
      "source_union_bbox": [
        178,
        48,
        615,
        652
      ],
      "target_union_size": [
        132,
        183
      ],
      "target_union_offset": [
        30,
        19
      ],
      "output_bboxes": [
        [
          35,
          20,
          157,
          202
        ],
        [
          37,
          19,
          154,
          202
        ],
        [
          30,
          19,
          162,
          200
        ],
        [
          37,
          19,
          154,
          202
        ],
        [
          30,
          22,
          162,
          202
        ]
      ]
    },
    "failed": {
      "animation": "Sleep",
      "normalization": "safe-max",
      "scale": 0.3025210084033613,
      "source_union_bbox": [
        87,
        383,
        682,
        664
      ],
      "target_union_size": [
        180,
        85
      ],
      "target_union_offset": [
        6,
        117
      ],
      "output_bboxes": [
        [
          6,
          117,
          186,
          202
        ],
        [
          6,
          117,
          186,
          202
        ],
        [
          6,
          117,
          186,
          202
        ],
        [
          6,
          117,
          186,
          202
        ],
        [
          6,
          117,
          186,
          202
        ],
        [
          6,
          117,
          186,
          202
        ],
        [
          6,
          117,
          186,
          202
        ],
        [
          6,
          117,
          186,
          202
        ]
      ]
    },
    "waiting": {
      "animation": "Sit",
      "normalization": "safe-max",
      "scale": 0.3025210084033613,
      "source_union_bbox": [
        215,
        256,
        598,
        782
      ],
      "target_union_size": [
        116,
        159
      ],
      "target_union_offset": [
        38,
        43
      ],
      "output_bboxes": [
        [
          42,
          43,
          150,
          202
        ],
        [
          45,
          43,
          147,
          202
        ],
        [
          44,
          43,
          146,
          202
        ],
        [
          38,
          43,
          154,
          202
        ],
        [
          38,
          43,
          154,
          202
        ],
        [
          39,
          43,
          154,
          202
        ]
      ]
    },
    "running": {
      "animation": "Interact",
      "normalization": "safe-max",
      "scale": 0.3025210084033613,
      "source_union_bbox": [
        111,
        49,
        648,
        653
      ],
      "target_union_size": [
        162,
        183
      ],
      "target_union_offset": [
        15,
        19
      ],
      "output_bboxes": [
        [
          40,
          20,
          162,
          202
        ],
        [
          16,
          19,
          156,
          202
        ],
        [
          15,
          20,
          160,
          202
        ],
        [
          29,
          19,
          169,
          202
        ],
        [
          48,
          19,
          177,
          202
        ],
        [
          43,
          21,
          166,
          202
        ]
      ]
    },
    "review": {
      "animation": "Relax",
      "normalization": "safe-max",
      "scale": 0.3025210084033613,
      "source_union_bbox": [
        178,
        58,
        615,
        652
      ],
      "target_union_size": [
        132,
        180
      ],
      "target_union_offset": [
        30,
        22
      ],