{
  "ok": true,
  "normalization": "safe-max",
  "margin": 6,
  "safe_max": {
    "scale": 0.3082191780821918,
    "max_state_union_width": 584,
    "max_state_union_height": 572,
    "available_width": 180,
    "available_height": 196,
    "source_canvas": [
      768,
      832
    ],
    "registration": "pet-wide scale with per-state union registration"
  },
  "states": {
    "idle": {
      "animation": "Relax",
      "normalization": "safe-max",
      "scale": 0.3082191780821918,
      "source_union_bbox": [
        305,
        63,
        590,
        620
      ],
      "target_union_size": [
        88,
        172
      ],
      "target_union_offset": [
        52,
        30
      ],
      "output_bboxes": [
        [
          52,
          30,
          139,
          202
        ],
        [
          52,
          30,
          140,
          202
        ],
        [
          52,
          30,
          139,
          202
        ],
        [
          52,
          30,
          136,
          202
        ],
        [
          52,
          30,
          139,
          202
        ],
        [
          52,
          31,
          136,
          202
        ]
      ]
    },
    "running-right": {
      "animation": "Move",
      "normalization": "safe-max",
      "scale": 0.3082191780821918,
      "source_union_bbox": [
        301,
        50,
        598,
        622
      ],
      "target_union_size": [
        92,
        176
      ],
      "target_union_offset": [
        50,
        26
      ],
      "output_bboxes": [
        [
          51,
          26,
          141,
          202
        ],
        [
          52,
          26,
          142,
          202
        ],
        [
          51,
          26,
          142,
          202
        ],
        [
          51,
          26,
          142,
          202
        ],
        [
          50,
          26,
          139,
          202
        ],
        [
          50,
          26,
          139,
          201
        ],
        [
          52,
          26,
          140,
          202
        ],
        [
          51,
          26,
          140,
          202
        ]
      ]
    },
    "running-left": {
      "animation": "Move",
      "normalization": "safe-max",
      "scale": 0.3082191780821918,
      "source_union_bbox": [
        170,
        50,
        467,
        622
      ],
      "target_union_size": [
        92,
        176
      ],
      "target_union_offset": [
        50,
        26
      ],
      "output_bboxes": [
        [
          51,
          26,
          141,
          202
        ],
        [
          50,
          26,
          140,
          202
        ],
        [
          50,
          26,
          141,
          202
        ],
        [
          50,
          26,
          141,
          202
        ],
        [
          53,
          26,
          142,
          202
        ],
        [
          53,
          26,
          142,
          201
        ],
        [
          52,
          26,
          140,
          202
        ],
        [
          52,
          26,
          141,
          202
        ]
      ]
    },
    "waving": {
      "animation": "Interact",
      "normalization": "safe-max",
      "scale": 0.3082191780821918,
      "source_union_bbox": [
        196,
        63,
        582,
        619
      ],
      "target_union_size": [
        119,
        171
      ],
      "target_union_offset": [
        36,
        31
      ],
      "output_bboxes": [
        [
          68,
          31,
          155,
          202
        ],
        [
          59,
          35,
          155,
          202
        ],
        [
          36,
          36,
          154,
          202
        ],
        [
          65,
          31,
          155,
          202
        ]
      ]
    },
    "jumping": {
      "animation": "Relax",
      "normalization": "safe-max",
      "scale": 0.3082191780821918,
      "source_union_bbox": [
        305,
        53,
        590,
        619
      ],
      "target_union_size": [
        88,
        174
      ],
      "target_union_offset": [
        52,
        28
      ],
      "output_bboxes": [
        [
          52,
          29,
          139,
          202
        ],
        [
          52,
          28,
          140,
          202
        ],
        [
          52,
          28,
          136,
          200
        ],
        [
          52,
          28,
          140,
          202
        ],
        [
          52,
          32,
          136,
          202
        ]
      ]
    },
    "failed": {
      "animation": "Sleep",
      "normalization": "safe-max",
      "scale": 0.3082191780821918,
      "source_union_bbox": [
        92,
        454,
        676,
        642
      ],
      "target_union_size": [
        180,
        58
      ],
      "target_union_offset": [
        6,
        144
      ],
      "output_bboxes": [
        [
          6,
          144,
          186,
          202
        ],
        [
          6,
          144,
          186,
          202
        ],
        [
          6,
          144,
          186,
          202
        ],
        [
          6,
          144,
          186,
          202
        ],
        [
          6,
          144,
          186,
          202
        ],
        [
          6,
          144,
          186,
          202
        ],
        [
          6,
          144,
          186,
          202
        ],
        [
          6,
          144,
          186,
          202
        ]
      ]
    },
    "waiting": {
      "animation": "Sit",
      "normalization": "safe-max",
      "scale": 0.3082191780821918,
      "source_union_bbox": [
        295,
        226,
        588,
        782
      ],
      "target_union_size": [
        90,
        171
      ],
      "target_union_offset": [
        51,
        31
      ],
      "output_bboxes": [
        [
          53,
          31,
          140,
          202
        ],
        [
          53,
          31,
          141,
          202
        ],
        [
          53,
          31,
          139,
          202
        ],
        [
          53,
          31,
          140,
          202
        ],
        [
          51,
          34,
          139,
          202
        ],
        [
          51,
          31,
          137,
          202
        ]
      ]
    },
    "running": {
      "animation": "Interact",
      "normalization": "safe-max",
      "scale": 0.3082191780821918,
      "source_union_bbox": [
        196,
        63,
        601,
        620
      ],
      "target_union_size": [
        125,
        172
      ],
      "target_union_offset": [
        33,
        30
      ],
      "output_bboxes": [
        [
          65,
          30,
          153,
          202
        ],
        [
          64,
          30,
          158,
          202
        ],
        [
          56,
          34,
          153,
          202
        ],
        [
          33,
          42,
          151,
          202
        ],
        [
          33,
          35,
          151,
          202
        ],
        [
          62,
          30,
          154,
          202
        ]
      ]
    },
    "review": {
      "animation": "Relax",
      "normalization": "safe-max",
      "scale": 0.3082191780821918,
      "source_union_bbox": [
        305,
        63,
        590,
        620
      ],
      "target_union_size": [
        88,
        172
      ],
      "target_union_offset": [
        52,
        30
      ],