{
  "ok": true,
  "normalization": "safe-max",
  "margin": 6,
  "safe_max": {
    "scale": 0.3098106712564544,
    "max_state_union_width": 581,
    "max_state_union_height": 587,
    "available_width": 180,
    "available_height": 196,
    "source_canvas": [
      768,
      832
    ],
    "registration": "pet-wide scale with per-state union registration"
  },
  "states": {
    "idle": {
      "animation": "Relax",
      "normalization": "safe-max",
      "scale": 0.3098106712564544,
      "source_union_bbox": [
        147,
        50,
        558,
        624
      ],
      "target_union_size": [
        127,
        178
      ],
      "target_union_offset": [
        32,
        24
      ],
      "output_bboxes": [
        [
          32,
          24,
          159,
          202
        ],
        [
          32,
          24,
          159,
          202
        ],
        [
          32,
          24,
          159,
          202
        ],
        [
          32,
          24,
          157,
          202
        ],
        [
          32,
          24,
          159,
          202
        ],
        [
          32,
          24,
          157,
          202
        ]
      ]
    },
    "running-right": {
      "animation": "Move",
      "normalization": "safe-max",
      "scale": 0.3098106712564544,
      "source_union_bbox": [
        148,
        50,
        558,
        624
      ],
      "target_union_size": [
        127,
        178
      ],
      "target_union_offset": [
        32,
        24
      ],
      "output_bboxes": [
        [
          32,
          24,
          154,
          202
        ],
        [
          32,
          24,
          154,
          202
        ],
        [
          32,
          24,
          153,
          202
        ],
        [
          32,
          24,
          157,
          202
        ],
        [
          32,
          24,
          159,
          202
        ],
        [
          32,
          24,
          159,
          202
        ],
        [
          32,
          24,
          153,
          202
        ],
        [
          32,
          24,
          152,
          202
        ]
      ]
    },
    "running-left": {
      "animation": "Move",
      "normalization": "safe-max",
      "scale": 0.3098106712564544,
      "source_union_bbox": [
        210,
        50,
        620,
        624
      ],
      "target_union_size": [
        127,
        178
      ],
      "target_union_offset": [
        32,
        24
      ],
      "output_bboxes": [
        [
          37,
          24,
          159,
          202
        ],
        [
          37,
          24,
          159,
          202
        ],
        [
          38,
          24,
          159,
          202
        ],
        [
          34,
          24,
          159,
          202
        ],
        [
          32,
          24,
          159,
          202
        ],
        [
          32,
          24,
          159,
          202
        ],
        [
          38,
          24,
          159,
          202
        ],
        [
          39,
          24,
          159,
          202
        ]
      ]
    },
    "waving": {
      "animation": "Interact",
      "normalization": "safe-max",
      "scale": 0.3098106712564544,
      "source_union_bbox": [
        148,
        50,
        566,
        624
      ],
      "target_union_size": [
        130,
        178
      ],
      "target_union_offset": [
        31,
        24
      ],
      "output_bboxes": [
        [
          31,
          24,
          159,
          202
        ],
        [
          31,
          27,
          149,
          202
        ],
        [
          33,
          24,
          161,
          202
        ],
        [
          31,
          24,
          154,
          202
        ]
      ]
    },
    "jumping": {
      "animation": "Relax",
      "normalization": "safe-max",
      "scale": 0.3098106712564544,
      "source_union_bbox": [
        147,
        37,
        558,
        624
      ],
      "target_union_size": [
        127,
        182
      ],
      "target_union_offset": [
        32,
        20
      ],
      "output_bboxes": [
        [
          32,
          22,
          159,
          202
        ],
        [
          32,
          20,
          159,
          202
        ],
        [
          32,
          20,
          157,
          200
        ],
        [
          32,
          20,
          159,
          202
        ],
        [
          32,
          23,
          157,
          202
        ]
      ]
    },
    "failed": {
      "animation": "Sleep",
      "normalization": "safe-max",
      "scale": 0.3098106712564544,
      "source_union_bbox": [
        94,
        407,
        675,
        659
      ],
      "target_union_size": [
        180,
        78
      ],
      "target_union_offset": [
        6,
        124
      ],
      "output_bboxes": [
        [
          6,
          124,
          186,
          202
        ],
        [
          6,
          124,
          186,
          202
        ],
        [
          6,
          124,
          186,
          202
        ],
        [
          6,
          124,
          186,
          202
        ],
        [
          6,
          124,
          186,
          202
        ],
        [
          6,
          124,
          186,
          202
        ],
        [
          6,
          124,
          186,
          202
        ],
        [
          6,
          124,
          186,
          202
        ]
      ]
    },
    "waiting": {
      "animation": "Sit",
      "normalization": "safe-max",
      "scale": 0.3098106712564544,
      "source_union_bbox": [
        172,
        213,
        573,
        782
      ],
      "target_union_size": [
        124,
        176
      ],
      "target_union_offset": [
        34,
        26
      ],
      "output_bboxes": [
        [
          34,
          26,
          158,
          202
        ],
        [
          34,
          26,
          158,
          202
        ],
        [
          35,
          26,
          158,
          202
        ],
        [
          34,
          26,
          158,
          202
        ],
        [
          35,
          26,
          158,
          202
        ],
        [
          35,
          26,
          158,
          202
        ]
      ]
    },
    "running": {
      "animation": "Interact",
      "normalization": "safe-max",
      "scale": 0.3098106712564544,
      "source_union_bbox": [
        142,
        50,
        566,
        624
      ],
      "target_union_size": [
        131,
        178
      ],
      "target_union_offset": [
        30,
        24
      ],
      "output_bboxes": [
        [
          30,
          24,
          159,
          202
        ],
        [
          30,
          24,
          142,
          202
        ],
        [
          30,
          27,
          149,
          202
        ],
        [
          30,
          24,
          152,
          202
        ],
        [
          34,
          24,
          161,
          202
        ],
        [
          32,
          24,
          154,
          202
        ]
      ]
    },
    "review": {
      "animation": "Relax",
      "normalization": "safe-max",
      "scale": 0.3098106712564544,
      "source_union_bbox": [
        147,
        50,
        558,
        624
      ],
      "target_union_size": [
        127,
        178
      ],
      "target_union_offset": [
        32,
        24
      ],