{
  "ok": true,
  "normalization": "safe-max",
  "margin": 6,
  "safe_max": {
    "scale": 0.3166397415185784,
    "max_state_union_width": 539,
    "max_state_union_height": 619,
    "available_width": 180,
    "available_height": 196,
    "source_canvas": [
      768,
      832
    ],
    "registration": "pet-wide scale with per-state union registration"
  },
  "states": {
    "idle": {
      "animation": "Relax",
      "normalization": "safe-max",
      "scale": 0.3166397415185784,
      "source_union_bbox": [
        300,
        206,
        542,
        668
      ],
      "target_union_size": [
        77,
        146
      ],
      "target_union_offset": [
        57,
        56
      ],
      "output_bboxes": [
        [
          57,
          56,
          134,
          202
        ],
        [
          57,
          56,
          134,
          202
        ],
        [
          57,
          56,
          134,
          202
        ],
        [
          57,
          56,
          134,
          202
        ],
        [
          57,
          56,
          134,
          202
        ],
        [
          57,
          56,
          134,
          202
        ]
      ]
    },
    "running-right": {
      "animation": "Move",
      "normalization": "safe-max",
      "scale": 0.3166397415185784,
      "source_union_bbox": [
        300,
        200,
        545,
        668
      ],
      "target_union_size": [
        78,
        148
      ],
      "target_union_offset": [
        57,
        54
      ],
      "output_bboxes": [
        [
          57,
          54,
          135,
          202
        ],
        [
          57,
          54,
          135,
          202
        ],
        [
          57,
          54,
          135,
          202
        ],
        [
          57,
          54,
          135,
          202
        ],
        [
          57,
          54,
          135,
          202
        ],
        [
          57,
          54,
          135,
          202
        ],
        [
          57,
          54,
          135,
          202
        ],
        [
          57,
          54,
          135,
          202
        ]
      ]
    },
    "running-left": {
      "animation": "Move",
      "normalization": "safe-max",
      "scale": 0.3166397415185784,
      "source_union_bbox": [
        223,
        200,
        468,
        668
      ],
      "target_union_size": [
        78,
        148
      ],
      "target_union_offset": [
        57,
        54
      ],
      "output_bboxes": [
        [
          57,
          54,
          135,
          202
        ],
        [
          57,
          54,
          135,
          202
        ],
        [
          57,
          54,
          135,
          202
        ],
        [
          57,
          54,
          135,
          202
        ],
        [
          57,
          54,
          135,
          202
        ],
        [
          57,
          54,
          135,
          202
        ],
        [
          57,
          54,
          135,
          202
        ],
        [
          57,
          54,
          135,
          202
        ]
      ]
    },
    "waving": {
      "animation": "Interact",
      "normalization": "safe-max",
      "scale": 0.3166397415185784,
      "source_union_bbox": [
        279,
        139,
        600,
        669
      ],
      "target_union_size": [
        102,
        168
      ],
      "target_union_offset": [
        45,
        34
      ],
      "output_bboxes": [
        [
          49,
          53,
          131,
          202
        ],
        [
          59,
          161,
          120,
          202
        ],
        [
          58,
          155,
          119,
          202
        ],
        [
          45,
          34,
          147,
          185
        ]
      ]
    },
    "jumping": {
      "animation": "Relax",
      "normalization": "safe-max",
      "scale": 0.3166397415185784,
      "source_union_bbox": [
        300,
        193,
        542,
        668
      ],
      "target_union_size": [
        77,
        150
      ],
      "target_union_offset": [
        57,
        52
      ],
      "output_bboxes": [
        [
          57,
          54,
          134,
          202
        ],
        [
          57,
          52,
          134,
          202
        ],
        [
          57,
          52,
          134,
          199
        ],
        [
          57,
          52,
          134,
          202
        ],
        [
          57,
          55,
          134,
          202
        ]
      ]
    },
    "failed": {
      "animation": "Sleep",
      "normalization": "safe-max",
      "scale": 0.3166397415185784,
      "source_union_bbox": [
        114,
        507,
        653,
        728
      ],
      "target_union_size": [
        171,
        70
      ],
      "target_union_offset": [
        10,
        132
      ],
      "output_bboxes": [
        [
          10,
          132,
          181,
          202
        ],
        [
          10,
          132,
          181,
          202
        ],
        [
          10,
          132,
          181,
          201
        ],
        [
          10,
          132,
          181,
          201
        ],
        [
          10,
          132,
          181,
          202
        ],
        [
          10,
          132,
          181,
          202
        ],
        [
          10,
          132,
          181,
          201
        ],
        [
          10,
          132,
          181,
          201
        ]
      ]
    },
    "waiting": {
      "animation": "Sit",
      "normalization": "safe-max",
      "scale": 0.3166397415185784,
      "source_union_bbox": [
        280,
        358,
        569,
        782
      ],
      "target_union_size": [
        92,
        134
      ],
      "target_union_offset": [
        50,
        68
      ],
      "output_bboxes": [
        [
          50,
          68,
          135,
          202
        ],
        [
          50,
          68,
          134,
          202
        ],
        [
          50,
          68,
          137,
          202
        ],
        [
          50,
          68,
          142,
          202
        ],
        [
          50,
          68,
          134,
          202
        ],
        [
          50,
          68,
          136,
          202
        ]
      ]
    },
    "running": {
      "animation": "Interact",
      "normalization": "safe-max",
      "scale": 0.3166397415185784,
      "source_union_bbox": [
        279,
        50,
        649,
        669
      ],
      "target_union_size": [
        117,
        196
      ],
      "target_union_offset": [
        37,
        6
      ],
      "output_bboxes": [
        [
          41,
          53,
          122,
          202
        ],
        [
          40,
          6,
          154,
          127
        ],
        [
          51,
          161,
          112,
          202
        ],
        [
          50,
          158,
          111,
          202
        ],
        [
          50,
          155,
          110,
          202
        ],
        [
          37,
          32,
          141,
          185
        ]
      ]
    },
    "review": {
      "animation": "Relax",
      "normalization": "safe-max",
      "scale": 0.3166397415185784,
      "source_union_bbox": [
        300,
        206,
        542,
        668
      ],
      "target_union_size": [
        77,
        146
      ],
      "target_union_offset": [
        57,
        56
      ],