{
  "ok": true,
  "normalization": "safe-max",
  "margin": 6,
  "safe_max": {
    "scale": 0.30716723549488056,
    "max_state_union_width": 586,
    "max_state_union_height": 620,
    "available_width": 180,
    "available_height": 196,
    "source_canvas": [
      768,
      832
    ],
    "registration": "pet-wide scale with per-state union registration"
  },
  "states": {
    "idle": {
      "animation": "Relax",
      "normalization": "safe-max",
      "scale": 0.30716723549488056,
      "source_union_bbox": [
        223,
        55,
        583,
        647
      ],
      "target_union_size": [
        111,
        182
      ],
      "target_union_offset": [
        40,
        20
      ],
      "output_bboxes": [
        [
          58,
          20,
          151,
          202
        ],
        [
          52,
          20,
          151,
          202
        ],
        [
          40,
          20,
          151,
          202
        ],
        [
          40,
          20,
          151,
          202
        ],
        [
          51,
          20,
          151,
          202
        ],
        [
          57,
          20,
          151,
          202
        ]
      ]
    },
    "running-right": {
      "animation": "Move",
      "normalization": "safe-max",
      "scale": 0.30716723549488056,
      "source_union_bbox": [
        253,
        50,
        623,
        668
      ],
      "target_union_size": [
        114,
        190
      ],
      "target_union_offset": [
        39,
        12
      ],
      "output_bboxes": [
        [
          55,
          14,
          148,
          199
        ],
        [
          49,
          13,
          148,
          198
        ],
        [
          39,
          12,
          148,
          198
        ],
        [
          39,
          12,
          147,
          198
        ],
        [
          48,
          14,
          153,
          198
        ],
        [
          51,
          14,
          148,
          198
        ],
        [
          52,
          12,
          148,
          202
        ],
        [
          54,
          12,
          147,
          198
        ]
      ]
    },
    "running-left": {
      "animation": "Move",
      "normalization": "safe-max",
      "scale": 0.30716723549488056,
      "source_union_bbox": [
        145,
        50,
        515,
        668
      ],
      "target_union_size": [
        114,
        190
      ],
      "target_union_offset": [
        39,
        12
      ],
      "output_bboxes": [
        [
          44,
          14,
          137,
          199
        ],
        [
          44,
          13,
          143,
          198
        ],
        [
          44,
          12,
          153,
          198
        ],
        [
          45,
          12,
          153,
          198
        ],
        [
          39,
          14,
          144,
          198
        ],
        [
          44,
          14,
          141,
          198
        ],
        [
          44,
          12,
          140,
          202
        ],
        [
          45,
          12,
          138,
          198
        ]
      ]
    },
    "waving": {
      "animation": "Interact",
      "normalization": "safe-max",
      "scale": 0.30716723549488056,
      "source_union_bbox": [
        190,
        54,
        614,
        674
      ],
      "target_union_size": [
        130,
        190
      ],
      "target_union_offset": [
        31,
        12
      ],
      "output_bboxes": [
        [
          60,
          12,
          154,
          196
        ],
        [
          31,
          21,
          159,
          196
        ],
        [
          31,
          18,
          160,
          202
        ],
        [
          61,
          12,
          161,
          196
        ]
      ]
    },
    "jumping": {
      "animation": "Relax",
      "normalization": "safe-max",
      "scale": 0.30716723549488056,
      "source_union_bbox": [
        228,
        40,
        583,
        647
      ],
      "target_union_size": [
        109,
        186
      ],
      "target_union_offset": [
        41,
        16
      ],
      "output_bboxes": [
        [
          58,
          18,
          150,
          202
        ],
        [
          51,
          16,
          150,
          202
        ],
        [
          41,
          16,
          150,
          200
        ],
        [
          57,
          16,
          150,
          202
        ],
        [
          56,
          18,
          150,
          202
        ]
      ]
    },
    "failed": {
      "animation": "Sleep",
      "normalization": "safe-max",
      "scale": 0.30716723549488056,
      "source_union_bbox": [
        91,
        418,
        677,
        663
      ],
      "target_union_size": [
        180,
        75
      ],
      "target_union_offset": [
        6,
        127
      ],
      "output_bboxes": [
        [
          6,
          127,
          186,
          202
        ],
        [
          6,
          127,
          186,
          202
        ],
        [
          6,
          127,
          186,
          202
        ],
        [
          6,
          127,
          186,
          202
        ],
        [
          6,
          127,
          186,
          202
        ],
        [
          6,
          127,
          186,
          202
        ],
        [
          6,
          127,
          186,
          202
        ],
        [
          6,
          127,
          186,
          202
        ]
      ]
    },
    "waiting": {
      "animation": "Sit",
      "normalization": "safe-max",
      "scale": 0.30716723549488056,
      "source_union_bbox": [
        280,
        227,
        583,
        783
      ],
      "target_union_size": [
        93,
        171
      ],
      "target_union_offset": [
        49,
        31
      ],
      "output_bboxes": [
        [
          49,
          32,
          142,
          202
        ],
        [
          49,
          32,
          142,
          202
        ],
        [
          49,
          31,
          142,
          202
        ],
        [
          49,
          31,
          142,
          202
        ],
        [
          49,
          31,
          142,
          202
        ],
        [
          49,
          32,
          142,
          202
        ]
      ]
    },
    "running": {
      "animation": "Interact",
      "normalization": "safe-max",
      "scale": 0.30716723549488056,
      "source_union_bbox": [
        162,
        54,
        614,
        674
      ],
      "target_union_size": [
        139,
        190
      ],
      "target_union_offset": [
        26,
        12
      ],
      "output_bboxes": [
        [
          64,
          12,
          158,
          196
        ],
        [
          49,
          17,
          158,
          196
        ],
        [
          33,
          21,
          163,
          196
        ],
        [
          26,
          23,
          164,
          196
        ],
        [
          34,
          18,
          164,
          202
        ],
        [
          64,
          12,
          165,
          196
        ]
      ]
    },
    "review": {
      "animation": "Relax",
      "normalization": "safe-max",
      "scale": 0.30716723549488056,
      "source_union_bbox": [
        223,
        55,
        583,
        647
      ],
      "target_union_size": [
        111,
        182
      ],
      "target_union_offset": [
        40,
        20
      ],