{
  "ok": true,
  "normalization": "safe-max",
  "margin": 6,
  "safe_max": {
    "scale": 0.31141868512110726,
    "max_state_union_width": 578,
    "max_state_union_height": 578,
    "available_width": 180,
    "available_height": 196,
    "source_canvas": [
      768,
      832
    ],
    "registration": "pet-wide scale with per-state union registration"
  },
  "states": {
    "idle": {
      "animation": "Relax",
      "normalization": "safe-max",
      "scale": 0.31141868512110726,
      "source_union_bbox": [
        267,
        57,
        587,
        621
      ],
      "target_union_size": [
        100,
        176
      ],
      "target_union_offset": [
        46,
        26
      ],
      "output_bboxes": [
        [
          49,
          26,
          146,
          202
        ],
        [
          47,
          26,
          146,
          202
        ],
        [
          46,
          26,
          146,
          202
        ],
        [
          47,
          26,
          146,
          202
        ],
        [
          49,
          26,
          146,
          202
        ],
        [
          47,
          26,
          146,
          202
        ]
      ]
    },
    "running-right": {
      "animation": "Move",
      "normalization": "safe-max",
      "scale": 0.31141868512110726,
      "source_union_bbox": [
        268,
        50,
        587,
        622
      ],
      "target_union_size": [
        99,
        178
      ],
      "target_union_offset": [
        46,
        24
      ],
      "output_bboxes": [
        [
          46,
          24,
          145,
          202
        ],
        [
          49,
          24,
          143,
          202
        ],
        [
          46,
          24,
          145,
          202
        ],
        [
          49,
          24,
          143,
          202
        ],
        [
          46,
          24,
          145,
          202
        ],
        [
          49,
          24,
          143,
          202
        ],
        [
          46,
          24,
          145,
          202
        ],
        [
          49,
          24,
          143,
          202
        ]
      ]
    },
    "running-left": {
      "animation": "Move",
      "normalization": "safe-max",
      "scale": 0.31141868512110726,
      "source_union_bbox": [
        181,
        50,
        500,
        622
      ],
      "target_union_size": [
        99,
        178
      ],
      "target_union_offset": [
        46,
        24
      ],
      "output_bboxes": [
        [
          46,
          24,
          145,
          202
        ],
        [
          48,
          24,
          142,
          202
        ],
        [
          46,
          24,
          145,
          202
        ],
        [
          48,
          24,
          142,
          202
        ],
        [
          46,
          24,
          145,
          202
        ],
        [
          48,
          24,
          142,
          202
        ],
        [
          46,
          24,
          145,
          202
        ],
        [
          48,
          24,
          142,
          202
        ]
      ]
    },
    "waving": {
      "animation": "Interact",
      "normalization": "safe-max",
      "scale": 0.31141868512110726,
      "source_union_bbox": [
        184,
        57,
        618,
        624
      ],
      "target_union_size": [
        135,
        177
      ],
      "target_union_offset": [
        28,
        25
      ],
      "output_bboxes": [
        [
          56,
          25,
          156,
          202
        ],
        [
          28,
          31,
          162,
          202
        ],
        [
          44,
          25,
          163,
          202
        ],
        [
          58,
          25,
          163,
          202
        ]
      ]
    },
    "jumping": {
      "animation": "Relax",
      "normalization": "safe-max",
      "scale": 0.31141868512110726,
      "source_union_bbox": [
        278,
        43,
        587,
        621
      ],
      "target_union_size": [
        96,
        180
      ],
      "target_union_offset": [
        48,
        22
      ],
      "output_bboxes": [
        [
          48,
          24,
          144,
          202
        ],
        [
          48,
          22,
          144,
          202
        ],
        [
          48,
          22,
          144,
          200
        ],
        [
          48,
          22,
          144,
          202
        ],
        [
          48,
          25,
          144,
          202
        ]
      ]
    },
    "failed": {
      "animation": "Sleep",
      "normalization": "safe-max",
      "scale": 0.31141868512110726,
      "source_union_bbox": [
        95,
        417,
        673,
        637
      ],
      "target_union_size": [
        180,
        69
      ],
      "target_union_offset": [
        6,
        133
      ],
      "output_bboxes": [
        [
          6,
          133,
          186,
          202
        ],
        [
          6,
          133,
          186,
          202
        ],
        [
          6,
          133,
          186,
          201
        ],
        [
          6,
          133,
          186,
          201
        ],
        [
          6,
          133,
          186,
          201
        ],
        [
          6,
          133,
          186,
          201
        ],
        [
          6,
          133,
          186,
          201
        ],
        [
          6,
          133,
          186,
          202
        ]
      ]
    },
    "waiting": {
      "animation": "Sit",
      "normalization": "safe-max",
      "scale": 0.31141868512110726,
      "source_union_bbox": [
        262,
        234,
        570,
        782
      ],
      "target_union_size": [
        96,
        171
      ],
      "target_union_offset": [
        48,
        31
      ],
      "output_bboxes": [
        [
          48,
          31,
          144,
          202
        ],
        [
          48,
          31,
          144,
          202
        ],
        [
          48,
          31,
          144,
          202
        ],
        [
          48,
          31,
          144,
          202
        ],
        [
          48,
          31,
          144,
          202
        ],
        [
          48,
          31,
          144,
          202
        ]
      ]
    },
    "running": {
      "animation": "Interact",
      "normalization": "safe-max",
      "scale": 0.31141868512110726,
      "source_union_bbox": [
        178,
        57,
        618,
        625
      ],
      "target_union_size": [
        137,
        177
      ],
      "target_union_offset": [
        27,
        25
      ],
      "output_bboxes": [
        [
          57,
          25,
          157,
          202
        ],
        [
          27,
          25,
          157,
          202
        ],
        [
          27,
          31,
          163,
          202
        ],
        [
          37,
          27,
          162,
          202
        ],
        [
          45,
          25,
          164,
          202
        ],
        [
          59,
          25,
          164,
          202
        ]
      ]
    },
    "review": {
      "animation": "Relax",
      "normalization": "safe-max",
      "scale": 0.31141868512110726,
      "source_union_bbox": [
        267,
        57,
        587,
        621
      ],
      "target_union_size": [
        100,
        176
      ],
      "target_union_offset": [
        46,
        26
      ],