{
  "ok": true,
  "normalization": "safe-max",
  "margin": 6,
  "safe_max": {
    "scale": 0.31523642732049034,
    "max_state_union_width": 571,
    "max_state_union_height": 570,
    "available_width": 180,
    "available_height": 196,
    "source_canvas": [
      768,
      832
    ],
    "registration": "pet-wide scale with per-state union registration"
  },
  "states": {
    "idle": {
      "animation": "Relax",
      "normalization": "safe-max",
      "scale": 0.31523642732049034,
      "source_union_bbox": [
        258,
        50,
        543,
        604
      ],
      "target_union_size": [
        90,
        175
      ],
      "target_union_offset": [
        51,
        27
      ],
      "output_bboxes": [
        [
          51,
          27,
          141,
          202
        ],
        [
          51,
          29,
          141,
          202
        ],
        [
          51,
          27,
          141,
          202
        ],
        [
          51,
          27,
          141,
          202
        ],
        [
          51,
          27,
          141,
          202
        ],
        [
          51,
          27,
          141,
          202
        ]
      ]
    },
    "running-right": {
      "animation": "Move",
      "normalization": "safe-max",
      "scale": 0.31523642732049034,
      "source_union_bbox": [
        268,
        57,
        548,
        608
      ],
      "target_union_size": [
        88,
        174
      ],
      "target_union_offset": [
        52,
        28
      ],
      "output_bboxes": [
        [
          52,
          28,
          140,
          202
        ],
        [
          52,
          28,
          140,
          202
        ],
        [
          52,
          28,
          140,
          202
        ],
        [
          52,
          28,
          140,
          202
        ],
        [
          52,
          28,
          140,
          202
        ],
        [
          52,
          28,
          140,
          202
        ],
        [
          52,
          28,
          140,
          202
        ],
        [
          52,
          28,
          140,
          202
        ]
      ]
    },
    "running-left": {
      "animation": "Move",
      "normalization": "safe-max",
      "scale": 0.31523642732049034,
      "source_union_bbox": [
        220,
        57,
        500,
        608
      ],
      "target_union_size": [
        88,
        174
      ],
      "target_union_offset": [
        52,
        28
      ],
      "output_bboxes": [
        [
          52,
          28,
          140,
          202
        ],
        [
          52,
          28,
          140,
          202
        ],
        [
          52,
          28,
          140,
          202
        ],
        [
          52,
          28,
          140,
          202
        ],
        [
          52,
          28,
          140,
          202
        ],
        [
          52,
          28,
          140,
          202
        ],
        [
          52,
          28,
          140,
          202
        ],
        [
          52,
          28,
          140,
          202
        ]
      ]
    },
    "waving": {
      "animation": "Interact",
      "normalization": "safe-max",
      "scale": 0.31523642732049034,
      "source_union_bbox": [
        218,
        56,
        602,
        604
      ],
      "target_union_size": [
        121,
        173
      ],
      "target_union_offset": [
        35,
        29
      ],
      "output_bboxes": [
        [
          47,
          29,
          138,
          202
        ],
        [
          35,
          29,
          134,
          202
        ],
        [
          44,
          32,
          151,
          202
        ],
        [
          45,
          30,
          156,
          202
        ]
      ]
    },
    "jumping": {
      "animation": "Relax",
      "normalization": "safe-max",
      "scale": 0.31523642732049034,
      "source_union_bbox": [
        259,
        34,
        543,
        604
      ],
      "target_union_size": [
        90,
        180
      ],
      "target_union_offset": [
        51,
        22
      ],
      "output_bboxes": [
        [
          51,
          27,
          141,
          202
        ],
        [
          51,
          26,
          141,
          202
        ],
        [
          51,
          22,
          141,
          199
        ],
        [
          51,
          26,
          141,
          202
        ],
        [
          51,
          25,
          141,
          202
        ]
      ]
    },
    "failed": {
      "animation": "Sleep",
      "normalization": "safe-max",
      "scale": 0.31523642732049034,
      "source_union_bbox": [
        99,
        381,
        670,
        633
      ],
      "target_union_size": [
        180,
        79
      ],
      "target_union_offset": [
        6,
        123
      ],
      "output_bboxes": [
        [
          6,
          123,
          186,
          202
        ],
        [
          6,
          123,
          186,
          202
        ],
        [
          6,
          123,
          186,
          202
        ],
        [
          6,
          123,
          186,
          202
        ],
        [
          6,
          123,
          186,
          202
        ],
        [
          6,
          123,
          186,
          202
        ],
        [
          6,
          123,
          186,
          202
        ],
        [
          6,
          123,
          186,
          202
        ]
      ]
    },
    "waiting": {
      "animation": "Sit",
      "normalization": "safe-max",
      "scale": 0.31523642732049034,
      "source_union_bbox": [
        205,
        212,
        554,
        782
      ],
      "target_union_size": [
        110,
        180
      ],
      "target_union_offset": [
        41,
        22
      ],
      "output_bboxes": [
        [
          41,
          22,
          151,
          202
        ],
        [
          41,
          24,
          151,
          202
        ],
        [
          41,
          22,
          151,
          202
        ],
        [
          41,
          22,
          151,
          202
        ],
        [
          41,
          22,
          151,
          202
        ],
        [
          41,
          22,
          151,
          202
        ]
      ]
    },
    "running": {
      "animation": "Interact",
      "normalization": "safe-max",
      "scale": 0.31523642732049034,
      "source_union_bbox": [
        218,
        51,
        602,
        604
      ],
      "target_union_size": [
        121,
        174
      ],
      "target_union_offset": [
        35,
        28
      ],
      "output_bboxes": [
        [
          47,
          28,
          138,
          202
        ],
        [
          36,
          29,
          134,
          202
        ],
        [
          35,
          28,
          134,
          202
        ],
        [
          44,
          28,
          152,
          202
        ],
        [
          44,
          32,
          151,
          202
        ],
        [
          45,
          31,
          156,
          202
        ]
      ]
    },
    "review": {
      "animation": "Relax",
      "normalization": "safe-max",
      "scale": 0.31523642732049034,
      "source_union_bbox": [
        258,
        50,
        543,
        604
      ],
      "target_union_size": [
        90,
        175
      ],
      "target_union_offset": [
        51,
        27
      ],