{
  "ok": true,
  "normalization": "safe-max",
  "margin": 6,
  "safe_max": {
    "scale": 0.30716723549488056,
    "max_state_union_width": 586,
    "max_state_union_height": 560,
    "available_width": 180,
    "available_height": 196,
    "source_canvas": [
      768,
      832
    ],
    "registration": "pet-wide scale with per-state union registration"
  },
  "states": {
    "idle": {
      "animation": "Relax",
      "normalization": "safe-max",
      "scale": 0.30716723549488056,
      "source_union_bbox": [
        307,
        62,
        595,
        610
      ],
      "target_union_size": [
        88,
        168
      ],
      "target_union_offset": [
        52,
        34
      ],
      "output_bboxes": [
        [
          52,
          34,
          140,
          202
        ],
        [
          52,
          34,
          140,
          202
        ],
        [
          52,
          34,
          140,
          202
        ],
        [
          52,
          34,
          140,
          202
        ],
        [
          52,
          35,
          139,
          202
        ],
        [
          52,
          35,
          140,
          202
        ]
      ]
    },
    "running-right": {
      "animation": "Move",
      "normalization": "safe-max",
      "scale": 0.30716723549488056,
      "source_union_bbox": [
        305,
        62,
        597,
        610
      ],
      "target_union_size": [
        90,
        168
      ],
      "target_union_offset": [
        51,
        34
      ],
      "output_bboxes": [
        [
          51,
          34,
          141,
          202
        ],
        [
          51,
          34,
          141,
          202
        ],
        [
          51,
          34,
          141,
          202
        ],
        [
          51,
          34,
          141,
          202
        ],
        [
          51,
          34,
          141,
          202
        ],
        [
          51,
          34,
          141,
          202
        ],
        [
          51,
          34,
          141,
          202
        ],
        [
          51,
          34,
          141,
          202
        ]
      ]
    },
    "running-left": {
      "animation": "Move",
      "normalization": "safe-max",
      "scale": 0.30716723549488056,
      "source_union_bbox": [
        171,
        62,
        463,
        610
      ],
      "target_union_size": [
        90,
        168
      ],
      "target_union_offset": [
        51,
        34
      ],
      "output_bboxes": [
        [
          51,
          34,
          141,
          202
        ],
        [
          51,
          34,
          141,
          202
        ],
        [
          51,
          34,
          141,
          202
        ],
        [
          51,
          34,
          141,
          202
        ],
        [
          51,
          34,
          141,
          202
        ],
        [
          51,
          34,
          141,
          202
        ],
        [
          51,
          34,
          141,
          202
        ],
        [
          51,
          34,
          141,
          202
        ]
      ]
    },
    "waving": {
      "animation": "Interact",
      "normalization": "safe-max",
      "scale": 0.30716723549488056,
      "source_union_bbox": [
        223,
        66,
        594,
        610
      ],
      "target_union_size": [
        114,
        167
      ],
      "target_union_offset": [
        39,
        35
      ],
      "output_bboxes": [
        [
          64,
          35,
          153,
          202
        ],
        [
          49,
          35,
          142,
          202
        ],
        [
          39,
          39,
          141,
          202
        ],
        [
          63,
          35,
          153,
          202
        ]
      ]
    },
    "jumping": {
      "animation": "Relax",
      "normalization": "safe-max",
      "scale": 0.30716723549488056,
      "source_union_bbox": [
        308,
        51,
        595,
        610
      ],
      "target_union_size": [
        88,
        172
      ],
      "target_union_offset": [
        52,
        30
      ],
      "output_bboxes": [
        [
          52,
          32,
          140,
          202
        ],
        [
          52,
          30,
          140,
          202
        ],
        [
          52,
          30,
          140,
          199
        ],
        [
          52,
          33,
          138,
          202
        ],
        [
          52,
          34,
          140,
          202
        ]
      ]
    },
    "failed": {
      "animation": "Sleep",
      "normalization": "safe-max",
      "scale": 0.30716723549488056,
      "source_union_bbox": [
        91,
        418,
        677,
        660
      ],
      "target_union_size": [
        180,
        74
      ],
      "target_union_offset": [
        6,
        128
      ],
      "output_bboxes": [
        [
          6,
          128,
          186,
          202
        ],
        [
          6,
          128,
          186,
          202
        ],
        [
          6,
          128,
          186,
          202
        ],
        [
          6,
          128,
          186,
          202
        ],
        [
          6,
          128,
          186,
          202
        ],
        [
          6,
          128,
          186,
          202
        ],
        [
          6,
          128,
          186,
          202
        ],
        [
          6,
          128,
          186,
          202
        ]
      ]
    },
    "waiting": {
      "animation": "Sit",
      "normalization": "safe-max",
      "scale": 0.30716723549488056,
      "source_union_bbox": [
        295,
        243,
        580,
        782
      ],
      "target_union_size": [
        88,
        166
      ],
      "target_union_offset": [
        52,
        36
      ],
      "output_bboxes": [
        [
          52,
          36,
          140,
          202
        ],
        [
          52,
          36,
          140,
          202
        ],
        [
          52,
          36,
          140,
          202
        ],
        [
          52,
          36,
          140,
          202
        ],
        [
          52,
          36,
          140,
          202
        ],
        [
          52,
          36,
          140,
          202
        ]
      ]
    },
    "running": {
      "animation": "Interact",
      "normalization": "safe-max",
      "scale": 0.30716723549488056,
      "source_union_bbox": [
        218,
        50,
        626,
        610
      ],
      "target_union_size": [
        125,
        172
      ],
      "target_union_offset": [
        33,
        30
      ],
      "output_bboxes": [
        [
          59,
          33,
          150,
          202
        ],
        [
          56,
          30,
          158,
          202
        ],
        [
          45,
          33,
          137,
          202
        ],
        [
          33,
          41,
          136,
          202
        ],
        [
          33,
          39,
          136,
          202
        ],
        [
          58,
          33,
          148,
          202
        ]
      ]
    },
    "review": {
      "animation": "Relax",
      "normalization": "safe-max",
      "scale": 0.30716723549488056,
      "source_union_bbox": [
        307,
        62,
        595,
        610
      ],
      "target_union_size": [
        88,
        168
      ],
      "target_union_offset": [
        52,
        34
      ],