{
  "ok": true,
  "normalization": "safe-max",
  "margin": 6,
  "safe_max": {
    "scale": 0.2931596091205212,
    "max_state_union_width": 614,
    "max_state_union_height": 591,
    "available_width": 180,
    "available_height": 196,
    "source_canvas": [
      768,
      832
    ],
    "registration": "pet-wide scale with per-state union registration"
  },
  "states": {
    "idle": {
      "animation": "Relax",
      "normalization": "safe-max",
      "scale": 0.2931596091205212,
      "source_union_bbox": [
        265,
        65,
        584,
        640
      ],
      "target_union_size": [
        94,
        169
      ],
      "target_union_offset": [
        49,
        33
      ],
      "output_bboxes": [
        [
          55,
          33,
          143,
          202
        ],
        [
          49,
          33,
          143,
          202
        ],
        [
          55,
          33,
          143,
          202
        ],
        [
          49,
          33,
          143,
          202
        ],
        [
          55,
          33,
          143,
          202
        ],
        [
          49,
          33,
          143,
          202
        ]
      ]
    },
    "running-right": {
      "animation": "Move",
      "normalization": "safe-max",
      "scale": 0.2931596091205212,
      "source_union_bbox": [
        262,
        65,
        600,
        643
      ],
      "target_union_size": [
        99,
        169
      ],
      "target_union_offset": [
        46,
        33
      ],
      "output_bboxes": [
        [
          51,
          33,
          140,
          202
        ],
        [
          46,
          33,
          145,
          202
        ],
        [
          51,
          33,
          140,
          202
        ],
        [
          46,
          33,
          145,
          202
        ],
        [
          51,
          33,
          140,
          202
        ],
        [
          46,
          33,
          145,
          202
        ],
        [
          51,
          33,
          140,
          202
        ],
        [
          46,
          33,
          145,
          202
        ]
      ]
    },
    "running-left": {
      "animation": "Move",
      "normalization": "safe-max",
      "scale": 0.2931596091205212,
      "source_union_bbox": [
        168,
        65,
        506,
        643
      ],
      "target_union_size": [
        99,
        169
      ],
      "target_union_offset": [
        46,
        33
      ],
      "output_bboxes": [
        [
          51,
          33,
          140,
          202
        ],
        [
          46,
          33,
          145,
          202
        ],
        [
          51,
          33,
          140,
          202
        ],
        [
          46,
          33,
          145,
          202
        ],
        [
          51,
          33,
          140,
          202
        ],
        [
          46,
          33,
          145,
          202
        ],
        [
          51,
          33,
          140,
          202
        ],
        [
          46,
          33,
          145,
          202
        ]
      ]
    },
    "waving": {
      "animation": "Interact",
      "normalization": "safe-max",
      "scale": 0.2931596091205212,
      "source_union_bbox": [
        232,
        59,
        611,
        640
      ],
      "target_union_size": [
        111,
        170
      ],
      "target_union_offset": [
        40,
        32
      ],
      "output_bboxes": [
        [
          56,
          33,
          145,
          202
        ],
        [
          55,
          32,
          151,
          202
        ],
        [
          40,
          34,
          151,
          202
        ],
        [
          57,
          32,
          147,
          202
        ]
      ]
    },
    "jumping": {
      "animation": "Relax",
      "normalization": "safe-max",
      "scale": 0.2931596091205212,
      "source_union_bbox": [
        265,
        49,
        584,
        640
      ],
      "target_union_size": [
        94,
        173
      ],
      "target_union_offset": [
        49,
        29
      ],
      "output_bboxes": [
        [
          55,
          32,
          143,
          202
        ],
        [
          49,
          29,
          143,
          202
        ],
        [
          49,
          29,
          143,
          200
        ],
        [
          49,
          29,
          143,
          202
        ],
        [
          49,
          31,
          143,
          202
        ]
      ]
    },
    "failed": {
      "animation": "Sleep",
      "normalization": "safe-max",
      "scale": 0.2931596091205212,
      "source_union_bbox": [
        77,
        382,
        691,
        662
      ],
      "target_union_size": [
        180,
        82
      ],
      "target_union_offset": [
        6,
        120
      ],
      "output_bboxes": [
        [
          6,
          120,
          186,
          202
        ],
        [
          6,
          120,
          186,
          202
        ],
        [
          6,
          120,
          186,
          202
        ],
        [
          6,
          120,
          186,
          202
        ],
        [
          6,
          120,
          186,
          202
        ],
        [
          6,
          120,
          186,
          202
        ],
        [
          6,
          120,
          186,
          202
        ],
        [
          6,
          120,
          186,
          202
        ]
      ]
    },
    "waiting": {
      "animation": "Sit",
      "normalization": "safe-max",
      "scale": 0.2931596091205212,
      "source_union_bbox": [
        258,
        230,
        631,
        782
      ],
      "target_union_size": [
        109,
        162
      ],
      "target_union_offset": [
        41,
        40
      ],
      "output_bboxes": [
        [
          43,
          40,
          150,
          202
        ],
        [
          41,
          40,
          148,
          202
        ],
        [
          41,
          40,
          150,
          202
        ],
        [
          41,
          40,
          148,
          202
        ],
        [
          41,
          40,
          149,
          202
        ],
        [
          42,
          40,
          149,
          202
        ]
      ]
    },
    "running": {
      "animation": "Interact",
      "normalization": "safe-max",
      "scale": 0.2931596091205212,
      "source_union_bbox": [
        232,
        50,
        611,
        640
      ],
      "target_union_size": [
        111,
        173
      ],
      "target_union_offset": [
        40,
        29
      ],
      "output_bboxes": [
        [
          56,
          32,
          145,
          202
        ],
        [
          53,
          31,
          151,
          202
        ],
        [
          55,
          29,
          151,
          202
        ],
        [
          52,
          29,
          145,
          202
        ],
        [
          40,
          34,
          151,
          202
        ],
        [
          57,
          30,
          147,
          202
        ]
      ]
    },
    "review": {
      "animation": "Relax",
      "normalization": "safe-max",
      "scale": 0.2931596091205212,
      "source_union_bbox": [
        265,
        65,
        584,
        640
      ],
      "target_union_size": [
        94,
        169
      ],
      "target_union_offset": [
        49,
        33
      ],