{
  "ok": true,
  "normalization": "safe-max",
  "margin": 6,
  "safe_max": {
    "scale": 0.297029702970297,
    "max_state_union_width": 606,
    "max_state_union_height": 585,
    "available_width": 180,
    "available_height": 196,
    "source_canvas": [
      768,
      832
    ],
    "registration": "pet-wide scale with per-state union registration"
  },
  "states": {
    "idle": {
      "animation": "Relax",
      "normalization": "safe-max",
      "scale": 0.297029702970297,
      "source_union_bbox": [
        210,
        51,
        568,
        623
      ],
      "target_union_size": [
        106,
        170
      ],
      "target_union_offset": [
        43,
        32
      ],
      "output_bboxes": [
        [
          43,
          32,
          149,
          202
        ],
        [
          43,
          32,
          149,
          202
        ],
        [
          43,
          32,
          149,
          202
        ],
        [
          43,
          32,
          149,
          202
        ],
        [
          43,
          32,
          149,
          202
        ],
        [
          43,
          32,
          148,
          202
        ]
      ]
    },
    "running-right": {
      "animation": "Move",
      "normalization": "safe-max",
      "scale": 0.297029702970297,
      "source_union_bbox": [
        204,
        50,
        569,
        632
      ],
      "target_union_size": [
        108,
        173
      ],
      "target_union_offset": [
        42,
        29
      ],
      "output_bboxes": [
        [
          44,
          29,
          150,
          202
        ],
        [
          43,
          29,
          150,
          202
        ],
        [
          43,
          29,
          149,
          202
        ],
        [
          43,
          29,
          150,
          202
        ],
        [
          42,
          29,
          150,
          202
        ],
        [
          42,
          29,
          150,
          202
        ],
        [
          42,
          29,
          149,
          202
        ],
        [
          43,
          29,
          150,
          202
        ]
      ]
    },
    "running-left": {
      "animation": "Move",
      "normalization": "safe-max",
      "scale": 0.297029702970297,
      "source_union_bbox": [
        199,
        50,
        564,
        632
      ],
      "target_union_size": [
        108,
        173
      ],
      "target_union_offset": [
        42,
        29
      ],
      "output_bboxes": [
        [
          42,
          29,
          148,
          202
        ],
        [
          42,
          29,
          149,
          202
        ],
        [
          43,
          29,
          149,
          202
        ],
        [
          42,
          29,
          149,
          202
        ],
        [
          42,
          29,
          150,
          202
        ],
        [
          42,
          29,
          150,
          202
        ],
        [
          43,
          29,
          150,
          202
        ],
        [
          42,
          29,
          149,
          202
        ]
      ]
    },
    "waving": {
      "animation": "Interact",
      "normalization": "safe-max",
      "scale": 0.297029702970297,
      "source_union_bbox": [
        172,
        54,
        614,
        623
      ],
      "target_union_size": [
        131,
        169
      ],
      "target_union_offset": [
        30,
        33
      ],
      "output_bboxes": [
        [
          40,
          33,
          150,
          202
        ],
        [
          30,
          50,
          161,
          202
        ],
        [
          30,
          51,
          161,
          202
        ],
        [
          34,
          34,
          147,
          202
        ]
      ]
    },
    "jumping": {
      "animation": "Relax",
      "normalization": "safe-max",
      "scale": 0.297029702970297,
      "source_union_bbox": [
        210,
        38,
        568,
        623
      ],
      "target_union_size": [
        106,
        174
      ],
      "target_union_offset": [
        43,
        28
      ],
      "output_bboxes": [
        [
          43,
          30,
          149,
          202
        ],
        [
          43,
          28,
          149,
          202
        ],
        [
          43,
          28,
          149,
          199
        ],
        [
          43,
          28,
          149,
          202
        ],
        [
          43,
          29,
          148,
          202
        ]
      ]
    },
    "failed": {
      "animation": "Sleep",
      "normalization": "safe-max",
      "scale": 0.297029702970297,
      "source_union_bbox": [
        81,
        363,
        687,
        656
      ],
      "target_union_size": [
        180,
        87
      ],
      "target_union_offset": [
        6,
        115
      ],
      "output_bboxes": [
        [
          6,
          115,
          186,
          202
        ],
        [
          6,
          115,
          186,
          202
        ],
        [
          6,
          115,
          186,
          202
        ],
        [
          6,
          115,
          186,
          202
        ],
        [
          6,
          115,
          186,
          202
        ],
        [
          6,
          115,
          186,
          202
        ],
        [
          6,
          115,
          186,
          202
        ],
        [
          6,
          115,
          186,
          202
        ]
      ]
    },
    "waiting": {
      "animation": "Sit",
      "normalization": "safe-max",
      "scale": 0.297029702970297,
      "source_union_bbox": [
        214,
        218,
        601,
        782
      ],
      "target_union_size": [
        115,
        168
      ],
      "target_union_offset": [
        38,
        34
      ],
      "output_bboxes": [
        [
          38,
          34,
          146,
          202
        ],
        [
          38,
          34,
          145,
          202
        ],
        [
          38,
          34,
          146,
          202
        ],
        [
          38,
          34,
          153,
          202
        ],
        [
          38,
          34,
          146,
          202
        ],
        [
          38,
          34,
          146,
          202
        ]
      ]
    },
    "running": {
      "animation": "Interact",
      "normalization": "safe-max",
      "scale": 0.297029702970297,
      "source_union_bbox": [
        161,
        54,
        614,
        623
      ],
      "target_union_size": [
        135,
        169
      ],
      "target_union_offset": [
        28,
        33
      ],
      "output_bboxes": [
        [
          41,
          33,
          151,
          202
        ],
        [
          33,
          38,
          157,
          202
        ],
        [
          30,
          50,
          163,
          202
        ],
        [
          28,
          50,
          163,
          202
        ],
        [
          29,
          51,
          163,
          202
        ],
        [
          36,
          34,
          149,
          202
        ]
      ]
    },
    "review": {
      "animation": "Relax",
      "normalization": "safe-max",
      "scale": 0.297029702970297,
      "source_union_bbox": [
        210,
        51,
        567,
        623
      ],
      "target_union_size": [
        106,
        170
      ],
      "target_union_offset": [
        43,
        32
      ],