{
  "ok": true,
  "normalization": "safe-max",
  "margin": 6,
  "safe_max": {
    "scale": 0.2931596091205212,
    "max_state_union_width": 614,
    "max_state_union_height": 605,
    "available_width": 180,
    "available_height": 196,
    "source_canvas": [
      768,
      832
    ],
    "registration": "pet-wide scale with per-state union registration"
  },
  "states": {
    "idle": {
      "animation": "Relax",
      "normalization": "safe-max",
      "scale": 0.2931596091205212,
      "source_union_bbox": [
        246,
        55,
        579,
        644
      ],
      "target_union_size": [
        98,
        173
      ],
      "target_union_offset": [
        47,
        29
      ],
      "output_bboxes": [
        [
          47,
          29,
          145,
          202
        ],
        [
          47,
          29,
          145,
          202
        ],
        [
          47,
          29,
          145,
          202
        ],
        [
          47,
          29,
          145,
          202
        ],
        [
          47,
          29,
          145,
          202
        ],
        [
          47,
          29,
          145,
          202
        ]
      ]
    },
    "running-right": {
      "animation": "Move",
      "normalization": "safe-max",
      "scale": 0.2931596091205212,
      "source_union_bbox": [
        248,
        50,
        581,
        645
      ],
      "target_union_size": [
        98,
        174
      ],
      "target_union_offset": [
        47,
        28
      ],
      "output_bboxes": [
        [
          50,
          28,
          145,
          202
        ],
        [
          47,
          28,
          145,
          202
        ],
        [
          50,
          28,
          145,
          202
        ],
        [
          47,
          28,
          145,
          202
        ],
        [
          50,
          28,
          145,
          202
        ],
        [
          47,
          28,
          145,
          202
        ],
        [
          50,
          28,
          145,
          202
        ],
        [
          47,
          28,
          145,
          202
        ]
      ]
    },
    "running-left": {
      "animation": "Move",
      "normalization": "safe-max",
      "scale": 0.2931596091205212,
      "source_union_bbox": [
        187,
        50,
        520,
        645
      ],
      "target_union_size": [
        98,
        174
      ],
      "target_union_offset": [
        47,
        28
      ],
      "output_bboxes": [
        [
          47,
          28,
          142,
          202
        ],
        [
          47,
          28,
          145,
          202
        ],
        [
          47,
          28,
          142,
          202
        ],
        [
          47,
          28,
          145,
          202
        ],
        [
          47,
          28,
          142,
          202
        ],
        [
          47,
          28,
          145,
          202
        ],
        [
          47,
          28,
          142,
          202
        ],
        [
          47,
          28,
          145,
          202
        ]
      ]
    },
    "waving": {
      "animation": "Interact",
      "normalization": "safe-max",
      "scale": 0.2931596091205212,
      "source_union_bbox": [
        215,
        56,
        622,
        644
      ],
      "target_union_size": [
        119,
        172
      ],
      "target_union_offset": [
        36,
        30
      ],
      "output_bboxes": [
        [
          45,
          30,
          145,
          202
        ],
        [
          36,
          30,
          155,
          202
        ],
        [
          36,
          30,
          155,
          202
        ],
        [
          48,
          30,
          144,
          202
        ]
      ]
    },
    "jumping": {
      "animation": "Relax",
      "normalization": "safe-max",
      "scale": 0.2931596091205212,
      "source_union_bbox": [
        246,
        39,
        579,
        644
      ],
      "target_union_size": [
        98,
        177
      ],
      "target_union_offset": [
        47,
        25
      ],
      "output_bboxes": [
        [
          47,
          28,
          145,
          202
        ],
        [
          47,
          25,
          145,
          202
        ],
        [
          47,
          25,
          145,
          200
        ],
        [
          47,
          25,
          145,
          202
        ],
        [
          47,
          27,
          145,
          202
        ]
      ]
    },
    "failed": {
      "animation": "Sleep",
      "normalization": "safe-max",
      "scale": 0.2931596091205212,
      "source_union_bbox": [
        77,
        407,
        691,
        667
      ],
      "target_union_size": [
        180,
        76
      ],
      "target_union_offset": [
        6,
        126
      ],
      "output_bboxes": [
        [
          6,
          126,
          186,
          202
        ],
        [
          7,
          126,
          186,
          202
        ],
        [
          6,
          126,
          186,
          202
        ],
        [
          6,
          126,
          186,
          202
        ],
        [
          6,
          126,
          186,
          202
        ],
        [
          6,
          126,
          186,
          202
        ],
        [
          6,
          126,
          186,
          202
        ],
        [
          6,
          126,
          186,
          202
        ]
      ]
    },
    "waiting": {
      "animation": "Sit",
      "normalization": "safe-max",
      "scale": 0.2931596091205212,
      "source_union_bbox": [
        291,
        233,
        601,
        782
      ],
      "target_union_size": [
        91,
        161
      ],
      "target_union_offset": [
        50,
        41
      ],
      "output_bboxes": [
        [
          50,
          41,
          141,
          202
        ],
        [
          50,
          41,
          141,
          202
        ],
        [
          50,
          41,
          141,
          202
        ],
        [
          50,
          41,
          141,
          202
        ],
        [
          50,
          41,
          141,
          202
        ],
        [
          50,
          41,
          141,
          202
        ]
      ]
    },
    "running": {
      "animation": "Interact",
      "normalization": "safe-max",
      "scale": 0.2931596091205212,
      "source_union_bbox": [
        215,
        56,
        622,
        644
      ],
      "target_union_size": [
        119,
        172
      ],
      "target_union_offset": [
        36,
        30
      ],
      "output_bboxes": [
        [
          45,
          30,
          145,
          202
        ],
        [
          36,
          30,
          151,
          202
        ],
        [
          36,
          30,
          155,
          202
        ],
        [
          36,
          30,
          155,
          202
        ],
        [
          36,
          30,
          155,
          202
        ],
        [
          48,
          30,
          144,
          202
        ]
      ]
    },
    "review": {
      "animation": "Relax",
      "normalization": "safe-max",
      "scale": 0.2931596091205212,
      "source_union_bbox": [
        246,
        55,
        579,
        644
      ],
      "target_union_size": [
        98,
        173
      ],
      "target_union_offset": [
        47,
        29
      ],