{
  "ok": true,
  "normalization": "safe-max",
  "margin": 6,
  "safe_max": {
    "scale": 0.3119584055459272,
    "max_state_union_width": 577,
    "max_state_union_height": 582,
    "available_width": 180,
    "available_height": 196,
    "source_canvas": [
      768,
      832
    ],
    "registration": "pet-wide scale with per-state union registration"
  },
  "states": {
    "idle": {
      "animation": "Relax",
      "normalization": "safe-max",
      "scale": 0.3119584055459272,
      "source_union_bbox": [
        244,
        60,
        574,
        629
      ],
      "target_union_size": [
        103,
        178
      ],
      "target_union_offset": [
        44,
        24
      ],
      "output_bboxes": [
        [
          44,
          24,
          144,
          202
        ],
        [
          48,
          24,
          147,
          202
        ],
        [
          44,
          24,
          144,
          202
        ],
        [
          48,
          24,
          147,
          202
        ],
        [
          44,
          24,
          144,
          202
        ],
        [
          48,
          24,
          147,
          202
        ]
      ]
    },
    "running-right": {
      "animation": "Move",
      "normalization": "safe-max",
      "scale": 0.3119584055459272,
      "source_union_bbox": [
        236,
        54,
        575,
        636
      ],
      "target_union_size": [
        106,
        182
      ],
      "target_union_offset": [
        43,
        20
      ],
      "output_bboxes": [
        [
          44,
          20,
          146,
          202
        ],
        [
          52,
          20,
          149,
          202
        ],
        [
          50,
          21,
          149,
          202
        ],
        [
          43,
          20,
          145,
          202
        ],
        [
          44,
          20,
          146,
          202
        ],
        [
          52,
          20,
          149,
          202
        ],
        [
          50,
          21,
          149,
          202
        ],
        [
          43,
          20,
          145,
          202
        ]
      ]
    },
    "running-left": {
      "animation": "Move",
      "normalization": "safe-max",
      "scale": 0.3119584055459272,
      "source_union_bbox": [
        193,
        54,
        532,
        636
      ],
      "target_union_size": [
        106,
        182
      ],
      "target_union_offset": [
        43,
        20
      ],
      "output_bboxes": [
        [
          46,
          20,
          148,
          202
        ],
        [
          43,
          20,
          140,
          202
        ],
        [
          43,
          21,
          142,
          202
        ],
        [
          47,
          20,
          149,
          202
        ],
        [
          46,
          20,
          148,
          202
        ],
        [
          43,
          20,
          140,
          202
        ],
        [
          43,
          21,
          142,
          202
        ],
        [
          47,
          20,
          149,
          202
        ]
      ]
    },
    "waving": {
      "animation": "Interact",
      "normalization": "safe-max",
      "scale": 0.3119584055459272,
      "source_union_bbox": [
        225,
        50,
        558,
        629
      ],
      "target_union_size": [
        104,
        181
      ],
      "target_union_offset": [
        44,
        21
      ],
      "output_bboxes": [
        [
          48,
          22,
          148,
          202
        ],
        [
          44,
          21,
          144,
          202
        ],
        [
          45,
          22,
          147,
          202
        ],
        [
          50,
          21,
          148,
          202
        ]
      ]
    },
    "jumping": {
      "animation": "Relax",
      "normalization": "safe-max",
      "scale": 0.3119584055459272,
      "source_union_bbox": [
        244,
        49,
        574,
        629
      ],
      "target_union_size": [
        103,
        181
      ],
      "target_union_offset": [
        44,
        21
      ],
      "output_bboxes": [
        [
          44,
          22,
          144,
          202
        ],
        [
          48,
          21,
          147,
          202
        ],
        [
          48,
          21,
          147,
          200
        ],
        [
          48,
          21,
          147,
          202
        ],
        [
          48,
          24,
          147,
          202
        ]
      ]
    },
    "failed": {
      "animation": "Sleep",
      "normalization": "safe-max",
      "scale": 0.3119584055459272,
      "source_union_bbox": [
        95,
        424,
        672,
        698
      ],
      "target_union_size": [
        180,
        85
      ],
      "target_union_offset": [
        6,
        117
      ],
      "output_bboxes": [
        [
          6,
          119,
          186,
          202
        ],
        [
          6,
          117,
          186,
          199
        ],
        [
          6,
          119,
          186,
          202
        ],
        [
          6,
          117,
          186,
          199
        ],
        [
          6,
          119,
          186,
          202
        ],
        [
          6,
          117,
          186,
          199
        ],
        [
          6,
          119,
          186,
          202
        ],
        [
          6,
          117,
          186,
          199
        ]
      ]
    },
    "waiting": {
      "animation": "Sit",
      "normalization": "safe-max",
      "scale": 0.3119584055459272,
      "source_union_bbox": [
        235,
        249,
        596,
        782
      ],
      "target_union_size": [
        113,
        166
      ],
      "target_union_offset": [
        39,
        36
      ],
      "output_bboxes": [
        [
          39,
          36,
          152,
          202
        ],
        [
          42,
          36,
          152,
          202
        ],
        [
          39,
          36,
          152,
          202
        ],
        [
          39,
          36,
          152,
          202
        ],
        [
          39,
          36,
          152,
          202
        ],
        [
          42,
          36,
          152,
          202
        ]
      ]
    },
    "running": {
      "animation": "Interact",
      "normalization": "safe-max",
      "scale": 0.3119584055459272,
      "source_union_bbox": [
        225,
        50,
        568,
        629
      ],
      "target_union_size": [
        107,
        181
      ],
      "target_union_offset": [
        42,
        21
      ],
      "output_bboxes": [
        [
          46,
          22,
          148,
          202
        ],
        [
          51,
          22,
          149,
          202
        ],
        [
          42,
          21,
          142,
          202
        ],
        [
          48,
          21,
          149,
          202
        ],
        [
          43,
          22,
          145,
          202
        ],
        [
          48,
          21,
          148,
          202
        ]
      ]
    },
    "review": {
      "animation": "Relax",
      "normalization": "safe-max",
      "scale": 0.3119584055459272,
      "source_union_bbox": [
        244,
        60,
        574,
        629
      ],
      "target_union_size": [
        103,
        178
      ],
      "target_union_offset": [
        44,
        24
      ],