{
  "ok": true,
  "normalization": "safe-max",
  "margin": 6,
  "safe_max": {
    "scale": 0.27692307692307694,
    "max_state_union_width": 650,
    "max_state_union_height": 590,
    "available_width": 180,
    "available_height": 196,
    "source_canvas": [
      768,
      832
    ],
    "registration": "pet-wide scale with per-state union registration"
  },
  "states": {
    "idle": {
      "animation": "Relax",
      "normalization": "safe-max",
      "scale": 0.27692307692307694,
      "source_union_bbox": [
        136,
        60,
        529,
        636
      ],
      "target_union_size": [
        109,
        160
      ],
      "target_union_offset": [
        41,
        42
      ],
      "output_bboxes": [
        [
          42,
          42,
          150,
          202
        ],
        [
          41,
          42,
          150,
          202
        ],
        [
          41,
          42,
          150,
          202
        ],
        [
          41,
          42,
          150,
          202
        ],
        [
          41,
          42,
          150,
          202
        ],
        [
          41,
          42,
          150,
          202
        ]
      ]
    },
    "running-right": {
      "animation": "Move",
      "normalization": "safe-max",
      "scale": 0.27692307692307694,
      "source_union_bbox": [
        147,
        50,
        562,
        636
      ],
      "target_union_size": [
        115,
        162
      ],
      "target_union_offset": [
        38,
        40
      ],
      "output_bboxes": [
        [
          40,
          40,
          153,
          202
        ],
        [
          38,
          40,
          150,
          202
        ],
        [
          38,
          41,
          153,
          202
        ],
        [
          38,
          40,
          153,
          202
        ],
        [
          40,
          40,
          153,
          202
        ],
        [
          38,
          40,
          150,
          202
        ],
        [
          38,
          41,
          153,
          202
        ],
        [
          39,
          40,
          153,
          202
        ]
      ]
    },
    "running-left": {
      "animation": "Move",
      "normalization": "safe-max",
      "scale": 0.27692307692307694,
      "source_union_bbox": [
        206,
        50,
        621,
        636
      ],
      "target_union_size": [
        115,
        162
      ],
      "target_union_offset": [
        38,
        40
      ],
      "output_bboxes": [
        [
          38,
          40,
          151,
          202
        ],
        [
          41,
          40,
          153,
          202
        ],
        [
          38,
          41,
          153,
          202
        ],
        [
          38,
          40,
          153,
          202
        ],
        [
          38,
          40,
          151,
          202
        ],
        [
          41,
          40,
          153,
          202
        ],
        [
          38,
          41,
          153,
          202
        ],
        [
          38,
          40,
          152,
          202
        ]
      ]
    },
    "waving": {
      "animation": "Interact",
      "normalization": "safe-max",
      "scale": 0.27692307692307694,
      "source_union_bbox": [
        127,
        60,
        529,
        636
      ],
      "target_union_size": [
        111,
        160
      ],
      "target_union_offset": [
        40,
        42
      ],
      "output_bboxes": [
        [
          43,
          42,
          151,
          202
        ],
        [
          43,
          42,
          151,
          202
        ],
        [
          40,
          43,
          151,
          202
        ],
        [
          41,
          42,
          151,
          202
        ]
      ]
    },
    "jumping": {
      "animation": "Relax",
      "normalization": "safe-max",
      "scale": 0.27692307692307694,
      "source_union_bbox": [
        136,
        46,
        529,
        636
      ],
      "target_union_size": [
        109,
        163
      ],
      "target_union_offset": [
        41,
        39
      ],
      "output_bboxes": [
        [
          42,
          40,
          150,
          202
        ],
        [
          41,
          39,
          150,
          202
        ],
        [
          41,
          39,
          150,
          200
        ],
        [
          41,
          39,
          150,
          202
        ],
        [
          41,
          41,
          150,
          202
        ]
      ]
    },
    "failed": {
      "animation": "Sleep",
      "normalization": "safe-max",
      "scale": 0.27692307692307694,
      "source_union_bbox": [
        59,
        400,
        709,
        653
      ],
      "target_union_size": [
        180,
        70
      ],
      "target_union_offset": [
        6,
        132
      ],
      "output_bboxes": [
        [
          6,
          132,
          186,
          202
        ],
        [
          6,
          132,
          186,
          202
        ],
        [
          6,
          132,
          186,
          202
        ],
        [
          6,
          132,
          186,
          202
        ],
        [
          6,
          132,
          186,
          202
        ],
        [
          6,
          132,
          186,
          202
        ],
        [
          6,
          132,
          186,
          202
        ],
        [
          6,
          132,
          186,
          202
        ]
      ]
    },
    "waiting": {
      "animation": "Sit",
      "normalization": "safe-max",
      "scale": 0.27692307692307694,
      "source_union_bbox": [
        140,
        233,
        552,
        782
      ],
      "target_union_size": [
        114,
        152
      ],
      "target_union_offset": [
        39,
        50
      ],
      "output_bboxes": [
        [
          40,
          50,
          153,
          202
        ],
        [
          39,
          50,
          153,
          202
        ],
        [
          39,
          50,
          153,
          202
        ],
        [
          40,
          50,
          153,
          202
        ],
        [
          39,
          50,
          153,
          202
        ],
        [
          39,
          50,
          153,
          202
        ]
      ]
    },
    "running": {
      "animation": "Interact",
      "normalization": "safe-max",
      "scale": 0.27692307692307694,
      "source_union_bbox": [
        127,
        60,
        531,
        636
      ],
      "target_union_size": [
        112,
        160
      ],
      "target_union_offset": [
        40,
        42
      ],
      "output_bboxes": [
        [
          43,
          42,
          152,
          202
        ],
        [
          45,
          42,
          152,
          202
        ],
        [
          43,
          42,
          152,
          202
        ],
        [
          40,
          43,
          152,
          202
        ],
        [
          40,
          43,
          152,
          202
        ],
        [
          41,
          42,
          152,
          202
        ]
      ]
    },
    "review": {
      "animation": "Relax",
      "normalization": "safe-max",
      "scale": 0.27692307692307694,
      "source_union_bbox": [
        136,
        60,
        529,
        636
      ],
      "target_union_size": [
        109,
        160
      ],
      "target_union_offset": [
        41,
        42
      ],