{
  "ok": true,
  "normalization": "safe-max",
  "margin": 6,
  "safe_max": {
    "scale": 0.29079159935379645,
    "max_state_union_width": 619,
    "max_state_union_height": 587,
    "available_width": 180,
    "available_height": 196,
    "source_canvas": [
      768,
      832
    ],
    "registration": "pet-wide scale with per-state union registration"
  },
  "states": {
    "idle": {
      "animation": "Relax",
      "normalization": "safe-max",
      "scale": 0.29079159935379645,
      "source_union_bbox": [
        210,
        56,
        546,
        628
      ],
      "target_union_size": [
        98,
        166
      ],
      "target_union_offset": [
        47,
        36
      ],
      "output_bboxes": [
        [
          53,
          36,
          145,
          202
        ],
        [
          56,
          36,
          145,
          202
        ],
        [
          47,
          36,
          145,
          202
        ],
        [
          59,
          36,
          145,
          202
        ],
        [
          50,
          37,
          145,
          202
        ],
        [
          47,
          36,
          145,
          202
        ]
      ]
    },
    "running-right": {
      "animation": "Move",
      "normalization": "safe-max",
      "scale": 0.29079159935379645,
      "source_union_bbox": [
        224,
        49,
        555,
        629
      ],
      "target_union_size": [
        96,
        169
      ],
      "target_union_offset": [
        48,
        33
      ],
      "output_bboxes": [
        [
          48,
          35,
          144,
          202
        ],
        [
          60,
          33,
          144,
          202
        ],
        [
          49,
          35,
          144,
          202
        ],
        [
          65,
          33,
          144,
          202
        ],
        [
          48,
          35,
          144,
          202
        ],
        [
          60,
          33,
          144,
          202
        ],
        [
          49,
          35,
          144,
          202
        ],
        [
          65,
          33,
          144,
          202
        ]
      ]
    },
    "running-left": {
      "animation": "Move",
      "normalization": "safe-max",
      "scale": 0.29079159935379645,
      "source_union_bbox": [
        213,
        49,
        544,
        629
      ],
      "target_union_size": [
        96,
        169
      ],
      "target_union_offset": [
        48,
        33
      ],
      "output_bboxes": [
        [
          48,
          35,
          144,
          202
        ],
        [
          48,
          33,
          132,
          202
        ],
        [
          48,
          35,
          143,
          202
        ],
        [
          48,
          33,
          127,
          202
        ],
        [
          48,
          35,
          144,
          202
        ],
        [
          48,
          33,
          132,
          202
        ],
        [
          48,
          35,
          143,
          202
        ],
        [
          48,
          33,
          127,
          202
        ]
      ]
    },
    "waving": {
      "animation": "Interact",
      "normalization": "safe-max",
      "scale": 0.29079159935379645,
      "source_union_bbox": [
        158,
        56,
        546,
        628
      ],
      "target_union_size": [
        113,
        166
      ],
      "target_union_offset": [
        39,
        36
      ],
      "output_bboxes": [
        [
          60,
          36,
          152,
          202
        ],
        [
          52,
          41,
          152,
          202
        ],
        [
          39,
          41,
          152,
          202
        ],
        [
          59,
          37,
          152,
          202
        ]
      ]
    },
    "jumping": {
      "animation": "Relax",
      "normalization": "safe-max",
      "scale": 0.29079159935379645,
      "source_union_bbox": [
        213,
        41,
        546,
        628
      ],
      "target_union_size": [
        97,
        171
      ],
      "target_union_offset": [
        47,
        31
      ],
      "output_bboxes": [
        [
          52,
          33,
          144,
          202
        ],
        [
          55,
          34,
          144,
          202
        ],
        [
          58,
          31,
          144,
          200
        ],
        [
          47,
          31,
          144,
          202
        ],
        [
          47,
          34,
          144,
          202
        ]
      ]
    },
    "failed": {
      "animation": "Sleep",
      "normalization": "safe-max",
      "scale": 0.29079159935379645,
      "source_union_bbox": [
        74,
        407,
        693,
        651
      ],
      "target_union_size": [
        180,
        71
      ],
      "target_union_offset": [
        6,
        131
      ],
      "output_bboxes": [
        [
          6,
          131,
          186,
          202
        ],
        [
          6,
          131,
          186,
          202
        ],
        [
          6,
          131,
          186,
          202
        ],
        [
          6,
          131,
          186,
          202
        ],
        [
          6,
          131,
          186,
          202
        ],
        [
          6,
          131,
          185,
          202
        ],
        [
          6,
          131,
          186,
          202
        ],
        [
          6,
          131,
          186,
          202
        ]
      ]
    },
    "waiting": {
      "animation": "Sit",
      "normalization": "safe-max",
      "scale": 0.29079159935379645,
      "source_union_bbox": [
        206,
        229,
        553,
        772
      ],
      "target_union_size": [
        101,
        158
      ],
      "target_union_offset": [
        45,
        44
      ],
      "output_bboxes": [
        [
          67,
          44,
          146,
          202
        ],
        [
          46,
          44,
          146,
          202
        ],
        [
          61,
          44,
          146,
          202
        ],
        [
          45,
          44,
          146,
          202
        ],
        [
          51,
          44,
          146,
          202
        ],
        [
          51,
          44,
          146,
          202
        ]
      ]
    },
    "running": {
      "animation": "Interact",
      "normalization": "safe-max",
      "scale": 0.29079159935379645,
      "source_union_bbox": [
        158,
        56,
        546,
        628
      ],
      "target_union_size": [
        113,
        166
      ],
      "target_union_offset": [
        39,
        36
      ],
      "output_bboxes": [
        [
          60,
          36,
          152,
          202
        ],
        [
          40,
          40,
          152,
          202
        ],
        [
          52,
          41,
          152,
          202
        ],
        [
          52,
          41,
          152,
          202
        ],
        [
          39,
          41,
          152,
          202
        ],
        [
          59,
          37,
          152,
          202
        ]
      ]
    },
    "review": {
      "animation": "Relax",
      "normalization": "safe-max",
      "scale": 0.29079159935379645,
      "source_union_bbox": [
        210,
        56,
        546,
        628
      ],
      "target_union_size": [
        98,
        166
      ],
      "target_union_offset": [
        47,
        36
      ],