{
  "ok": true,
  "normalization": "safe-max",
  "margin": 6,
  "safe_max": {
    "scale": 0.297029702970297,
    "max_state_union_width": 606,
    "max_state_union_height": 591,
    "available_width": 180,
    "available_height": 196,
    "source_canvas": [
      768,
      832
    ],
    "registration": "pet-wide scale with per-state union registration"
  },
  "states": {
    "idle": {
      "animation": "Relax",
      "normalization": "safe-max",
      "scale": 0.297029702970297,
      "source_union_bbox": [
        224,
        53,
        516,
        633
      ],
      "target_union_size": [
        87,
        172
      ],
      "target_union_offset": [
        52,
        30
      ],
      "output_bboxes": [
        [
          52,
          30,
          139,
          202
        ],
        [
          52,
          30,
          139,
          202
        ],
        [
          54,
          30,
          139,
          202
        ],
        [
          55,
          30,
          139,
          202
        ],
        [
          55,
          30,
          139,
          202
        ],
        [
          54,
          30,
          139,
          202
        ]
      ]
    },
    "running-right": {
      "animation": "Move",
      "normalization": "safe-max",
      "scale": 0.297029702970297,
      "source_union_bbox": [
        229,
        50,
        523,
        638
      ],
      "target_union_size": [
        87,
        175
      ],
      "target_union_offset": [
        52,
        27
      ],
      "output_bboxes": [
        [
          52,
          27,
          136,
          202
        ],
        [
          52,
          27,
          136,
          202
        ],
        [
          52,
          27,
          139,
          202
        ],
        [
          53,
          27,
          135,
          201
        ],
        [
          52,
          27,
          135,
          202
        ],
        [
          52,
          27,
          135,
          202
        ],
        [
          52,
          27,
          138,
          202
        ],
        [
          52,
          27,
          137,
          202
        ]
      ]
    },
    "running-left": {
      "animation": "Move",
      "normalization": "safe-max",
      "scale": 0.297029702970297,
      "source_union_bbox": [
        245,
        50,
        539,
        638
      ],
      "target_union_size": [
        87,
        175
      ],
      "target_union_offset": [
        52,
        27
      ],
      "output_bboxes": [
        [
          55,
          27,
          139,
          202
        ],
        [
          55,
          27,
          139,
          202
        ],
        [
          52,
          27,
          139,
          202
        ],
        [
          56,
          27,
          138,
          201
        ],
        [
          56,
          27,
          139,
          202
        ],
        [
          56,
          27,
          139,
          202
        ],
        [
          53,
          27,
          139,
          202
        ],
        [
          54,
          27,
          139,
          202
        ]
      ]
    },
    "waving": {
      "animation": "Interact",
      "normalization": "safe-max",
      "scale": 0.297029702970297,
      "source_union_bbox": [
        171,
        53,
        515,
        632
      ],
      "target_union_size": [
        102,
        172
      ],
      "target_union_offset": [
        45,
        30
      ],
      "output_bboxes": [
        [
          59,
          30,
          147,
          202
        ],
        [
          45,
          36,
          147,
          202
        ],
        [
          45,
          36,
          147,
          202
        ],
        [
          52,
          34,
          147,
          202
        ]
      ]
    },
    "jumping": {
      "animation": "Relax",
      "normalization": "safe-max",
      "scale": 0.297029702970297,
      "source_union_bbox": [
        224,
        41,
        516,
        632
      ],
      "target_union_size": [
        87,
        176
      ],
      "target_union_offset": [
        52,
        26
      ],
      "output_bboxes": [
        [
          52,
          27,
          139,
          202
        ],
        [
          52,
          26,
          139,
          201
        ],
        [
          55,
          26,
          139,
          199
        ],
        [
          55,
          26,
          139,
          201
        ],
        [
          54,
          27,
          139,
          202
        ]
      ]
    },
    "failed": {
      "animation": "Sleep",
      "normalization": "safe-max",
      "scale": 0.297029702970297,
      "source_union_bbox": [
        81,
        382,
        687,
        676
      ],
      "target_union_size": [
        180,
        87
      ],
      "target_union_offset": [
        6,
        115
      ],
      "output_bboxes": [
        [
          6,
          115,
          186,
          202
        ],
        [
          6,
          115,
          186,
          202
        ],
        [
          6,
          115,
          186,
          202
        ],
        [
          6,
          115,
          186,
          202
        ],
        [
          6,
          115,
          186,
          202
        ],
        [
          6,
          115,
          186,
          202
        ],
        [
          6,
          115,
          186,
          202
        ],
        [
          6,
          115,
          186,
          202
        ]
      ]
    },
    "waiting": {
      "animation": "Sit",
      "normalization": "safe-max",
      "scale": 0.297029702970297,
      "source_union_bbox": [
        208,
        225,
        571,
        782
      ],
      "target_union_size": [
        108,
        165
      ],
      "target_union_offset": [
        42,
        37
      ],
      "output_bboxes": [
        [
          50,
          37,
          150,
          202
        ],
        [
          42,
          37,
          149,
          202
        ],
        [
          50,
          37,
          150,
          202
        ],
        [
          50,
          37,
          150,
          202
        ],
        [
          50,
          37,
          150,
          202
        ],
        [
          42,
          37,
          149,
          202
        ]
      ]
    },
    "running": {
      "animation": "Interact",
      "normalization": "safe-max",
      "scale": 0.297029702970297,
      "source_union_bbox": [
        171,
        53,
        515,
        632
      ],
      "target_union_size": [
        102,
        172
      ],
      "target_union_offset": [
        45,
        30
      ],
      "output_bboxes": [
        [
          59,
          30,
          147,
          202
        ],
        [
          45,
          36,
          147,
          202
        ],
        [
          45,
          36,
          147,
          202
        ],
        [
          45,
          36,
          147,
          202
        ],
        [
          45,
          36,
          147,
          202
        ],
        [
          52,
          34,
          147,
          202
        ]
      ]
    },
    "review": {
      "animation": "Relax",
      "normalization": "safe-max",
      "scale": 0.297029702970297,
      "source_union_bbox": [
        224,
        53,
        516,
        633
      ],
      "target_union_size": [
        87,
        172
      ],
      "target_union_offset": [
        52,
        30
      ],