{
  "ok": true,
  "normalization": "safe-max",
  "margin": 6,
  "safe_max": {
    "scale": 0.29605263157894735,
    "max_state_union_width": 608,
    "max_state_union_height": 600,
    "available_width": 180,
    "available_height": 196,
    "source_canvas": [
      768,
      832
    ],
    "registration": "pet-wide scale with per-state union registration"
  },
  "states": {
    "idle": {
      "animation": "Relax",
      "normalization": "safe-max",
      "scale": 0.29605263157894735,
      "source_union_bbox": [
        263,
        80,
        640,
        650
      ],
      "target_union_size": [
        112,
        169
      ],
      "target_union_offset": [
        40,
        33
      ],
      "output_bboxes": [
        [
          40,
          33,
          150,
          202
        ],
        [
          40,
          33,
          151,
          202
        ],
        [
          40,
          33,
          152,
          202
        ],
        [
          40,
          33,
          152,
          202
        ],
        [
          40,
          33,
          150,
          202
        ],
        [
          40,
          33,
          152,
          202
        ]
      ]
    },
    "running-right": {
      "animation": "Move",
      "normalization": "safe-max",
      "scale": 0.29605263157894735,
      "source_union_bbox": [
        258,
        74,
        641,
        650
      ],
      "target_union_size": [
        113,
        171
      ],
      "target_union_offset": [
        39,
        31
      ],
      "output_bboxes": [
        [
          39,
          31,
          152,
          201
        ],
        [
          40,
          31,
          150,
          202
        ],
        [
          39,
          31,
          152,
          202
        ],
        [
          40,
          31,
          150,
          202
        ],
        [
          39,
          31,
          152,
          201
        ],
        [
          40,
          31,
          150,
          202
        ],
        [
          39,
          31,
          152,
          202
        ],
        [
          40,
          31,
          150,
          202
        ]
      ]
    },
    "running-left": {
      "animation": "Move",
      "normalization": "safe-max",
      "scale": 0.29605263157894735,
      "source_union_bbox": [
        127,
        74,
        510,
        650
      ],
      "target_union_size": [
        113,
        171
      ],
      "target_union_offset": [
        39,
        31
      ],
      "output_bboxes": [
        [
          39,
          31,
          152,
          201
        ],
        [
          41,
          31,
          151,
          202
        ],
        [
          39,
          31,
          152,
          202
        ],
        [
          41,
          31,
          151,
          202
        ],
        [
          39,
          31,
          152,
          201
        ],
        [
          41,
          31,
          151,
          202
        ],
        [
          39,
          31,
          152,
          202
        ],
        [
          41,
          31,
          151,
          202
        ]
      ]
    },
    "waving": {
      "animation": "Interact",
      "normalization": "safe-max",
      "scale": 0.29605263157894735,
      "source_union_bbox": [
        224,
        50,
        626,
        650
      ],
      "target_union_size": [
        119,
        178
      ],
      "target_union_offset": [
        36,
        24
      ],
      "output_bboxes": [
        [
          47,
          31,
          155,
          202
        ],
        [
          36,
          24,
          124,
          202
        ],
        [
          40,
          24,
          128,
          202
        ],
        [
          47,
          30,
          146,
          202
        ]
      ]
    },
    "jumping": {
      "animation": "Relax",
      "normalization": "safe-max",
      "scale": 0.29605263157894735,
      "source_union_bbox": [
        266,
        66,
        637,
        650
      ],
      "target_union_size": [
        110,
        173
      ],
      "target_union_offset": [
        41,
        29
      ],
      "output_bboxes": [
        [
          41,
          31,
          150,
          202
        ],
        [
          41,
          29,
          151,
          202
        ],
        [
          41,
          29,
          151,
          200
        ],
        [
          41,
          29,
          151,
          202
        ],
        [
          41,
          31,
          151,
          202
        ]
      ]
    },
    "failed": {
      "animation": "Sleep",
      "normalization": "safe-max",
      "scale": 0.29605263157894735,
      "source_union_bbox": [
        80,
        394,
        688,
        658
      ],
      "target_union_size": [
        180,
        78
      ],
      "target_union_offset": [
        6,
        124
      ],
      "output_bboxes": [
        [
          6,
          124,
          186,
          202
        ],
        [
          6,
          124,
          186,
          202
        ],
        [
          6,
          126,
          186,
          202
        ],
        [
          6,
          125,
          186,
          202
        ],
        [
          6,
          125,
          186,
          202
        ],
        [
          6,
          125,
          186,
          202
        ],
        [
          6,
          124,
          186,
          202
        ],
        [
          6,
          124,
          186,
          202
        ]
      ]
    },
    "waiting": {
      "animation": "Sit",
      "normalization": "safe-max",
      "scale": 0.29605263157894735,
      "source_union_bbox": [
        254,
        243,
        631,
        782
      ],
      "target_union_size": [
        112,
        160
      ],
      "target_union_offset": [
        40,
        42
      ],
      "output_bboxes": [
        [
          40,
          42,
          151,
          202
        ],
        [
          40,
          42,
          152,
          202
        ],
        [
          40,
          42,
          152,
          202
        ],
        [
          40,
          42,
          151,
          202
        ],
        [
          40,
          42,
          152,
          202
        ],
        [
          40,
          42,
          152,
          202
        ]
      ]
    },
    "running": {
      "animation": "Interact",
      "normalization": "safe-max",
      "scale": 0.29605263157894735,
      "source_union_bbox": [
        224,
        50,
        626,
        650
      ],
      "target_union_size": [
        119,
        178
      ],
      "target_union_offset": [
        36,
        24
      ],
      "output_bboxes": [
        [
          47,
          31,
          155,
          202
        ],
        [
          37,
          27,
          137,
          202
        ],
        [
          36,
          24,
          124,
          202
        ],
        [
          37,
          24,
          126,
          202
        ],
        [
          40,
          24,
          128,
          202
        ],
        [
          47,
          30,
          146,
          202
        ]
      ]
    },
    "review": {
      "animation": "Relax",
      "normalization": "safe-max",
      "scale": 0.29605263157894735,
      "source_union_bbox": [
        263,
        80,
        640,
        650
      ],
      "target_union_size": [
        112,
        169
      ],
      "target_union_offset": [
        40,
        33
      ],