{
  "ok": true,
  "normalization": "safe-max",
  "margin": 6,
  "safe_max": {
    "scale": 0.30560271646859083,
    "max_state_union_width": 589,
    "max_state_union_height": 584,
    "available_width": 180,
    "available_height": 196,
    "source_canvas": [
      768,
      832
    ],
    "registration": "pet-wide scale with per-state union registration"
  },
  "states": {
    "idle": {
      "animation": "Relax",
      "normalization": "safe-max",
      "scale": 0.30560271646859083,
      "source_union_bbox": [
        239,
        50,
        554,
        622
      ],
      "target_union_size": [
        96,
        175
      ],
      "target_union_offset": [
        48,
        27
      ],
      "output_bboxes": [
        [
          48,
          27,
          144,
          202
        ],
        [
          50,
          27,
          144,
          202
        ],
        [
          50,
          27,
          143,
          202
        ],
        [
          49,
          27,
          144,
          202
        ],
        [
          48,
          27,
          144,
          202
        ],
        [
          48,
          27,
          144,
          202
        ]
      ]
    },
    "running-right": {
      "animation": "Move",
      "normalization": "safe-max",
      "scale": 0.30560271646859083,
      "source_union_bbox": [
        258,
        50,
        581,
        624
      ],
      "target_union_size": [
        99,
        175
      ],
      "target_union_offset": [
        46,
        27
      ],
      "output_bboxes": [
        [
          47,
          27,
          145,
          202
        ],
        [
          48,
          27,
          140,
          202
        ],
        [
          46,
          27,
          139,
          202
        ],
        [
          46,
          27,
          139,
          202
        ],
        [
          46,
          27,
          140,
          202
        ],
        [
          46,
          27,
          140,
          201
        ],
        [
          46,
          27,
          139,
          202
        ],
        [
          46,
          27,
          139,
          202
        ]
      ]
    },
    "running-left": {
      "animation": "Move",
      "normalization": "safe-max",
      "scale": 0.30560271646859083,
      "source_union_bbox": [
        187,
        50,
        510,
        624
      ],
      "target_union_size": [
        99,
        175
      ],
      "target_union_offset": [
        46,
        27
      ],
      "output_bboxes": [
        [
          46,
          27,
          144,
          202
        ],
        [
          51,
          27,
          143,
          202
        ],
        [
          52,
          27,
          145,
          202
        ],
        [
          52,
          27,
          145,
          202
        ],
        [
          51,
          27,
          145,
          202
        ],
        [
          51,
          27,
          145,
          201
        ],
        [
          52,
          27,
          145,
          202
        ],
        [
          52,
          27,
          145,
          202
        ]
      ]
    },
    "waving": {
      "animation": "Interact",
      "normalization": "safe-max",
      "scale": 0.30560271646859083,
      "source_union_bbox": [
        167,
        51,
        550,
        623
      ],
      "target_union_size": [
        117,
        175
      ],
      "target_union_offset": [
        37,
        27
      ],
      "output_bboxes": [
        [
          59,
          27,
          154,
          202
        ],
        [
          53,
          33,
          150,
          202
        ],
        [
          37,
          30,
          151,
          202
        ],
        [
          59,
          30,
          154,
          202
        ]
      ]
    },
    "jumping": {
      "animation": "Relax",
      "normalization": "safe-max",
      "scale": 0.30560271646859083,
      "source_union_bbox": [
        232,
        38,
        554,
        622
      ],
      "target_union_size": [
        98,
        178
      ],
      "target_union_offset": [
        47,
        24
      ],
      "output_bboxes": [
        [
          49,
          26,
          145,
          202
        ],
        [
          51,
          25,
          145,
          202
        ],
        [
          50,
          24,
          145,
          199
        ],
        [
          47,
          25,
          145,
          202
        ],
        [
          47,
          27,
          145,
          202
        ]
      ]
    },
    "failed": {
      "animation": "Sleep",
      "normalization": "safe-max",
      "scale": 0.30560271646859083,
      "source_union_bbox": [
        89,
        424,
        678,
        656
      ],
      "target_union_size": [
        180,
        71
      ],
      "target_union_offset": [
        6,
        131
      ],
      "output_bboxes": [
        [
          6,
          131,
          186,
          202
        ],
        [
          6,
          131,
          186,
          202
        ],
        [
          6,
          131,
          186,
          202
        ],
        [
          6,
          131,
          186,
          202
        ],
        [
          6,
          131,
          186,
          202
        ],
        [
          6,
          131,
          186,
          202
        ],
        [
          6,
          131,
          186,
          202
        ],
        [
          6,
          131,
          186,
          202
        ]
      ]
    },
    "waiting": {
      "animation": "Sit",
      "normalization": "safe-max",
      "scale": 0.30560271646859083,
      "source_union_bbox": [
        287,
        231,
        592,
        782
      ],
      "target_union_size": [
        93,
        168
      ],
      "target_union_offset": [
        49,
        34
      ],
      "output_bboxes": [
        [
          49,
          34,
          142,
          202
        ],
        [
          50,
          34,
          142,
          202
        ],
        [
          49,
          34,
          142,
          202
        ],
        [
          49,
          34,
          142,
          202
        ],
        [
          49,
          34,
          142,
          202
        ],
        [
          49,
          34,
          142,
          202
        ]
      ]
    },
    "running": {
      "animation": "Interact",
      "normalization": "safe-max",
      "scale": 0.30560271646859083,
      "source_union_bbox": [
        167,
        51,
        603,
        623
      ],
      "target_union_size": [
        133,
        175
      ],
      "target_union_offset": [
        29,
        27
      ],
      "output_bboxes": [
        [
          51,
          27,
          148,
          202
        ],
        [
          55,
          29,
          162,
          202
        ],
        [
          45,
          33,
          142,
          202
        ],
        [
          31,
          31,
          142,
          202
        ],
        [
          29,
          30,
          142,
          202
        ],
        [
          51,
          30,
          146,
          202
        ]
      ]
    },
    "review": {
      "animation": "Relax",
      "normalization": "safe-max",
      "scale": 0.30560271646859083,
      "source_union_bbox": [
        232,
        50,
        554,
        622
      ],
      "target_union_size": [
        98,
        175
      ],
      "target_union_offset": [
        47,
        27
      ],