{
  "ok": true,
  "normalization": "safe-max",
  "margin": 6,
  "safe_max": {
    "scale": 0.2677595628415301,
    "max_state_union_width": 584,
    "max_state_union_height": 732,
    "available_width": 180,
    "available_height": 196,
    "source_canvas": [
      768,
      832
    ],
    "registration": "pet-wide scale with per-state union registration"
  },
  "states": {
    "idle": {
      "animation": "Relax",
      "normalization": "safe-max",
      "scale": 0.2677595628415301,
      "source_union_bbox": [
        92,
        109,
        676,
        779
      ],
      "target_union_size": [
        156,
        179
      ],
      "target_union_offset": [
        18,
        23
      ],
      "output_bboxes": [
        [
          18,
          23,
          174,
          202
        ],
        [
          18,
          23,
          174,
          202
        ],
        [
          18,
          23,
          174,
          202
        ],
        [
          18,
          23,
          174,
          202
        ],
        [
          18,
          23,
          174,
          202
        ],
        [
          18,
          23,
          174,
          202
        ]
      ]
    },
    "running-right": {
      "animation": "Move",
      "normalization": "safe-max",
      "scale": 0.2677595628415301,
      "source_union_bbox": [
        92,
        109,
        676,
        779
      ],
      "target_union_size": [
        156,
        179
      ],
      "target_union_offset": [
        18,
        23
      ],
      "output_bboxes": [
        [
          18,
          23,
          174,
          202
        ],
        [
          18,
          23,
          174,
          202
        ],
        [
          18,
          23,
          174,
          202
        ],
        [
          18,
          23,
          174,
          202
        ],
        [
          18,
          23,
          174,
          202
        ],
        [
          18,
          23,
          174,
          202
        ],
        [
          18,
          23,
          174,
          202
        ],
        [
          18,
          23,
          174,
          202
        ]
      ]
    },
    "running-left": {
      "animation": "Move",
      "normalization": "safe-max",
      "scale": 0.2677595628415301,
      "source_union_bbox": [
        92,
        109,
        676,
        779
      ],
      "target_union_size": [
        156,
        179
      ],
      "target_union_offset": [
        18,
        23
      ],
      "output_bboxes": [
        [
          18,
          23,
          174,
          202
        ],
        [
          18,
          23,
          174,
          202
        ],
        [
          18,
          23,
          174,
          202
        ],
        [
          18,
          23,
          174,
          202
        ],
        [
          18,
          23,
          174,
          202
        ],
        [
          18,
          23,
          174,
          202
        ],
        [
          18,
          23,
          174,
          202
        ],
        [
          18,
          23,
          174,
          202
        ]
      ]
    },
    "waving": {
      "animation": "Interact",
      "normalization": "safe-max",
      "scale": 0.2677595628415301,
      "source_union_bbox": [
        92,
        63,
        676,
        780
      ],
      "target_union_size": [
        156,
        192
      ],
      "target_union_offset": [
        18,
        10
      ],
      "output_bboxes": [
        [
          18,
          22,
          174,
          202
        ],
        [
          18,
          10,
          174,
          190
        ],
        [
          18,
          20,
          174,
          202
        ],
        [
          18,
          20,
          174,
          202
        ]
      ]
    },
    "jumping": {
      "animation": "Relax",
      "normalization": "safe-max",
      "scale": 0.2677595628415301,
      "source_union_bbox": [
        92,
        96,
        676,
        779
      ],
      "target_union_size": [
        156,
        183
      ],
      "target_union_offset": [
        18,
        19
      ],
      "output_bboxes": [
        [
          18,
          21,
          174,
          202
        ],
        [
          18,
          19,
          174,
          202
        ],
        [
          18,
          19,
          174,
          200
        ],
        [
          18,
          19,
          174,
          202
        ],
        [
          18,
          21,
          174,
          202
        ]
      ]
    },
    "failed": {
      "animation": "Relax",
      "normalization": "safe-max",
      "scale": 0.2677595628415301,
      "source_union_bbox": [
        92,
        53,
        676,
        723
      ],
      "target_union_size": [
        156,
        179
      ],
      "target_union_offset": [
        18,
        23
      ],
      "output_bboxes": [
        [
          18,
          23,
          174,
          202
        ],
        [
          18,
          23,
          174,
          202
        ],
        [
          18,
          23,
          174,
          202
        ],
        [
          18,
          23,
          174,
          202
        ],
        [
          18,
          23,
          174,
          202
        ],
        [
          18,
          23,
          174,
          202
        ],
        [
          18,
          23,
          174,
          202
        ],
        [
          18,
          23,
          174,
          202
        ]
      ]
    },
    "waiting": {
      "animation": "Interact",
      "normalization": "safe-max",
      "scale": 0.2677595628415301,
      "source_union_bbox": [
        92,
        109,
        676,
        782
      ],
      "target_union_size": [
        156,
        180
      ],
      "target_union_offset": [
        18,
        22
      ],
      "output_bboxes": [
        [
          18,
          22,
          174,
          202
        ],
        [
          18,
          23,
          174,
          202
        ],
        [
          18,
          22,
          174,
          202
        ],
        [
          18,
          22,
          174,
          202
        ],
        [
          18,
          22,
          174,
          202
        ],
        [
          18,
          22,
          174,
          202
        ]
      ]
    },
    "running": {
      "animation": "Interact",
      "normalization": "safe-max",
      "scale": 0.2677595628415301,
      "source_union_bbox": [
        92,
        50,
        676,
        782
      ],
      "target_union_size": [
        156,
        196
      ],
      "target_union_offset": [
        18,
        6
      ],
      "output_bboxes": [
        [
          18,
          21,
          174,
          202
        ],
        [
          18,
          6,
          174,
          189
        ],
        [
          18,
          7,
          174,
          190
        ],
        [
          18,
          23,
          174,
          202
        ],
        [
          18,
          19,
          174,
          202
        ],
        [
          18,
          19,
          174,
          202
        ]
      ]
    },
    "review": {
      "animation": "Relax",
      "normalization": "safe-max",
      "scale": 0.2677595628415301,
      "source_union_bbox": [
        92,
        109,
        676,
        779
      ],
      "target_union_size": [
        156,
        179
      ],
      "target_union_offset": [
        18,
        23
      ],