{
  "ok": true,
  "normalization": "safe-max",
  "margin": 6,
  "safe_max": {
    "scale": 0.28753993610223644,
    "max_state_union_width": 626,
    "max_state_union_height": 600,
    "available_width": 180,
    "available_height": 196,
    "source_canvas": [
      768,
      832
    ],
    "registration": "pet-wide scale with per-state union registration"
  },
  "states": {
    "idle": {
      "animation": "Relax",
      "normalization": "safe-max",
      "scale": 0.28753993610223644,
      "source_union_bbox": [
        272,
        50,
        575,
        640
      ],
      "target_union_size": [
        87,
        170
      ],
      "target_union_offset": [
        52,
        32
      ],
      "output_bboxes": [
        [
          52,
          32,
          139,
          202
        ],
        [
          52,
          32,
          139,
          202
        ],
        [
          52,
          32,
          139,
          202
        ],
        [
          52,
          32,
          139,
          202
        ],
        [
          52,
          32,
          139,
          202
        ],
        [
          52,
          39,
          139,
          202
        ]
      ]
    },
    "running-right": {
      "animation": "Move",
      "normalization": "safe-max",
      "scale": 0.28753993610223644,
      "source_union_bbox": [
        241,
        51,
        610,
        649
      ],
      "target_union_size": [
        106,
        172
      ],
      "target_union_offset": [
        43,
        30
      ],
      "output_bboxes": [
        [
          54,
          33,
          149,
          202
        ],
        [
          54,
          32,
          141,
          202
        ],
        [
          53,
          30,
          141,
          202
        ],
        [
          51,
          30,
          142,
          202
        ],
        [
          50,
          31,
          144,
          202
        ],
        [
          46,
          30,
          143,
          202
        ],
        [
          43,
          30,
          141,
          202
        ],
        [
          52,
          30,
          140,
          202
        ]
      ]
    },
    "running-left": {
      "animation": "Move",
      "normalization": "safe-max",
      "scale": 0.28753993610223644,
      "source_union_bbox": [
        158,
        51,
        527,
        649
      ],
      "target_union_size": [
        106,
        172
      ],
      "target_union_offset": [
        43,
        30
      ],
      "output_bboxes": [
        [
          43,
          33,
          138,
          202
        ],
        [
          51,
          32,
          138,
          202
        ],
        [
          51,
          30,
          139,
          202
        ],
        [
          50,
          30,
          141,
          202
        ],
        [
          48,
          31,
          142,
          202
        ],
        [
          49,
          30,
          146,
          202
        ],
        [
          51,
          30,
          149,
          202
        ],
        [
          52,
          30,
          140,
          202
        ]
      ]
    },
    "waving": {
      "animation": "Interact",
      "normalization": "safe-max",
      "scale": 0.28753993610223644,
      "source_union_bbox": [
        219,
        49,
        587,
        645
      ],
      "target_union_size": [
        106,
        171
      ],
      "target_union_offset": [
        43,
        31
      ],
      "output_bboxes": [
        [
          57,
          31,
          146,
          201
        ],
        [
          43,
          31,
          149,
          202
        ],
        [
          43,
          31,
          149,
          202
        ],
        [
          58,
          31,
          145,
          201
        ]
      ]
    },
    "jumping": {
      "animation": "Relax",
      "normalization": "safe-max",
      "scale": 0.28753993610223644,
      "source_union_bbox": [
        272,
        40,
        574,
        640
      ],
      "target_union_size": [
        87,
        173
      ],
      "target_union_offset": [
        52,
        29
      ],
      "output_bboxes": [
        [
          52,
          30,
          139,
          202
        ],
        [
          52,
          29,
          139,
          202
        ],
        [
          52,
          29,
          139,
          200
        ],
        [
          52,
          29,
          139,
          202
        ],
        [
          52,
          39,
          139,
          202
        ]
      ]
    },
    "failed": {
      "animation": "Sleep",
      "normalization": "safe-max",
      "scale": 0.28753993610223644,
      "source_union_bbox": [
        71,
        455,
        697,
        720
      ],
      "target_union_size": [
        180,
        76
      ],
      "target_union_offset": [
        6,
        126
      ],
      "output_bboxes": [
        [
          6,
          126,
          186,
          202
        ],
        [
          6,
          126,
          186,
          202
        ],
        [
          6,
          127,
          186,
          202
        ],
        [
          6,
          128,
          186,
          202
        ],
        [
          6,
          127,
          186,
          202
        ],
        [
          7,
          126,
          186,
          202
        ],
        [
          7,
          126,
          186,
          202
        ],
        [
          6,
          126,
          186,
          202
        ]
      ]
    },
    "waiting": {
      "animation": "Sit",
      "normalization": "safe-max",
      "scale": 0.28753993610223644,
      "source_union_bbox": [
        271,
        231,
        617,
        782
      ],
      "target_union_size": [
        99,
        158
      ],
      "target_union_offset": [
        46,
        44
      ],
      "output_bboxes": [
        [
          46,
          44,
          145,
          202
        ],
        [
          46,
          44,
          144,
          202
        ],
        [
          46,
          44,
          143,
          201
        ],
        [
          46,
          44,
          143,
          202
        ],
        [
          46,
          44,
          143,
          201
        ],
        [
          46,
          44,
          144,
          202
        ]
      ]
    },
    "running": {
      "animation": "Interact",
      "normalization": "safe-max",
      "scale": 0.28753993610223644,
      "source_union_bbox": [
        219,
        49,
        587,
        645
      ],
      "target_union_size": [
        106,
        171
      ],
      "target_union_offset": [
        43,
        31
      ],
      "output_bboxes": [
        [
          57,
          31,
          146,
          201
        ],
        [
          47,
          31,
          145,
          202
        ],
        [
          43,
          31,
          149,
          202
        ],
        [
          43,
          32,
          149,
          202
        ],
        [
          43,
          31,
          149,
          202
        ],
        [
          58,
          31,
          145,
          201
        ]
      ]
    },
    "review": {
      "animation": "Relax",
      "normalization": "safe-max",
      "scale": 0.28753993610223644,
      "source_union_bbox": [
        272,
        50,
        575,
        640
      ],
      "target_union_size": [
        87,
        170
      ],
      "target_union_offset": [
        52,
        32
      ],