{
  "ok": true,
  "normalization": "safe-max",
  "margin": 6,
  "safe_max": {
    "scale": 0.313588850174216,
    "max_state_union_width": 574,
    "max_state_union_height": 574,
    "available_width": 180,
    "available_height": 196,
    "source_canvas": [
      768,
      832
    ],
    "registration": "pet-wide scale with per-state union registration"
  },
  "states": {
    "idle": {
      "animation": "Relax",
      "normalization": "safe-max",
      "scale": 0.313588850174216,
      "source_union_bbox": [
        227,
        55,
        620,
        615
      ],
      "target_union_size": [
        123,
        176
      ],
      "target_union_offset": [
        34,
        26
      ],
      "output_bboxes": [
        [
          38,
          26,
          157,
          202
        ],
        [
          36,
          26,
          157,
          202
        ],
        [
          34,
          26,
          157,
          202
        ],
        [
          34,
          26,
          157,
          202
        ],
        [
          38,
          26,
          157,
          202
        ],
        [
          34,
          26,
          157,
          202
        ]
      ]
    },
    "running-right": {
      "animation": "Move",
      "normalization": "safe-max",
      "scale": 0.313588850174216,
      "source_union_bbox": [
        234,
        50,
        637,
        615
      ],
      "target_union_size": [
        126,
        177
      ],
      "target_union_offset": [
        33,
        25
      ],
      "output_bboxes": [
        [
          41,
          25,
          159,
          202
        ],
        [
          40,
          25,
          148,
          202
        ],
        [
          38,
          25,
          150,
          202
        ],
        [
          36,
          25,
          151,
          202
        ],
        [
          33,
          25,
          153,
          202
        ],
        [
          33,
          25,
          152,
          202
        ],
        [
          33,
          25,
          153,
          202
        ],
        [
          39,
          25,
          153,
          202
        ]
      ]
    },
    "running-left": {
      "animation": "Move",
      "normalization": "safe-max",
      "scale": 0.313588850174216,
      "source_union_bbox": [
        131,
        50,
        534,
        615
      ],
      "target_union_size": [
        126,
        177
      ],
      "target_union_offset": [
        33,
        25
      ],
      "output_bboxes": [
        [
          33,
          25,
          151,
          202
        ],
        [
          44,
          25,
          152,
          202
        ],
        [
          42,
          25,
          154,
          202
        ],
        [
          41,
          25,
          156,
          202
        ],
        [
          39,
          25,
          159,
          202
        ],
        [
          40,
          25,
          159,
          202
        ],
        [
          39,
          25,
          159,
          202
        ],
        [
          39,
          25,
          153,
          202
        ]
      ]
    },
    "waving": {
      "animation": "Interact",
      "normalization": "safe-max",
      "scale": 0.313588850174216,
      "source_union_bbox": [
        217,
        55,
        620,
        616
      ],
      "target_union_size": [
        126,
        176
      ],
      "target_union_offset": [
        33,
        26
      ],
      "output_bboxes": [
        [
          41,
          26,
          159,
          202
        ],
        [
          38,
          27,
          159,
          202
        ],
        [
          33,
          32,
          159,
          202
        ],
        [
          34,
          26,
          159,
          202
        ]
      ]
    },
    "jumping": {
      "animation": "Relax",
      "normalization": "safe-max",
      "scale": 0.313588850174216,
      "source_union_bbox": [
        227,
        40,
        620,
        614
      ],
      "target_union_size": [
        123,
        180
      ],
      "target_union_offset": [
        34,
        22
      ],
      "output_bboxes": [
        [
          38,
          24,
          157,
          202
        ],
        [
          36,
          22,
          157,
          202
        ],
        [
          34,
          22,
          157,
          200
        ],
        [
          36,
          22,
          157,
          202
        ],
        [
          34,
          25,
          157,
          202
        ]
      ]
    },
    "failed": {
      "animation": "Sleep",
      "normalization": "safe-max",
      "scale": 0.313588850174216,
      "source_union_bbox": [
        97,
        340,
        671,
        633
      ],
      "target_union_size": [
        180,
        92
      ],
      "target_union_offset": [
        6,
        110
      ],
      "output_bboxes": [
        [
          6,
          110,
          186,
          202
        ],
        [
          6,
          111,
          186,
          202
        ],
        [
          6,
          110,
          186,
          202
        ],
        [
          6,
          110,
          186,
          202
        ],
        [
          6,
          110,
          186,
          202
        ],
        [
          6,
          110,
          186,
          202
        ],
        [
          6,
          110,
          186,
          202
        ],
        [
          6,
          110,
          186,
          202
        ]
      ]
    },
    "waiting": {
      "animation": "Sit",
      "normalization": "safe-max",
      "scale": 0.313588850174216,
      "source_union_bbox": [
        257,
        235,
        632,
        782
      ],
      "target_union_size": [
        118,
        172
      ],
      "target_union_offset": [
        37,
        30
      ],
      "output_bboxes": [
        [
          37,
          30,
          153,
          202
        ],
        [
          37,
          30,
          153,
          202
        ],
        [
          37,
          30,
          154,
          202
        ],
        [
          37,
          30,
          155,
          202
        ],
        [
          37,
          30,
          155,
          202
        ],
        [
          37,
          30,
          154,
          202
        ]
      ]
    },
    "running": {
      "animation": "Interact",
      "normalization": "safe-max",
      "scale": 0.313588850174216,
      "source_union_bbox": [
        212,
        55,
        620,
        616
      ],
      "target_union_size": [
        128,
        176
      ],
      "target_union_offset": [
        32,
        26
      ],
      "output_bboxes": [
        [
          41,
          26,
          160,
          202
        ],
        [
          33,
          26,
          160,
          202
        ],
        [
          39,
          27,
          160,
          202
        ],
        [
          32,
          32,
          160,
          202
        ],
        [
          32,
          32,
          160,
          202
        ],
        [
          34,
          26,
          160,
          202
        ]
      ]
    },
    "review": {
      "animation": "Relax",
      "normalization": "safe-max",
      "scale": 0.313588850174216,
      "source_union_bbox": [
        227,
        55,
        620,
        615
      ],
      "target_union_size": [
        123,
        176
      ],
      "target_union_offset": [
        34,
        26
      ],