{
  "ok": true,
  "normalization": "safe-max",
  "margin": 6,
  "safe_max": {
    "scale": 0.30456852791878175,
    "max_state_union_width": 591,
    "max_state_union_height": 597,
    "available_width": 180,
    "available_height": 196,
    "source_canvas": [
      768,
      832
    ],
    "registration": "pet-wide scale with per-state union registration"
  },
  "states": {
    "idle": {
      "animation": "Relax",
      "normalization": "safe-max",
      "scale": 0.30456852791878175,
      "source_union_bbox": [
        209,
        50,
        596,
        631
      ],
      "target_union_size": [
        118,
        177
      ],
      "target_union_offset": [
        37,
        25
      ],
      "output_bboxes": [
        [
          37,
          25,
          155,
          202
        ],
        [
          37,
          25,
          155,
          202
        ],
        [
          37,
          25,
          155,
          202
        ],
        [
          37,
          25,
          155,
          202
        ],
        [
          37,
          25,
          155,
          202
        ],
        [
          37,
          25,
          155,
          202
        ]
      ]
    },
    "running-right": {
      "animation": "Move",
      "normalization": "safe-max",
      "scale": 0.30456852791878175,
      "source_union_bbox": [
        257,
        54,
        576,
        637
      ],
      "target_union_size": [
        97,
        178
      ],
      "target_union_offset": [
        47,
        24
      ],
      "output_bboxes": [
        [
          47,
          25,
          144,
          202
        ],
        [
          47,
          24,
          144,
          202
        ],
        [
          47,
          24,
          144,
          202
        ],
        [
          47,
          24,
          144,
          202
        ],
        [
          47,
          25,
          144,
          202
        ],
        [
          47,
          24,
          144,
          202
        ],
        [
          47,
          24,
          144,
          202
        ],
        [
          47,
          24,
          144,
          202
        ]
      ]
    },
    "running-left": {
      "animation": "Move",
      "normalization": "safe-max",
      "scale": 0.30456852791878175,
      "source_union_bbox": [
        192,
        54,
        511,
        637
      ],
      "target_union_size": [
        97,
        178
      ],
      "target_union_offset": [
        47,
        24
      ],
      "output_bboxes": [
        [
          47,
          25,
          144,
          202
        ],
        [
          47,
          24,
          144,
          202
        ],
        [
          47,
          24,
          144,
          202
        ],
        [
          47,
          24,
          144,
          202
        ],
        [
          47,
          25,
          144,
          202
        ],
        [
          47,
          24,
          144,
          202
        ],
        [
          47,
          24,
          144,
          202
        ],
        [
          47,
          24,
          144,
          202
        ]
      ]
    },
    "waving": {
      "animation": "Interact",
      "normalization": "safe-max",
      "scale": 0.30456852791878175,
      "source_union_bbox": [
        189,
        51,
        596,
        633
      ],
      "target_union_size": [
        124,
        177
      ],
      "target_union_offset": [
        34,
        25
      ],
      "output_bboxes": [
        [
          38,
          25,
          158,
          202
        ],
        [
          34,
          25,
          158,
          202
        ],
        [
          42,
          25,
          158,
          202
        ],
        [
          41,
          25,
          158,
          202
        ]
      ]
    },
    "jumping": {
      "animation": "Relax",
      "normalization": "safe-max",
      "scale": 0.30456852791878175,
      "source_union_bbox": [
        209,
        34,
        596,
        631
      ],
      "target_union_size": [
        118,
        182
      ],
      "target_union_offset": [
        37,
        20
      ],
      "output_bboxes": [
        [
          37,
          23,
          155,
          202
        ],
        [
          37,
          21,
          155,
          202
        ],
        [
          37,
          20,
          155,
          200
        ],
        [
          37,
          21,
          155,
          202
        ],
        [
          37,
          24,
          155,
          202
        ]
      ]
    },
    "failed": {
      "animation": "Sleep",
      "normalization": "safe-max",
      "scale": 0.30456852791878175,
      "source_union_bbox": [
        89,
        371,
        680,
        664
      ],
      "target_union_size": [
        180,
        89
      ],
      "target_union_offset": [
        6,
        113
      ],
      "output_bboxes": [
        [
          6,
          113,
          186,
          202
        ],
        [
          6,
          113,
          186,
          202
        ],
        [
          6,
          113,
          186,
          202
        ],
        [
          6,
          113,
          186,
          202
        ],
        [
          6,
          113,
          186,
          202
        ],
        [
          6,
          113,
          186,
          202
        ],
        [
          6,
          113,
          186,
          202
        ],
        [
          6,
          113,
          186,
          202
        ]
      ]
    },
    "waiting": {
      "animation": "Sit",
      "normalization": "safe-max",
      "scale": 0.30456852791878175,
      "source_union_bbox": [
        235,
        248,
        613,
        782
      ],
      "target_union_size": [
        115,
        163
      ],
      "target_union_offset": [
        38,
        39
      ],
      "output_bboxes": [
        [
          38,
          39,
          153,
          202
        ],
        [
          38,
          39,
          153,
          202
        ],
        [
          38,
          39,
          153,
          202
        ],
        [
          38,
          39,
          153,
          202
        ],
        [
          38,
          39,
          153,
          202
        ],
        [
          38,
          39,
          153,
          202
        ]
      ]
    },
    "running": {
      "animation": "Interact",
      "normalization": "safe-max",
      "scale": 0.30456852791878175,
      "source_union_bbox": [
        177,
        51,
        606,
        633
      ],
      "target_union_size": [
        131,
        177
      ],
      "target_union_offset": [
        30,
        25
      ],
      "output_bboxes": [
        [
          38,
          25,
          160,
          202
        ],
        [
          30,
          27,
          161,
          202
        ],
        [
          31,
          25,
          160,
          202
        ],
        [
          39,
          25,
          160,
          202
        ],
        [
          42,
          25,
          160,
          202
        ],
        [
          41,
          25,
          159,
          202
        ]
      ]
    },
    "review": {
      "animation": "Relax",
      "normalization": "safe-max",
      "scale": 0.30456852791878175,
      "source_union_bbox": [
        209,
        51,
        596,
        631
      ],
      "target_union_size": [
        118,
        177
      ],
      "target_union_offset": [
        37,
        25
      ],