{
  "ok": true,
  "normalization": "safe-max",
  "margin": 6,
  "safe_max": {
    "scale": 0.3163444639718805,
    "max_state_union_width": 569,
    "max_state_union_height": 572,
    "available_width": 180,
    "available_height": 196,
    "source_canvas": [
      768,
      832
    ],
    "registration": "pet-wide scale with per-state union registration"
  },
  "states": {
    "idle": {
      "animation": "Relax",
      "normalization": "safe-max",
      "scale": 0.3163444639718805,
      "source_union_bbox": [
        214,
        64,
        526,
        623
      ],
      "target_union_size": [
        99,
        177
      ],
      "target_union_offset": [
        46,
        25
      ],
      "output_bboxes": [
        [
          46,
          25,
          145,
          202
        ],
        [
          46,
          25,
          145,
          202
        ],
        [
          46,
          25,
          145,
          202
        ],
        [
          46,
          26,
          145,
          202
        ],
        [
          48,
          27,
          145,
          202
        ],
        [
          46,
          25,
          145,
          202
        ]
      ]
    },
    "running-right": {
      "animation": "Move",
      "normalization": "safe-max",
      "scale": 0.3163444639718805,
      "source_union_bbox": [
        241,
        49,
        530,
        621
      ],
      "target_union_size": [
        91,
        181
      ],
      "target_union_offset": [
        50,
        21
      ],
      "output_bboxes": [
        [
          50,
          21,
          141,
          202
        ],
        [
          50,
          21,
          134,
          202
        ],
        [
          50,
          21,
          141,
          202
        ],
        [
          50,
          21,
          135,
          202
        ],
        [
          50,
          21,
          141,
          202
        ],
        [
          50,
          21,
          134,
          202
        ],
        [
          50,
          21,
          141,
          202
        ],
        [
          50,
          21,
          135,
          202
        ]
      ]
    },
    "running-left": {
      "animation": "Move",
      "normalization": "safe-max",
      "scale": 0.3163444639718805,
      "source_union_bbox": [
        238,
        49,
        527,
        621
      ],
      "target_union_size": [
        91,
        181
      ],
      "target_union_offset": [
        50,
        21
      ],
      "output_bboxes": [
        [
          50,
          21,
          141,
          202
        ],
        [
          57,
          21,
          141,
          202
        ],
        [
          50,
          21,
          141,
          202
        ],
        [
          56,
          21,
          141,
          202
        ],
        [
          50,
          21,
          141,
          202
        ],
        [
          57,
          21,
          141,
          202
        ],
        [
          50,
          21,
          141,
          202
        ],
        [
          56,
          21,
          141,
          202
        ]
      ]
    },
    "waving": {
      "animation": "Interact",
      "normalization": "safe-max",
      "scale": 0.3163444639718805,
      "source_union_bbox": [
        178,
        61,
        516,
        623
      ],
      "target_union_size": [
        107,
        178
      ],
      "target_union_offset": [
        42,
        24
      ],
      "output_bboxes": [
        [
          52,
          24,
          149,
          202
        ],
        [
          48,
          24,
          149,
          202
        ],
        [
          42,
          24,
          149,
          202
        ],
        [
          50,
          24,
          149,
          202
        ]
      ]
    },
    "jumping": {
      "animation": "Relax",
      "normalization": "safe-max",
      "scale": 0.3163444639718805,
      "source_union_bbox": [
        216,
        57,
        526,
        623
      ],
      "target_union_size": [
        98,
        179
      ],
      "target_union_offset": [
        47,
        23
      ],
      "output_bboxes": [
        [
          47,
          23,
          145,
          202
        ],
        [
          47,
          23,
          145,
          202
        ],
        [
          47,
          23,
          145,
          199
        ],
        [
          51,
          24,
          145,
          201
        ],
        [
          47,
          24,
          145,
          202
        ]
      ]
    },
    "failed": {
      "animation": "Sleep",
      "normalization": "safe-max",
      "scale": 0.3163444639718805,
      "source_union_bbox": [
        99,
        395,
        668,
        630
      ],
      "target_union_size": [
        180,
        74
      ],
      "target_union_offset": [
        6,
        128
      ],
      "output_bboxes": [
        [
          7,
          128,
          186,
          202
        ],
        [
          7,
          128,
          186,
          202
        ],
        [
          7,
          128,
          186,
          202
        ],
        [
          6,
          128,
          186,
          202
        ],
        [
          6,
          128,
          186,
          202
        ],
        [
          6,
          128,
          186,
          202
        ],
        [
          7,
          128,
          186,
          202
        ],
        [
          7,
          128,
          186,
          202
        ]
      ]
    },
    "waiting": {
      "animation": "Sit",
      "normalization": "safe-max",
      "scale": 0.3163444639718805,
      "source_union_bbox": [
        224,
        246,
        543,
        782
      ],
      "target_union_size": [
        101,
        170
      ],
      "target_union_offset": [
        45,
        32
      ],
      "output_bboxes": [
        [
          45,
          32,
          146,
          202
        ],
        [
          45,
          32,
          146,
          201
        ],
        [
          45,
          32,
          146,
          202
        ],
        [
          45,
          32,
          146,
          202
        ],
        [
          45,
          32,
          146,
          202
        ],
        [
          45,
          32,
          146,
          202
        ]
      ]
    },
    "running": {
      "animation": "Interact",
      "normalization": "safe-max",
      "scale": 0.3163444639718805,
      "source_union_bbox": [
        178,
        61,
        516,
        623
      ],
      "target_union_size": [
        107,
        178
      ],
      "target_union_offset": [
        42,
        24
      ],
      "output_bboxes": [
        [
          52,
          24,
          149,
          202
        ],
        [
          49,
          24,
          149,
          202
        ],
        [
          48,
          24,
          149,
          202
        ],
        [
          45,
          24,
          149,
          202
        ],
        [
          42,
          24,
          149,
          202
        ],
        [
          50,
          24,
          149,
          202
        ]
      ]
    },
    "review": {
      "animation": "Relax",
      "normalization": "safe-max",
      "scale": 0.3163444639718805,
      "source_union_bbox": [
        214,
        64,
        526,
        623
      ],
      "target_union_size": [
        99,
        177
      ],
      "target_union_offset": [
        46,
        25
      ],