{
  "ok": true,
  "normalization": "safe-max",
  "margin": 6,
  "safe_max": {
    "scale": 0.31690140845070425,
    "max_state_union_width": 568,
    "max_state_union_height": 575,
    "available_width": 180,
    "available_height": 196,
    "source_canvas": [
      768,
      832
    ],
    "registration": "pet-wide scale with per-state union registration"
  },
  "states": {
    "idle": {
      "animation": "Relax",
      "normalization": "safe-max",
      "scale": 0.31690140845070425,
      "source_union_bbox": [
        237,
        60,
        473,
        619
      ],
      "target_union_size": [
        75,
        177
      ],
      "target_union_offset": [
        58,
        25
      ],
      "output_bboxes": [
        [
          58,
          25,
          133,
          202
        ],
        [
          58,
          25,
          133,
          202
        ],
        [
          58,
          25,
          133,
          202
        ],
        [
          58,
          25,
          133,
          202
        ],
        [
          58,
          25,
          133,
          202
        ],
        [
          58,
          25,
          133,
          202
        ]
      ]
    },
    "running-right": {
      "animation": "Move",
      "normalization": "safe-max",
      "scale": 0.31690140845070425,
      "source_union_bbox": [
        214,
        50,
        508,
        621
      ],
      "target_union_size": [
        93,
        181
      ],
      "target_union_offset": [
        49,
        21
      ],
      "output_bboxes": [
        [
          57,
          22,
          137,
          202
        ],
        [
          58,
          21,
          133,
          202
        ],
        [
          58,
          21,
          134,
          202
        ],
        [
          55,
          21,
          138,
          202
        ],
        [
          49,
          22,
          142,
          202
        ],
        [
          50,
          21,
          139,
          202
        ],
        [
          58,
          21,
          134,
          201
        ],
        [
          58,
          21,
          133,
          202
        ]
      ]
    },
    "running-left": {
      "animation": "Move",
      "normalization": "safe-max",
      "scale": 0.31690140845070425,
      "source_union_bbox": [
        260,
        50,
        554,
        621
      ],
      "target_union_size": [
        93,
        181
      ],
      "target_union_offset": [
        49,
        21
      ],
      "output_bboxes": [
        [
          54,
          22,
          134,
          202
        ],
        [
          58,
          21,
          133,
          202
        ],
        [
          57,
          21,
          133,
          202
        ],
        [
          53,
          21,
          136,
          202
        ],
        [
          49,
          22,
          142,
          202
        ],
        [
          52,
          21,
          141,
          202
        ],
        [
          57,
          21,
          133,
          201
        ],
        [
          58,
          21,
          133,
          202
        ]
      ]
    },
    "waving": {
      "animation": "Interact",
      "normalization": "safe-max",
      "scale": 0.31690140845070425,
      "source_union_bbox": [
        235,
        59,
        491,
        619
      ],
      "target_union_size": [
        81,
        177
      ],
      "target_union_offset": [
        55,
        25
      ],
      "output_bboxes": [
        [
          55,
          25,
          134,
          202
        ],
        [
          55,
          25,
          136,
          202
        ],
        [
          55,
          25,
          136,
          202
        ],
        [
          55,
          25,
          136,
          202
        ]
      ]
    },
    "jumping": {
      "animation": "Relax",
      "normalization": "safe-max",
      "scale": 0.31690140845070425,
      "source_union_bbox": [
        237,
        44,
        473,
        619
      ],
      "target_union_size": [
        75,
        182
      ],
      "target_union_offset": [
        58,
        20
      ],
      "output_bboxes": [
        [
          58,
          23,
          133,
          202
        ],
        [
          58,
          21,
          133,
          202
        ],
        [
          58,
          20,
          133,
          199
        ],
        [
          58,
          21,
          133,
          202
        ],
        [
          58,
          23,
          133,
          202
        ]
      ]
    },
    "failed": {
      "animation": "Sleep",
      "normalization": "safe-max",
      "scale": 0.31690140845070425,
      "source_union_bbox": [
        100,
        410,
        668,
        632
      ],
      "target_union_size": [
        180,
        70
      ],
      "target_union_offset": [
        6,
        132
      ],
      "output_bboxes": [
        [
          6,
          132,
          186,
          202
        ],
        [
          6,
          132,
          186,
          202
        ],
        [
          6,
          132,
          186,
          202
        ],
        [
          6,
          132,
          186,
          202
        ],
        [
          6,
          132,
          186,
          202
        ],
        [
          6,
          132,
          186,
          202
        ],
        [
          6,
          132,
          186,
          202
        ],
        [
          6,
          132,
          186,
          202
        ]
      ]
    },
    "waiting": {
      "animation": "Sit",
      "normalization": "safe-max",
      "scale": 0.31690140845070425,
      "source_union_bbox": [
        257,
        249,
        561,
        782
      ],
      "target_union_size": [
        96,
        169
      ],
      "target_union_offset": [
        48,
        33
      ],
      "output_bboxes": [
        [
          48,
          33,
          140,
          202
        ],
        [
          48,
          33,
          144,
          202
        ],
        [
          48,
          33,
          140,
          202
        ],
        [
          48,
          33,
          144,
          202
        ],
        [
          48,
          33,
          140,
          202
        ],
        [
          48,
          33,
          144,
          202
        ]
      ]
    },
    "running": {
      "animation": "Interact",
      "normalization": "safe-max",
      "scale": 0.31690140845070425,
      "source_union_bbox": [
        235,
        59,
        491,
        619
      ],
      "target_union_size": [
        81,
        177
      ],
      "target_union_offset": [
        55,
        25
      ],
      "output_bboxes": [
        [
          55,
          25,
          134,
          202
        ],
        [
          55,
          25,
          136,
          202
        ],
        [
          55,
          25,
          136,
          202
        ],
        [
          55,
          25,
          136,
          202
        ],
        [
          55,
          25,
          136,
          202
        ],
        [
          55,
          25,
          136,
          202
        ]
      ]
    },
    "review": {
      "animation": "Sit",
      "normalization": "safe-max",
      "scale": 0.31690140845070425,
      "source_union_bbox": [
        257,
        249,
        561,
        782
      ],
      "target_union_size": [
        96,
        169
      ],
      "target_union_offset": [
        48,
        33
      ],