{
  "ok": true,
  "normalization": "safe-max",
  "margin": 6,
  "safe_max": {
    "scale": 0.30716723549488056,
    "max_state_union_width": 586,
    "max_state_union_height": 592,
    "available_width": 180,
    "available_height": 196,
    "source_canvas": [
      768,
      832
    ],
    "registration": "pet-wide scale with per-state union registration"
  },
  "states": {
    "idle": {
      "animation": "Relax",
      "normalization": "safe-max",
      "scale": 0.30716723549488056,
      "source_union_bbox": [
        206,
        52,
        628,
        631
      ],
      "target_union_size": [
        130,
        178
      ],
      "target_union_offset": [
        31,
        24
      ],
      "output_bboxes": [
        [
          31,
          24,
          156,
          202
        ],
        [
          37,
          24,
          161,
          202
        ],
        [
          35,
          24,
          157,
          202
        ],
        [
          31,
          24,
          147,
          202
        ],
        [
          31,
          24,
          156,
          202
        ],
        [
          31,
          24,
          148,
          202
        ]
      ]
    },
    "running-right": {
      "animation": "Move",
      "normalization": "safe-max",
      "scale": 0.30716723549488056,
      "source_union_bbox": [
        201,
        50,
        599,
        637
      ],
      "target_union_size": [
        122,
        180
      ],
      "target_union_offset": [
        35,
        22
      ],
      "output_bboxes": [
        [
          37,
          22,
          157,
          202
        ],
        [
          37,
          22,
          157,
          202
        ],
        [
          37,
          22,
          157,
          202
        ],
        [
          35,
          22,
          153,
          202
        ],
        [
          35,
          22,
          156,
          202
        ],
        [
          35,
          22,
          156,
          202
        ],
        [
          38,
          22,
          157,
          202
        ],
        [
          37,
          22,
          157,
          202
        ]
      ]
    },
    "running-left": {
      "animation": "Move",
      "normalization": "safe-max",
      "scale": 0.30716723549488056,
      "source_union_bbox": [
        169,
        50,
        567,
        637
      ],
      "target_union_size": [
        122,
        180
      ],
      "target_union_offset": [
        35,
        22
      ],
      "output_bboxes": [
        [
          35,
          22,
          155,
          202
        ],
        [
          35,
          22,
          155,
          202
        ],
        [
          35,
          22,
          155,
          202
        ],
        [
          39,
          22,
          157,
          202
        ],
        [
          36,
          22,
          157,
          202
        ],
        [
          36,
          22,
          157,
          202
        ],
        [
          35,
          22,
          154,
          202
        ],
        [
          35,
          22,
          155,
          202
        ]
      ]
    },
    "waving": {
      "animation": "Interact",
      "normalization": "safe-max",
      "scale": 0.30716723549488056,
      "source_union_bbox": [
        215,
        52,
        648,
        632
      ],
      "target_union_size": [
        133,
        178
      ],
      "target_union_offset": [
        29,
        24
      ],
      "output_bboxes": [
        [
          29,
          24,
          151,
          202
        ],
        [
          29,
          25,
          154,
          202
        ],
        [
          29,
          29,
          162,
          202
        ],
        [
          30,
          24,
          152,
          202
        ]
      ]
    },
    "jumping": {
      "animation": "Relax",
      "normalization": "safe-max",
      "scale": 0.30716723549488056,
      "source_union_bbox": [
        206,
        39,
        628,
        631
      ],
      "target_union_size": [
        130,
        182
      ],
      "target_union_offset": [
        31,
        20
      ],
      "output_bboxes": [
        [
          31,
          22,
          156,
          202
        ],
        [
          37,
          20,
          161,
          202
        ],
        [
          31,
          20,
          147,
          199
        ],
        [
          37,
          20,
          161,
          202
        ],
        [
          31,
          23,
          148,
          202
        ]
      ]
    },
    "failed": {
      "animation": "Sleep",
      "normalization": "safe-max",
      "scale": 0.30716723549488056,
      "source_union_bbox": [
        91,
        375,
        677,
        658
      ],
      "target_union_size": [
        180,
        87
      ],
      "target_union_offset": [
        6,
        115
      ],
      "output_bboxes": [
        [
          6,
          115,
          186,
          202
        ],
        [
          6,
          115,
          186,
          202
        ],
        [
          6,
          115,
          186,
          202
        ],
        [
          6,
          115,
          186,
          202
        ],
        [
          6,
          115,
          186,
          202
        ],
        [
          6,
          115,
          186,
          202
        ],
        [
          6,
          115,
          186,
          202
        ],
        [
          6,
          115,
          186,
          201
        ]
      ]
    },
    "waiting": {
      "animation": "Sit",
      "normalization": "safe-max",
      "scale": 0.30716723549488056,
      "source_union_bbox": [
        269,
        244,
        653,
        783
      ],
      "target_union_size": [
        118,
        166
      ],
      "target_union_offset": [
        37,
        36
      ],
      "output_bboxes": [
        [
          37,
          36,
          155,
          202
        ],
        [
          37,
          36,
          155,
          202
        ],
        [
          37,
          36,
          155,
          202
        ],
        [
          37,
          36,
          155,
          202
        ],
        [
          37,
          36,
          155,
          202
        ],
        [
          37,
          36,
          155,
          202
        ]
      ]
    },
    "running": {
      "animation": "Interact",
      "normalization": "safe-max",
      "scale": 0.30716723549488056,
      "source_union_bbox": [
        204,
        52,
        656,
        632
      ],
      "target_union_size": [
        139,
        178
      ],
      "target_union_offset": [
        26,
        24
      ],
      "output_bboxes": [
        [
          27,
          24,
          152,
          202
        ],
        [
          26,
          24,
          149,
          202
        ],
        [
          28,
          25,
          155,
          202
        ],
        [
          33,
          30,
          165,
          202
        ],
        [
          30,
          29,
          164,
          202
        ],
        [
          31,
          24,
          152,
          202
        ]
      ]
    },
    "review": {
      "animation": "Relax",
      "normalization": "safe-max",
      "scale": 0.30716723549488056,
      "source_union_bbox": [
        207,
        52,
        628,
        631
      ],
      "target_union_size": [
        129,
        178
      ],
      "target_union_offset": [
        31,
        24
      ],