{
  "ok": true,
  "normalization": "safe-max",
  "margin": 6,
  "safe_max": {
    "scale": 0.3098106712564544,
    "max_state_union_width": 581,
    "max_state_union_height": 591,
    "available_width": 180,
    "available_height": 196,
    "source_canvas": [
      768,
      832
    ],
    "registration": "pet-wide scale with per-state union registration"
  },
  "states": {
    "idle": {
      "animation": "Relax",
      "normalization": "safe-max",
      "scale": 0.3098106712564544,
      "source_union_bbox": [
        238,
        57,
        568,
        632
      ],
      "target_union_size": [
        102,
        178
      ],
      "target_union_offset": [
        45,
        24
      ],
      "output_bboxes": [
        [
          45,
          24,
          147,
          202
        ],
        [
          45,
          24,
          147,
          202
        ],
        [
          45,
          24,
          147,
          202
        ],
        [
          45,
          24,
          147,
          202
        ],
        [
          45,
          24,
          147,
          202
        ],
        [
          45,
          24,
          147,
          202
        ]
      ]
    },
    "running-right": {
      "animation": "Move",
      "normalization": "safe-max",
      "scale": 0.3098106712564544,
      "source_union_bbox": [
        209,
        50,
        576,
        639
      ],
      "target_union_size": [
        114,
        182
      ],
      "target_union_offset": [
        39,
        20
      ],
      "output_bboxes": [
        [
          40,
          21,
          153,
          202
        ],
        [
          45,
          20,
          153,
          202
        ],
        [
          45,
          20,
          153,
          202
        ],
        [
          45,
          20,
          153,
          202
        ],
        [
          44,
          21,
          153,
          202
        ],
        [
          45,
          20,
          153,
          202
        ],
        [
          41,
          20,
          153,
          201
        ],
        [
          39,
          20,
          153,
          202
        ]
      ]
    },
    "running-left": {
      "animation": "Move",
      "normalization": "safe-max",
      "scale": 0.3098106712564544,
      "source_union_bbox": [
        192,
        50,
        559,
        639
      ],
      "target_union_size": [
        114,
        182
      ],
      "target_union_offset": [
        39,
        20
      ],
      "output_bboxes": [
        [
          39,
          21,
          152,
          202
        ],
        [
          39,
          20,
          147,
          202
        ],
        [
          39,
          20,
          147,
          202
        ],
        [
          39,
          20,
          147,
          202
        ],
        [
          39,
          21,
          148,
          202
        ],
        [
          39,
          20,
          147,
          202
        ],
        [
          39,
          20,
          151,
          201
        ],
        [
          39,
          20,
          153,
          202
        ]
      ]
    },
    "waving": {
      "animation": "Interact",
      "normalization": "safe-max",
      "scale": 0.3098106712564544,
      "source_union_bbox": [
        203,
        57,
        568,
        632
      ],
      "target_union_size": [
        113,
        178
      ],
      "target_union_offset": [
        39,
        24
      ],
      "output_bboxes": [
        [
          49,
          24,
          152,
          202
        ],
        [
          39,
          27,
          147,
          202
        ],
        [
          47,
          26,
          150,
          202
        ],
        [
          49,
          24,
          152,
          202
        ]
      ]
    },
    "jumping": {
      "animation": "Relax",
      "normalization": "safe-max",
      "scale": 0.3098106712564544,
      "source_union_bbox": [
        239,
        41,
        568,
        632
      ],
      "target_union_size": [
        102,
        183
      ],
      "target_union_offset": [
        45,
        19
      ],
      "output_bboxes": [
        [
          45,
          22,
          147,
          202
        ],
        [
          45,
          19,
          147,
          202
        ],
        [
          45,
          19,
          147,
          199
        ],
        [
          45,
          19,
          147,
          202
        ],
        [
          45,
          22,
          147,
          202
        ]
      ]
    },
    "failed": {
      "animation": "Sleep",
      "normalization": "safe-max",
      "scale": 0.3098106712564544,
      "source_union_bbox": [
        94,
        400,
        675,
        676
      ],
      "target_union_size": [
        180,
        86
      ],
      "target_union_offset": [
        6,
        116
      ],
      "output_bboxes": [
        [
          6,
          116,
          186,
          202
        ],
        [
          6,
          116,
          186,
          202
        ],
        [
          6,
          116,
          186,
          202
        ],
        [
          6,
          116,
          186,
          202
        ],
        [
          6,
          116,
          186,
          202
        ],
        [
          6,
          116,
          186,
          202
        ],
        [
          6,
          116,
          186,
          202
        ],
        [
          6,
          116,
          186,
          202
        ]
      ]
    },
    "waiting": {
      "animation": "Sit",
      "normalization": "safe-max",
      "scale": 0.3098106712564544,
      "source_union_bbox": [
        265,
        226,
        579,
        782
      ],
      "target_union_size": [
        97,
        172
      ],
      "target_union_offset": [
        47,
        30
      ],
      "output_bboxes": [
        [
          47,
          30,
          144,
          202
        ],
        [
          47,
          30,
          144,
          202
        ],
        [
          47,
          30,
          144,
          202
        ],
        [
          47,
          30,
          144,
          202
        ],
        [
          47,
          30,
          144,
          202
        ],
        [
          47,
          30,
          144,
          202
        ]
      ]
    },
    "running": {
      "animation": "Interact",
      "normalization": "safe-max",
      "scale": 0.3098106712564544,
      "source_union_bbox": [
        203,
        57,
        568,
        632
      ],
      "target_union_size": [
        113,
        178
      ],
      "target_union_offset": [
        39,
        24
      ],
      "output_bboxes": [
        [
          49,
          24,
          152,
          202
        ],
        [
          46,
          24,
          152,
          202
        ],
        [
          39,
          27,
          147,
          202
        ],
        [
          41,
          30,
          149,
          202
        ],
        [
          47,
          26,
          150,
          202
        ],
        [
          49,
          24,
          152,
          202
        ]
      ]
    },
    "review": {
      "animation": "Relax",
      "normalization": "safe-max",
      "scale": 0.3098106712564544,
      "source_union_bbox": [
        238,
        57,
        568,
        632
      ],
      "target_union_size": [
        102,
        178
      ],
      "target_union_offset": [
        45,
        24
      ],