{
  "ok": true,
  "normalization": "safe-max",
  "margin": 6,
  "safe_max": {
    "scale": 0.2898550724637681,
    "max_state_union_width": 621,
    "max_state_union_height": 599,
    "available_width": 180,
    "available_height": 196,
    "source_canvas": [
      768,
      832
    ],
    "registration": "pet-wide scale with per-state union registration"
  },
  "states": {
    "idle": {
      "animation": "Relax",
      "normalization": "safe-max",
      "scale": 0.2898550724637681,
      "source_union_bbox": [
        152,
        54,
        616,
        645
      ],
      "target_union_size": [
        134,
        171
      ],
      "target_union_offset": [
        29,
        31
      ],
      "output_bboxes": [
        [
          29,
          31,
          163,
          202
        ],
        [
          29,
          31,
          163,
          202
        ],
        [
          29,
          31,
          163,
          202
        ],
        [
          29,
          31,
          163,
          202
        ],
        [
          29,
          31,
          163,
          202
        ],
        [
          29,
          31,
          163,
          202
        ]
      ]
    },
    "running-right": {
      "animation": "Move",
      "normalization": "safe-max",
      "scale": 0.2898550724637681,
      "source_union_bbox": [
        148,
        53,
        606,
        652
      ],
      "target_union_size": [
        133,
        174
      ],
      "target_union_offset": [
        29,
        28
      ],
      "output_bboxes": [
        [
          29,
          29,
          162,
          202
        ],
        [
          29,
          28,
          162,
          202
        ],
        [
          29,
          29,
          161,
          202
        ],
        [
          29,
          28,
          162,
          202
        ],
        [
          29,
          29,
          162,
          202
        ],
        [
          29,
          28,
          162,
          202
        ],
        [
          29,
          29,
          161,
          202
        ],
        [
          29,
          28,
          162,
          202
        ]
      ]
    },
    "running-left": {
      "animation": "Move",
      "normalization": "safe-max",
      "scale": 0.2898550724637681,
      "source_union_bbox": [
        162,
        53,
        620,
        652
      ],
      "target_union_size": [
        133,
        174
      ],
      "target_union_offset": [
        29,
        28
      ],
      "output_bboxes": [
        [
          29,
          29,
          162,
          202
        ],
        [
          29,
          28,
          162,
          202
        ],
        [
          30,
          29,
          162,
          202
        ],
        [
          29,
          28,
          162,
          202
        ],
        [
          29,
          29,
          162,
          202
        ],
        [
          29,
          28,
          162,
          202
        ],
        [
          30,
          29,
          162,
          202
        ],
        [
          29,
          28,
          162,
          202
        ]
      ]
    },
    "waving": {
      "animation": "Interact",
      "normalization": "safe-max",
      "scale": 0.2898550724637681,
      "source_union_bbox": [
        134,
        50,
        616,
        645
      ],
      "target_union_size": [
        140,
        172
      ],
      "target_union_offset": [
        26,
        30
      ],
      "output_bboxes": [
        [
          31,
          30,
          166,
          202
        ],
        [
          26,
          30,
          164,
          202
        ],
        [
          26,
          30,
          161,
          202
        ],
        [
          27,
          31,
          165,
          202
        ]
      ]
    },
    "jumping": {
      "animation": "Relax",
      "normalization": "safe-max",
      "scale": 0.2898550724637681,
      "source_union_bbox": [
        152,
        46,
        616,
        645
      ],
      "target_union_size": [
        134,
        174
      ],
      "target_union_offset": [
        29,
        28
      ],
      "output_bboxes": [
        [
          29,
          29,
          163,
          202
        ],
        [
          29,
          28,
          163,
          202
        ],
        [
          29,
          28,
          163,
          200
        ],
        [
          29,
          28,
          163,
          202
        ],
        [
          29,
          31,
          163,
          202
        ]
      ]
    },
    "failed": {
      "animation": "Sleep",
      "normalization": "safe-max",
      "scale": 0.2898550724637681,
      "source_union_bbox": [
        74,
        383,
        695,
        694
      ],
      "target_union_size": [
        180,
        90
      ],
      "target_union_offset": [
        6,
        112
      ],
      "output_bboxes": [
        [
          6,
          112,
          186,
          201
        ],
        [
          6,
          112,
          186,
          201
        ],
        [
          6,
          112,
          186,
          202
        ],
        [
          6,
          112,
          186,
          202
        ],
        [
          6,
          112,
          186,
          201
        ],
        [
          6,
          112,
          186,
          201
        ],
        [
          6,
          112,
          186,
          202
        ],
        [
          6,
          112,
          186,
          202
        ]
      ]
    },
    "waiting": {
      "animation": "Sit",
      "normalization": "safe-max",
      "scale": 0.2898550724637681,
      "source_union_bbox": [
        140,
        224,
        608,
        782
      ],
      "target_union_size": [
        136,
        162
      ],
      "target_union_offset": [
        28,
        40
      ],
      "output_bboxes": [
        [
          28,
          40,
          164,
          202
        ],
        [
          28,
          40,
          164,
          202
        ],
        [
          28,
          40,
          163,
          202
        ],
        [
          28,
          40,
          164,
          202
        ],
        [
          28,
          40,
          163,
          202
        ],
        [
          28,
          40,
          164,
          202
        ]
      ]
    },
    "running": {
      "animation": "Interact",
      "normalization": "safe-max",
      "scale": 0.2898550724637681,
      "source_union_bbox": [
        134,
        50,
        616,
        645
      ],
      "target_union_size": [
        140,
        172
      ],
      "target_union_offset": [
        26,
        30
      ],
      "output_bboxes": [
        [
          31,
          30,
          166,
          202
        ],
        [
          26,
          30,
          162,
          202
        ],
        [
          26,
          30,
          164,
          202
        ],
        [
          26,
          30,
          162,
          202
        ],
        [
          26,
          30,
          161,
          202
        ],
        [
          27,
          31,
          165,
          202
        ]
      ]
    },
    "review": {
      "animation": "Relax",
      "normalization": "safe-max",
      "scale": 0.2898550724637681,
      "source_union_bbox": [
        152,
        54,
        616,
        645
      ],
      "target_union_size": [
        134,
        171
      ],
      "target_union_offset": [
        29,
        31
      ],