{
  "ok": true,
  "normalization": "safe-max",
  "margin": 6,
  "safe_max": {
    "scale": 0.3146853146853147,
    "max_state_union_width": 572,
    "max_state_union_height": 590,
    "available_width": 180,
    "available_height": 196,
    "source_canvas": [
      768,
      832
    ],
    "registration": "pet-wide scale with per-state union registration"
  },
  "states": {
    "idle": {
      "animation": "Relax",
      "normalization": "safe-max",
      "scale": 0.3146853146853147,
      "source_union_bbox": [
        338,
        51,
        620,
        626
      ],
      "target_union_size": [
        89,
        181
      ],
      "target_union_offset": [
        51,
        21
      ],
      "output_bboxes": [
        [
          51,
          21,
          140,
          202
        ],
        [
          51,
          21,
          140,
          202
        ],
        [
          51,
          21,
          140,
          202
        ],
        [
          51,
          21,
          140,
          202
        ],
        [
          51,
          21,
          140,
          202
        ],
        [
          51,
          21,
          140,
          202
        ]
      ]
    },
    "running-right": {
      "animation": "Move",
      "normalization": "safe-max",
      "scale": 0.3146853146853147,
      "source_union_bbox": [
        353,
        59,
        642,
        628
      ],
      "target_union_size": [
        91,
        179
      ],
      "target_union_offset": [
        50,
        23
      ],
      "output_bboxes": [
        [
          50,
          23,
          141,
          202
        ],
        [
          50,
          23,
          141,
          202
        ],
        [
          52,
          23,
          141,
          202
        ],
        [
          50,
          23,
          141,
          202
        ],
        [
          50,
          23,
          141,
          202
        ],
        [
          50,
          24,
          141,
          202
        ],
        [
          51,
          23,
          141,
          202
        ],
        [
          50,
          23,
          141,
          202
        ]
      ]
    },
    "running-left": {
      "animation": "Move",
      "normalization": "safe-max",
      "scale": 0.3146853146853147,
      "source_union_bbox": [
        126,
        59,
        415,
        628
      ],
      "target_union_size": [
        91,
        179
      ],
      "target_union_offset": [
        50,
        23
      ],
      "output_bboxes": [
        [
          50,
          23,
          141,
          202
        ],
        [
          50,
          23,
          141,
          202
        ],
        [
          50,
          23,
          139,
          202
        ],
        [
          50,
          23,
          141,
          202
        ],
        [
          50,
          23,
          141,
          202
        ],
        [
          50,
          24,
          141,
          202
        ],
        [
          50,
          23,
          140,
          202
        ],
        [
          50,
          23,
          141,
          202
        ]
      ]
    },
    "waving": {
      "animation": "Interact",
      "normalization": "safe-max",
      "scale": 0.3146853146853147,
      "source_union_bbox": [
        246,
        50,
        620,
        626
      ],
      "target_union_size": [
        118,
        181
      ],
      "target_union_offset": [
        37,
        21
      ],
      "output_bboxes": [
        [
          65,
          21,
          155,
          202
        ],
        [
          41,
          21,
          147,
          201
        ],
        [
          37,
          23,
          147,
          201
        ],
        [
          57,
          21,
          149,
          202
        ]
      ]
    },
    "jumping": {
      "animation": "Relax",
      "normalization": "safe-max",
      "scale": 0.3146853146853147,
      "source_union_bbox": [
        337,
        36,
        620,
        626
      ],
      "target_union_size": [
        89,
        186
      ],
      "target_union_offset": [
        51,
        16
      ],
      "output_bboxes": [
        [
          51,
          19,
          140,
          202
        ],
        [
          51,
          16,
          140,
          202
        ],
        [
          51,
          16,
          140,
          199
        ],
        [
          51,
          16,
          140,
          202
        ],
        [
          51,
          19,
          140,
          202
        ]
      ]
    },
    "failed": {
      "animation": "Sleep",
      "normalization": "safe-max",
      "scale": 0.3146853146853147,
      "source_union_bbox": [
        98,
        416,
        670,
        640
      ],
      "target_union_size": [
        180,
        70
      ],
      "target_union_offset": [
        6,
        132
      ],
      "output_bboxes": [
        [
          6,
          132,
          186,
          202
        ],
        [
          6,
          132,
          186,
          202
        ],
        [
          6,
          132,
          186,
          202
        ],
        [
          6,
          132,
          186,
          202
        ],
        [
          6,
          132,
          186,
          202
        ],
        [
          6,
          132,
          186,
          202
        ],
        [
          6,
          132,
          186,
          202
        ],
        [
          6,
          132,
          186,
          202
        ]
      ]
    },
    "waiting": {
      "animation": "Sit",
      "normalization": "safe-max",
      "scale": 0.3146853146853147,
      "source_union_bbox": [
        319,
        222,
        602,
        782
      ],
      "target_union_size": [
        89,
        176
      ],
      "target_union_offset": [
        51,
        26
      ],
      "output_bboxes": [
        [
          51,
          26,
          140,
          202
        ],
        [
          51,
          26,
          140,
          202
        ],
        [
          51,
          26,
          140,
          202
        ],
        [
          51,
          26,
          140,
          202
        ],
        [
          51,
          26,
          140,
          202
        ],
        [
          51,
          26,
          140,
          202
        ]
      ]
    },
    "running": {
      "animation": "Interact",
      "normalization": "safe-max",
      "scale": 0.3146853146853147,
      "source_union_bbox": [
        235,
        50,
        620,
        626
      ],
      "target_union_size": [
        121,
        181
      ],
      "target_union_offset": [
        35,
        21
      ],
      "output_bboxes": [
        [
          66,
          21,
          156,
          202
        ],
        [
          66,
          21,
          156,
          202
        ],
        [
          42,
          21,
          148,
          201
        ],
        [
          35,
          24,
          148,
          201
        ],
        [
          36,
          23,
          148,
          201
        ],
        [
          58,
          21,
          150,
          202
        ]
      ]
    },
    "review": {
      "animation": "Relax",
      "normalization": "safe-max",
      "scale": 0.3146853146853147,
      "source_union_bbox": [
        337,
        51,
        620,
        626
      ],
      "target_union_size": [
        89,
        181
      ],
      "target_union_offset": [
        51,
        21
      ],