{
  "ok": true,
  "normalization": "safe-max",
  "margin": 6,
  "safe_max": {
    "scale": 0.30201342281879195,
    "max_state_union_width": 596,
    "max_state_union_height": 594,
    "available_width": 180,
    "available_height": 196,
    "source_canvas": [
      768,
      832
    ],
    "registration": "pet-wide scale with per-state union registration"
  },
  "states": {
    "idle": {
      "animation": "Relax",
      "normalization": "safe-max",
      "scale": 0.30201342281879195,
      "source_union_bbox": [
        184,
        61,
        584,
        644
      ],
      "target_union_size": [
        121,
        176
      ],
      "target_union_offset": [
        35,
        26
      ],
      "output_bboxes": [
        [
          45,
          26,
          147,
          202
        ],
        [
          40,
          26,
          152,
          202
        ],
        [
          35,
          26,
          156,
          202
        ],
        [
          36,
          26,
          154,
          202
        ],
        [
          45,
          26,
          147,
          202
        ],
        [
          36,
          26,
          154,
          202
        ]
      ]
    },
    "running-right": {
      "animation": "Move",
      "normalization": "safe-max",
      "scale": 0.30201342281879195,
      "source_union_bbox": [
        201,
        61,
        549,
        647
      ],
      "target_union_size": [
        105,
        177
      ],
      "target_union_offset": [
        43,
        25
      ],
      "output_bboxes": [
        [
          49,
          25,
          146,
          202
        ],
        [
          52,
          25,
          146,
          202
        ],
        [
          43,
          25,
          146,
          202
        ],
        [
          43,
          25,
          148,
          202
        ],
        [
          49,
          25,
          146,
          202
        ],
        [
          52,
          25,
          146,
          202
        ],
        [
          43,
          25,
          146,
          202
        ],
        [
          43,
          25,
          148,
          202
        ]
      ]
    },
    "running-left": {
      "animation": "Move",
      "normalization": "safe-max",
      "scale": 0.30201342281879195,
      "source_union_bbox": [
        219,
        61,
        567,
        647
      ],
      "target_union_size": [
        105,
        177
      ],
      "target_union_offset": [
        43,
        25
      ],
      "output_bboxes": [
        [
          45,
          25,
          142,
          202
        ],
        [
          45,
          25,
          139,
          202
        ],
        [
          45,
          25,
          148,
          202
        ],
        [
          43,
          25,
          148,
          202
        ],
        [
          45,
          25,
          142,
          202
        ],
        [
          45,
          25,
          139,
          202
        ],
        [
          45,
          25,
          148,
          202
        ],
        [
          43,
          25,
          148,
          202
        ]
      ]
    },
    "waving": {
      "animation": "Interact",
      "normalization": "safe-max",
      "scale": 0.30201342281879195,
      "source_union_bbox": [
        225,
        50,
        609,
        644
      ],
      "target_union_size": [
        116,
        179
      ],
      "target_union_offset": [
        38,
        23
      ],
      "output_bboxes": [
        [
          38,
          24,
          154,
          202
        ],
        [
          44,
          23,
          148,
          202
        ],
        [
          41,
          23,
          149,
          202
        ],
        [
          44,
          23,
          148,
          202
        ]
      ]
    },
    "jumping": {
      "animation": "Relax",
      "normalization": "safe-max",
      "scale": 0.30201342281879195,
      "source_union_bbox": [
        196,
        53,
        570,
        644
      ],
      "target_union_size": [
        113,
        178
      ],
      "target_union_offset": [
        39,
        24
      ],
      "output_bboxes": [
        [
          45,
          25,
          147,
          202
        ],
        [
          41,
          24,
          152,
          202
        ],
        [
          39,
          24,
          152,
          200
        ],
        [
          41,
          24,
          152,
          202
        ],
        [
          39,
          27,
          152,
          202
        ]
      ]
    },
    "failed": {
      "animation": "Sleep",
      "normalization": "safe-max",
      "scale": 0.30201342281879195,
      "source_union_bbox": [
        86,
        386,
        682,
        662
      ],
      "target_union_size": [
        180,
        83
      ],
      "target_union_offset": [
        6,
        119
      ],
      "output_bboxes": [
        [
          6,
          119,
          186,
          202
        ],
        [
          6,
          119,
          186,
          202
        ],
        [
          6,
          119,
          186,
          202
        ],
        [
          6,
          119,
          186,
          202
        ],
        [
          6,
          119,
          186,
          202
        ],
        [
          6,
          119,
          186,
          202
        ],
        [
          6,
          119,
          186,
          202
        ],
        [
          6,
          119,
          186,
          202
        ]
      ]
    },
    "waiting": {
      "animation": "Sit",
      "normalization": "safe-max",
      "scale": 0.30201342281879195,
      "source_union_bbox": [
        136,
        217,
        606,
        782
      ],
      "target_union_size": [
        142,
        171
      ],
      "target_union_offset": [
        25,
        31
      ],
      "output_bboxes": [
        [
          25,
          31,
          167,
          202
        ],
        [
          25,
          31,
          167,
          202
        ],
        [
          28,
          31,
          167,
          202
        ],
        [
          25,
          31,
          167,
          202
        ],
        [
          28,
          31,
          167,
          202
        ],
        [
          28,
          31,
          167,
          202
        ]
      ]
    },
    "running": {
      "animation": "Interact",
      "normalization": "safe-max",
      "scale": 0.30201342281879195,
      "source_union_bbox": [
        225,
        50,
        613,
        644
      ],
      "target_union_size": [
        117,
        179
      ],
      "target_union_offset": [
        37,
        23
      ],
      "output_bboxes": [
        [
          37,
          24,
          154,
          202
        ],
        [
          43,
          23,
          147,
          202
        ],
        [
          40,
          23,
          148,
          202
        ],
        [
          39,
          24,
          154,
          202
        ],
        [
          40,
          23,
          148,
          202
        ],
        [
          43,
          23,
          147,
          202
        ]
      ]
    },
    "review": {
      "animation": "Relax",
      "normalization": "safe-max",
      "scale": 0.30201342281879195,
      "source_union_bbox": [
        184,
        61,
        584,
        644
      ],
      "target_union_size": [
        121,
        176
      ],
      "target_union_offset": [
        35,
        26
      ],