{
  "ok": true,
  "normalization": "safe-max",
  "margin": 6,
  "safe_max": {
    "scale": 0.3076923076923077,
    "max_state_union_width": 585,
    "max_state_union_height": 596,
    "available_width": 180,
    "available_height": 196,
    "source_canvas": [
      768,
      832
    ],
    "registration": "pet-wide scale with per-state union registration"
  },
  "states": {
    "idle": {
      "animation": "Relax",
      "normalization": "safe-max",
      "scale": 0.3076923076923077,
      "source_union_bbox": [
        192,
        50,
        565,
        636
      ],
      "target_union_size": [
        115,
        180
      ],
      "target_union_offset": [
        38,
        22
      ],
      "output_bboxes": [
        [
          38,
          22,
          153,
          202
        ],
        [
          40,
          22,
          153,
          202
        ],
        [
          40,
          22,
          153,
          202
        ],
        [
          38,
          22,
          153,
          202
        ],
        [
          41,
          22,
          153,
          202
        ],
        [
          41,
          22,
          153,
          202
        ]
      ]
    },
    "running-right": {
      "animation": "Move",
      "normalization": "safe-max",
      "scale": 0.3076923076923077,
      "source_union_bbox": [
        193,
        51,
        592,
        636
      ],
      "target_union_size": [
        123,
        180
      ],
      "target_union_offset": [
        34,
        22
      ],
      "output_bboxes": [
        [
          34,
          22,
          157,
          202
        ],
        [
          34,
          22,
          153,
          202
        ],
        [
          35,
          22,
          152,
          202
        ],
        [
          35,
          22,
          152,
          202
        ],
        [
          34,
          22,
          154,
          202
        ],
        [
          34,
          23,
          152,
          202
        ],
        [
          35,
          22,
          152,
          202
        ],
        [
          35,
          22,
          154,
          202
        ]
      ]
    },
    "running-left": {
      "animation": "Move",
      "normalization": "safe-max",
      "scale": 0.3076923076923077,
      "source_union_bbox": [
        176,
        51,
        575,
        636
      ],
      "target_union_size": [
        123,
        180
      ],
      "target_union_offset": [
        34,
        22
      ],
      "output_bboxes": [
        [
          34,
          22,
          157,
          202
        ],
        [
          38,
          22,
          157,
          202
        ],
        [
          39,
          22,
          156,
          202
        ],
        [
          39,
          22,
          156,
          202
        ],
        [
          37,
          22,
          157,
          202
        ],
        [
          39,
          23,
          157,
          202
        ],
        [
          39,
          22,
          156,
          202
        ],
        [
          37,
          22,
          156,
          202
        ]
      ]
    },
    "waving": {
      "animation": "Interact",
      "normalization": "safe-max",
      "scale": 0.3076923076923077,
      "source_union_bbox": [
        81,
        54,
        581,
        634
      ],
      "target_union_size": [
        154,
        178
      ],
      "target_union_offset": [
        19,
        24
      ],
      "output_bboxes": [
        [
          51,
          24,
          170,
          202
        ],
        [
          23,
          31,
          153,
          202
        ],
        [
          19,
          32,
          153,
          202
        ],
        [
          36,
          27,
          173,
          202
        ]
      ]
    },
    "jumping": {
      "animation": "Relax",
      "normalization": "safe-max",
      "scale": 0.3076923076923077,
      "source_union_bbox": [
        192,
        39,
        565,
        635
      ],
      "target_union_size": [
        115,
        183
      ],
      "target_union_offset": [
        38,
        19
      ],
      "output_bboxes": [
        [
          38,
          21,
          153,
          202
        ],
        [
          40,
          19,
          153,
          202
        ],
        [
          38,
          19,
          153,
          199
        ],
        [
          38,
          19,
          153,
          202
        ],
        [
          41,
          20,
          153,
          202
        ]
      ]
    },
    "failed": {
      "animation": "Sleep",
      "normalization": "safe-max",
      "scale": 0.3076923076923077,
      "source_union_bbox": [
        104,
        379,
        689,
        657
      ],
      "target_union_size": [
        180,
        86
      ],
      "target_union_offset": [
        6,
        116
      ],
      "output_bboxes": [
        [
          6,
          116,
          186,
          202
        ],
        [
          6,
          116,
          186,
          202
        ],
        [
          6,
          116,
          186,
          202
        ],
        [
          6,
          116,
          186,
          201
        ],
        [
          6,
          116,
          186,
          201
        ],
        [
          6,
          116,
          186,
          201
        ],
        [
          6,
          116,
          186,
          202
        ],
        [
          6,
          116,
          186,
          202
        ]
      ]
    },
    "waiting": {
      "animation": "Sit",
      "normalization": "safe-max",
      "scale": 0.3076923076923077,
      "source_union_bbox": [
        203,
        239,
        585,
        782
      ],
      "target_union_size": [
        118,
        167
      ],
      "target_union_offset": [
        37,
        35
      ],
      "output_bboxes": [
        [
          37,
          35,
          155,
          202
        ],
        [
          37,
          35,
          155,
          202
        ],
        [
          37,
          35,
          155,
          202
        ],
        [
          37,
          35,
          155,
          202
        ],
        [
          38,
          35,
          155,
          202
        ],
        [
          38,
          35,
          155,
          202
        ]
      ]
    },
    "running": {
      "animation": "Interact",
      "normalization": "safe-max",
      "scale": 0.3076923076923077,
      "source_union_bbox": [
        80,
        54,
        581,
        634
      ],
      "target_union_size": [
        154,
        178
      ],
      "target_union_offset": [
        19,
        24
      ],
      "output_bboxes": [
        [
          51,
          24,
          170,
          202
        ],
        [
          46,
          29,
          168,
          202
        ],
        [
          23,
          31,
          153,
          202
        ],
        [
          19,
          34,
          153,
          202
        ],
        [
          19,
          32,
          153,
          202
        ],
        [
          36,
          27,
          173,
          202
        ]
      ]
    },
    "review": {
      "animation": "Relax",
      "normalization": "safe-max",
      "scale": 0.3076923076923077,
      "source_union_bbox": [
        192,
        50,
        565,
        636
      ],
      "target_union_size": [
        115,
        180
      ],
      "target_union_offset": [
        38,
        22
      ],