{
  "ok": true,
  "normalization": "safe-max",
  "margin": 6,
  "safe_max": {
    "scale": 0.30874785591766724,
    "max_state_union_width": 583,
    "max_state_union_height": 590,
    "available_width": 180,
    "available_height": 196,
    "source_canvas": [
      768,
      832
    ],
    "registration": "pet-wide scale with per-state union registration"
  },
  "states": {
    "idle": {
      "animation": "Relax",
      "normalization": "safe-max",
      "scale": 0.30874785591766724,
      "source_union_bbox": [
        275,
        52,
        566,
        628
      ],
      "target_union_size": [
        90,
        178
      ],
      "target_union_offset": [
        51,
        24
      ],
      "output_bboxes": [
        [
          51,
          24,
          141,
          202
        ],
        [
          51,
          24,
          141,
          202
        ],
        [
          51,
          24,
          141,
          202
        ],
        [
          51,
          24,
          141,
          202
        ],
        [
          51,
          24,
          141,
          202
        ],
        [
          51,
          24,
          141,
          202
        ]
      ]
    },
    "running-right": {
      "animation": "Move",
      "normalization": "safe-max",
      "scale": 0.30874785591766724,
      "source_union_bbox": [
        226,
        51,
        592,
        633
      ],
      "target_union_size": [
        113,
        180
      ],
      "target_union_offset": [
        39,
        22
      ],
      "output_bboxes": [
        [
          39,
          22,
          148,
          201
        ],
        [
          56,
          23,
          152,
          202
        ],
        [
          54,
          23,
          152,
          202
        ],
        [
          51,
          22,
          152,
          202
        ],
        [
          51,
          22,
          152,
          202
        ],
        [
          55,
          24,
          152,
          202
        ],
        [
          53,
          22,
          151,
          202
        ],
        [
          39,
          22,
          147,
          201
        ]
      ]
    },
    "running-left": {
      "animation": "Move",
      "normalization": "safe-max",
      "scale": 0.30874785591766724,
      "source_union_bbox": [
        176,
        51,
        542,
        633
      ],
      "target_union_size": [
        113,
        180
      ],
      "target_union_offset": [
        39,
        22
      ],
      "output_bboxes": [
        [
          43,
          22,
          152,
          201
        ],
        [
          39,
          23,
          135,
          202
        ],
        [
          39,
          23,
          137,
          202
        ],
        [
          39,
          22,
          140,
          202
        ],
        [
          39,
          22,
          140,
          202
        ],
        [
          39,
          24,
          136,
          202
        ],
        [
          40,
          22,
          138,
          202
        ],
        [
          44,
          22,
          152,
          201
        ]
      ]
    },
    "waving": {
      "animation": "Interact",
      "normalization": "safe-max",
      "scale": 0.30874785591766724,
      "source_union_bbox": [
        148,
        50,
        569,
        633
      ],
      "target_union_size": [
        130,
        180
      ],
      "target_union_offset": [
        31,
        22
      ],
      "output_bboxes": [
        [
          68,
          22,
          161,
          201
        ],
        [
          31,
          22,
          126,
          202
        ],
        [
          40,
          22,
          138,
          202
        ],
        [
          66,
          22,
          161,
          202
        ]
      ]
    },
    "jumping": {
      "animation": "Relax",
      "normalization": "safe-max",
      "scale": 0.30874785591766724,
      "source_union_bbox": [
        275,
        38,
        566,
        628
      ],
      "target_union_size": [
        90,
        182
      ],
      "target_union_offset": [
        51,
        20
      ],
      "output_bboxes": [
        [
          51,
          22,
          141,
          202
        ],
        [
          51,
          20,
          141,
          202
        ],
        [
          51,
          20,
          141,
          200
        ],
        [
          51,
          20,
          141,
          202
        ],
        [
          51,
          22,
          141,
          202
        ]
      ]
    },
    "failed": {
      "animation": "Sleep",
      "normalization": "safe-max",
      "scale": 0.30874785591766724,
      "source_union_bbox": [
        93,
        399,
        676,
        647
      ],
      "target_union_size": [
        180,
        77
      ],
      "target_union_offset": [
        6,
        125
      ],
      "output_bboxes": [
        [
          6,
          125,
          186,
          202
        ],
        [
          6,
          125,
          186,
          202
        ],
        [
          6,
          125,
          186,
          202
        ],
        [
          6,
          125,
          186,
          202
        ],
        [
          6,
          125,
          186,
          202
        ],
        [
          6,
          125,
          186,
          202
        ],
        [
          6,
          125,
          186,
          202
        ],
        [
          6,
          125,
          186,
          202
        ]
      ]
    },
    "waiting": {
      "animation": "Sit",
      "normalization": "safe-max",
      "scale": 0.30874785591766724,
      "source_union_bbox": [
        281,
        242,
        573,
        782
      ],
      "target_union_size": [
        90,
        167
      ],
      "target_union_offset": [
        51,
        35
      ],
      "output_bboxes": [
        [
          51,
          35,
          141,
          202
        ],
        [
          51,
          35,
          141,
          202
        ],
        [
          51,
          35,
          141,
          202
        ],
        [
          51,
          35,
          141,
          202
        ],
        [
          51,
          35,
          141,
          202
        ],
        [
          51,
          35,
          141,
          202
        ]
      ]
    },
    "running": {
      "animation": "Interact",
      "normalization": "safe-max",
      "scale": 0.30874785591766724,
      "source_union_bbox": [
        143,
        50,
        569,
        633
      ],
      "target_union_size": [
        132,
        180
      ],
      "target_union_offset": [
        30,
        22
      ],
      "output_bboxes": [
        [
          69,
          22,
          162,
          201
        ],
        [
          45,
          22,
          142,
          201
        ],
        [
          30,
          22,
          126,
          201
        ],
        [
          30,
          22,
          124,
          202
        ],
        [
          40,
          22,
          139,
          202
        ],
        [
          67,
          22,
          162,
          202
        ]
      ]
    },
    "review": {
      "animation": "Relax",
      "normalization": "safe-max",
      "scale": 0.30874785591766724,
      "source_union_bbox": [
        275,
        52,
        566,
        628
      ],
      "target_union_size": [
        90,
        178
      ],
      "target_union_offset": [
        51,
        24
      ],