{
  "ok": true,
  "normalization": "safe-max",
  "margin": 6,
  "safe_max": {
    "scale": 0.27522935779816515,
    "max_state_union_width": 654,
    "max_state_union_height": 597,
    "available_width": 180,
    "available_height": 196,
    "source_canvas": [
      768,
      832
    ],
    "registration": "pet-wide scale with per-state union registration"
  },
  "states": {
    "idle": {
      "animation": "Relax",
      "normalization": "safe-max",
      "scale": 0.27522935779816515,
      "source_union_bbox": [
        141,
        50,
        531,
        631
      ],
      "target_union_size": [
        107,
        160
      ],
      "target_union_offset": [
        42,
        42
      ],
      "output_bboxes": [
        [
          42,
          42,
          147,
          202
        ],
        [
          45,
          43,
          144,
          202
        ],
        [
          58,
          42,
          149,
          202
        ],
        [
          69,
          42,
          149,
          202
        ],
        [
          71,
          42,
          149,
          202
        ],
        [
          62,
          42,
          149,
          202
        ]
      ]
    },
    "running-right": {
      "animation": "Move",
      "normalization": "safe-max",
      "scale": 0.27522935779816515,
      "source_union_bbox": [
        143,
        51,
        536,
        634
      ],
      "target_union_size": [
        108,
        160
      ],
      "target_union_offset": [
        42,
        42
      ],
      "output_bboxes": [
        [
          42,
          42,
          150,
          202
        ],
        [
          44,
          42,
          150,
          202
        ],
        [
          42,
          42,
          150,
          202
        ],
        [
          44,
          42,
          150,
          202
        ],
        [
          42,
          42,
          150,
          202
        ],
        [
          44,
          42,
          150,
          202
        ],
        [
          42,
          42,
          150,
          202
        ],
        [
          44,
          42,
          150,
          202
        ]
      ]
    },
    "running-left": {
      "animation": "Move",
      "normalization": "safe-max",
      "scale": 0.27522935779816515,
      "source_union_bbox": [
        232,
        51,
        625,
        634
      ],
      "target_union_size": [
        108,
        160
      ],
      "target_union_offset": [
        42,
        42
      ],
      "output_bboxes": [
        [
          42,
          42,
          150,
          202
        ],
        [
          42,
          42,
          148,
          202
        ],
        [
          42,
          42,
          150,
          202
        ],
        [
          42,
          42,
          148,
          202
        ],
        [
          42,
          42,
          150,
          202
        ],
        [
          42,
          42,
          148,
          202
        ],
        [
          42,
          42,
          150,
          202
        ],
        [
          42,
          42,
          148,
          202
        ]
      ]
    },
    "waving": {
      "animation": "Interact",
      "normalization": "safe-max",
      "scale": 0.27522935779816515,
      "source_union_bbox": [
        140,
        57,
        578,
        631
      ],
      "target_union_size": [
        121,
        158
      ],
      "target_union_offset": [
        35,
        44
      ],
      "output_bboxes": [
        [
          35,
          44,
          141,
          202
        ],
        [
          40,
          46,
          156,
          202
        ],
        [
          36,
          44,
          154,
          202
        ],
        [
          35,
          44,
          148,
          202
        ]
      ]
    },
    "jumping": {
      "animation": "Relax",
      "normalization": "safe-max",
      "scale": 0.27522935779816515,
      "source_union_bbox": [
        141,
        34,
        556,
        631
      ],
      "target_union_size": [
        114,
        164
      ],
      "target_union_offset": [
        39,
        38
      ],
      "output_bboxes": [
        [
          39,
          42,
          144,
          202
        ],
        [
          42,
          41,
          141,
          202
        ],
        [
          66,
          38,
          148,
          200
        ],
        [
          69,
          41,
          153,
          202
        ],
        [
          59,
          40,
          148,
          202
        ]
      ]
    },
    "failed": {
      "animation": "Sleep",
      "normalization": "safe-max",
      "scale": 0.27522935779816515,
      "source_union_bbox": [
        57,
        397,
        711,
        647
      ],
      "target_union_size": [
        180,
        69
      ],
      "target_union_offset": [
        6,
        133
      ],
      "output_bboxes": [
        [
          6,
          133,
          186,
          202
        ],
        [
          6,
          133,
          186,
          202
        ],
        [
          6,
          133,
          186,
          202
        ],
        [
          6,
          133,
          186,
          202
        ],
        [
          6,
          133,
          186,
          202
        ],
        [
          6,
          133,
          186,
          202
        ],
        [
          6,
          133,
          186,
          202
        ],
        [
          6,
          133,
          186,
          202
        ]
      ]
    },
    "waiting": {
      "animation": "Sit",
      "normalization": "safe-max",
      "scale": 0.27522935779816515,
      "source_union_bbox": [
        103,
        205,
        636,
        782
      ],
      "target_union_size": [
        147,
        159
      ],
      "target_union_offset": [
        22,
        43
      ],
      "output_bboxes": [
        [
          33,
          43,
          169,
          202
        ],
        [
          26,
          43,
          169,
          201
        ],
        [
          23,
          43,
          169,
          201
        ],
        [
          22,
          43,
          169,
          200
        ],
        [
          30,
          43,
          169,
          202
        ],
        [
          22,
          43,
          169,
          201
        ]
      ]
    },
    "running": {
      "animation": "Interact",
      "normalization": "safe-max",
      "scale": 0.27522935779816515,
      "source_union_bbox": [
        135,
        57,
        578,
        631
      ],
      "target_union_size": [
        122,
        158
      ],
      "target_union_offset": [
        35,
        44
      ],
      "output_bboxes": [
        [
          35,
          44,
          142,
          202
        ],
        [
          35,
          45,
          142,
          202
        ],
        [
          41,
          46,
          157,
          202
        ],
        [
          38,
          44,
          156,
          202
        ],
        [
          37,
          44,
          155,
          202
        ],
        [
          35,
          44,
          149,
          202
        ]
      ]
    },
    "review": {
      "animation": "Relax",
      "normalization": "safe-max",
      "scale": 0.27522935779816515,
      "source_union_bbox": [
        141,
        50,
        556,
        631
      ],
      "target_union_size": [
        114,
        160
      ],
      "target_union_offset": [
        39,
        42
      ],