{
  "ok": true,
  "normalization": "safe-max",
  "margin": 6,
  "safe_max": {
    "scale": 0.30927835051546393,
    "max_state_union_width": 582,
    "max_state_union_height": 606,
    "available_width": 180,
    "available_height": 196,
    "source_canvas": [
      768,
      832
    ],
    "registration": "pet-wide scale with per-state union registration"
  },
  "states": {
    "idle": {
      "animation": "Relax",
      "normalization": "safe-max",
      "scale": 0.30927835051546393,
      "source_union_bbox": [
        278,
        51,
        624,
        644
      ],
      "target_union_size": [
        107,
        183
      ],
      "target_union_offset": [
        42,
        19
      ],
      "output_bboxes": [
        [
          43,
          19,
          149,
          202
        ],
        [
          42,
          19,
          149,
          202
        ],
        [
          43,
          19,
          149,
          202
        ],
        [
          42,
          19,
          149,
          202
        ],
        [
          43,
          19,
          149,
          202
        ],
        [
          42,
          19,
          149,
          202
        ]
      ]
    },
    "running-right": {
      "animation": "Move",
      "normalization": "safe-max",
      "scale": 0.30927835051546393,
      "source_union_bbox": [
        282,
        50,
        643,
        645
      ],
      "target_union_size": [
        112,
        184
      ],
      "target_union_offset": [
        40,
        18
      ],
      "output_bboxes": [
        [
          40,
          18,
          151,
          201
        ],
        [
          40,
          18,
          152,
          202
        ],
        [
          40,
          18,
          152,
          202
        ],
        [
          40,
          18,
          152,
          201
        ],
        [
          40,
          18,
          152,
          202
        ],
        [
          40,
          18,
          148,
          202
        ],
        [
          40,
          18,
          146,
          202
        ],
        [
          40,
          18,
          148,
          202
        ]
      ]
    },
    "running-left": {
      "animation": "Move",
      "normalization": "safe-max",
      "scale": 0.30927835051546393,
      "source_union_bbox": [
        125,
        50,
        486,
        645
      ],
      "target_union_size": [
        112,
        184
      ],
      "target_union_offset": [
        40,
        18
      ],
      "output_bboxes": [
        [
          41,
          18,
          152,
          201
        ],
        [
          40,
          18,
          152,
          202
        ],
        [
          40,
          18,
          152,
          202
        ],
        [
          40,
          18,
          152,
          201
        ],
        [
          40,
          18,
          152,
          202
        ],
        [
          44,
          18,
          152,
          202
        ],
        [
          46,
          18,
          152,
          202
        ],
        [
          44,
          18,
          152,
          202
        ]
      ]
    },
    "waving": {
      "animation": "Interact",
      "normalization": "safe-max",
      "scale": 0.30927835051546393,
      "source_union_bbox": [
        208,
        51,
        624,
        644
      ],
      "target_union_size": [
        129,
        183
      ],
      "target_union_offset": [
        31,
        19
      ],
      "output_bboxes": [
        [
          53,
          19,
          160,
          202
        ],
        [
          31,
          19,
          154,
          202
        ],
        [
          31,
          19,
          141,
          202
        ],
        [
          47,
          19,
          150,
          202
        ]
      ]
    },
    "jumping": {
      "animation": "Relax",
      "normalization": "safe-max",
      "scale": 0.30927835051546393,
      "source_union_bbox": [
        278,
        39,
        637,
        644
      ],
      "target_union_size": [
        111,
        187
      ],
      "target_union_offset": [
        40,
        15
      ],
      "output_bboxes": [
        [
          41,
          17,
          149,
          202
        ],
        [
          40,
          15,
          148,
          201
        ],
        [
          40,
          15,
          148,
          199
        ],
        [
          40,
          15,
          151,
          201
        ],
        [
          40,
          18,
          148,
          202
        ]
      ]
    },
    "failed": {
      "animation": "Sleep",
      "normalization": "safe-max",
      "scale": 0.30927835051546393,
      "source_union_bbox": [
        93,
        392,
        675,
        674
      ],
      "target_union_size": [
        180,
        87
      ],
      "target_union_offset": [
        6,
        115
      ],
      "output_bboxes": [
        [
          7,
          115,
          186,
          202
        ],
        [
          7,
          115,
          186,
          202
        ],
        [
          6,
          115,
          186,
          202
        ],
        [
          6,
          115,
          186,
          202
        ],
        [
          6,
          116,
          186,
          202
        ],
        [
          6,
          115,
          186,
          202
        ],
        [
          6,
          115,
          186,
          202
        ],
        [
          6,
          115,
          186,
          202
        ]
      ]
    },
    "waiting": {
      "animation": "Sit",
      "normalization": "safe-max",
      "scale": 0.30927835051546393,
      "source_union_bbox": [
        325,
        176,
        673,
        782
      ],
      "target_union_size": [
        108,
        187
      ],
      "target_union_offset": [
        42,
        15
      ],
      "output_bboxes": [
        [
          42,
          15,
          147,
          202
        ],
        [
          42,
          15,
          150,
          202
        ],
        [
          42,
          15,
          150,
          201
        ],
        [
          42,
          15,
          148,
          202
        ],
        [
          42,
          15,
          143,
          202
        ],
        [
          42,
          15,
          144,
          202
        ]
      ]
    },
    "running": {
      "animation": "Interact",
      "normalization": "safe-max",
      "scale": 0.30927835051546393,
      "source_union_bbox": [
        203,
        51,
        624,
        644
      ],
      "target_union_size": [
        130,
        183
      ],
      "target_union_offset": [
        31,
        19
      ],
      "output_bboxes": [
        [
          55,
          19,
          161,
          202
        ],
        [
          41,
          19,
          158,
          202
        ],
        [
          32,
          19,
          155,
          202
        ],
        [
          31,
          19,
          151,
          202
        ],
        [
          31,
          19,
          142,
          202
        ],
        [
          48,
          19,
          151,
          202
        ]
      ]
    },
    "review": {
      "animation": "Relax",
      "normalization": "safe-max",
      "scale": 0.30927835051546393,
      "source_union_bbox": [
        278,
        51,
        637,
        644
      ],
      "target_union_size": [
        111,
        183
      ],
      "target_union_offset": [
        40,
        19
      ],