{
  "ok": true,
  "normalization": "safe-max",
  "margin": 6,
  "safe_max": {
    "scale": 0.3050847457627119,
    "max_state_union_width": 590,
    "max_state_union_height": 577,
    "available_width": 180,
    "available_height": 196,
    "source_canvas": [
      768,
      832
    ],
    "registration": "pet-wide scale with per-state union registration"
  },
  "states": {
    "idle": {
      "animation": "Relax",
      "normalization": "safe-max",
      "scale": 0.3050847457627119,
      "source_union_bbox": [
        184,
        63,
        567,
        626
      ],
      "target_union_size": [
        117,
        172
      ],
      "target_union_offset": [
        37,
        30
      ],
      "output_bboxes": [
        [
          37,
          30,
          154,
          202
        ],
        [
          37,
          30,
          154,
          202
        ],
        [
          37,
          30,
          153,
          202
        ],
        [
          37,
          30,
          153,
          202
        ],
        [
          37,
          30,
          154,
          202
        ],
        [
          37,
          30,
          154,
          202
        ]
      ]
    },
    "running-right": {
      "animation": "Move",
      "normalization": "safe-max",
      "scale": 0.3050847457627119,
      "source_union_bbox": [
        184,
        50,
        567,
        626
      ],
      "target_union_size": [
        117,
        176
      ],
      "target_union_offset": [
        37,
        26
      ],
      "output_bboxes": [
        [
          37,
          28,
          154,
          202
        ],
        [
          37,
          26,
          154,
          202
        ],
        [
          37,
          26,
          154,
          202
        ],
        [
          37,
          26,
          154,
          202
        ],
        [
          37,
          28,
          153,
          202
        ],
        [
          37,
          27,
          153,
          202
        ],
        [
          37,
          26,
          154,
          202
        ],
        [
          37,
          26,
          154,
          202
        ]
      ]
    },
    "running-left": {
      "animation": "Move",
      "normalization": "safe-max",
      "scale": 0.3050847457627119,
      "source_union_bbox": [
        201,
        50,
        584,
        626
      ],
      "target_union_size": [
        117,
        176
      ],
      "target_union_offset": [
        37,
        26
      ],
      "output_bboxes": [
        [
          37,
          28,
          154,
          202
        ],
        [
          37,
          26,
          154,
          202
        ],
        [
          37,
          26,
          154,
          202
        ],
        [
          37,
          26,
          154,
          202
        ],
        [
          38,
          28,
          154,
          202
        ],
        [
          38,
          27,
          154,
          202
        ],
        [
          37,
          26,
          154,
          202
        ],
        [
          37,
          26,
          154,
          202
        ]
      ]
    },
    "waving": {
      "animation": "Interact",
      "normalization": "safe-max",
      "scale": 0.3050847457627119,
      "source_union_bbox": [
        175,
        54,
        574,
        626
      ],
      "target_union_size": [
        122,
        175
      ],
      "target_union_offset": [
        35,
        27
      ],
      "output_bboxes": [
        [
          38,
          28,
          157,
          202
        ],
        [
          35,
          27,
          157,
          202
        ],
        [
          35,
          27,
          156,
          202
        ],
        [
          35,
          27,
          157,
          202
        ]
      ]
    },
    "jumping": {
      "animation": "Relax",
      "normalization": "safe-max",
      "scale": 0.3050847457627119,
      "source_union_bbox": [
        183,
        49,
        568,
        626
      ],
      "target_union_size": [
        117,
        176
      ],
      "target_union_offset": [
        37,
        26
      ],
      "output_bboxes": [
        [
          37,
          28,
          154,
          202
        ],
        [
          37,
          26,
          154,
          202
        ],
        [
          37,
          26,
          153,
          199
        ],
        [
          37,
          26,
          154,
          202
        ],
        [
          37,
          28,
          154,
          202
        ]
      ]
    },
    "failed": {
      "animation": "Sleep",
      "normalization": "safe-max",
      "scale": 0.3050847457627119,
      "source_union_bbox": [
        89,
        385,
        679,
        663
      ],
      "target_union_size": [
        180,
        85
      ],
      "target_union_offset": [
        6,
        117
      ],
      "output_bboxes": [
        [
          6,
          117,
          186,
          200
        ],
        [
          6,
          117,
          186,
          201
        ],
        [
          6,
          117,
          186,
          202
        ],
        [
          6,
          119,
          186,
          202
        ],
        [
          6,
          120,
          186,
          202
        ],
        [
          6,
          119,
          186,
          202
        ],
        [
          6,
          118,
          186,
          202
        ],
        [
          6,
          117,
          186,
          201
        ]
      ]
    },
    "waiting": {
      "animation": "Sit",
      "normalization": "safe-max",
      "scale": 0.3050847457627119,
      "source_union_bbox": [
        184,
        236,
        590,
        782
      ],
      "target_union_size": [
        124,
        167
      ],
      "target_union_offset": [
        34,
        35
      ],
      "output_bboxes": [
        [
          34,
          35,
          158,
          202
        ],
        [
          34,
          35,
          158,
          202
        ],
        [
          34,
          35,
          158,
          202
        ],
        [
          34,
          35,
          158,
          202
        ],
        [
          34,
          35,
          158,
          202
        ],
        [
          34,
          35,
          158,
          202
        ]
      ]
    },
    "running": {
      "animation": "Interact",
      "normalization": "safe-max",
      "scale": 0.3050847457627119,
      "source_union_bbox": [
        175,
        54,
        600,
        627
      ],
      "target_union_size": [
        130,
        175
      ],
      "target_union_offset": [
        31,
        27
      ],
      "output_bboxes": [
        [
          34,
          28,
          153,
          202
        ],
        [
          37,
          27,
          161,
          202
        ],
        [
          31,
          27,
          153,
          202
        ],
        [
          32,
          27,
          155,
          202
        ],
        [
          31,
          27,
          154,
          202
        ],
        [
          31,
          27,
          156,
          202
        ]
      ]
    },
    "review": {
      "animation": "Relax",
      "normalization": "safe-max",
      "scale": 0.3050847457627119,
      "source_union_bbox": [
        183,
        63,
        568,
        626
      ],
      "target_union_size": [
        117,
        172
      ],
      "target_union_offset": [
        37,
        30
      ],