{
  "ok": true,
  "normalization": "safe-max",
  "margin": 6,
  "safe_max": {
    "scale": 0.29079159935379645,
    "max_state_union_width": 619,
    "max_state_union_height": 588,
    "available_width": 180,
    "available_height": 196,
    "source_canvas": [
      768,
      832
    ],
    "registration": "pet-wide scale with per-state union registration"
  },
  "states": {
    "idle": {
      "animation": "Relax",
      "normalization": "safe-max",
      "scale": 0.29079159935379645,
      "source_union_bbox": [
        81,
        60,
        629,
        628
      ],
      "target_union_size": [
        159,
        165
      ],
      "target_union_offset": [
        16,
        37
      ],
      "output_bboxes": [
        [
          17,
          37,
          167,
          202
        ],
        [
          16,
          37,
          175,
          202
        ],
        [
          27,
          37,
          164,
          202
        ],
        [
          16,
          37,
          173,
          202
        ],
        [
          19,
          37,
          175,
          202
        ],
        [
          25,
          37,
          170,
          202
        ]
      ]
    },
    "running-right": {
      "animation": "Move",
      "normalization": "safe-max",
      "scale": 0.29079159935379645,
      "source_union_bbox": [
        97,
        51,
        628,
        639
      ],
      "target_union_size": [
        154,
        171
      ],
      "target_union_offset": [
        19,
        31
      ],
      "output_bboxes": [
        [
          22,
          31,
          173,
          202
        ],
        [
          22,
          31,
          173,
          202
        ],
        [
          19,
          31,
          173,
          202
        ],
        [
          19,
          31,
          173,
          202
        ],
        [
          22,
          31,
          173,
          202
        ],
        [
          23,
          31,
          173,
          202
        ],
        [
          19,
          31,
          173,
          202
        ],
        [
          19,
          31,
          173,
          202
        ]
      ]
    },
    "running-left": {
      "animation": "Move",
      "normalization": "safe-max",
      "scale": 0.29079159935379645,
      "source_union_bbox": [
        140,
        51,
        671,
        639
      ],
      "target_union_size": [
        154,
        171
      ],
      "target_union_offset": [
        19,
        31
      ],
      "output_bboxes": [
        [
          19,
          31,
          170,
          202
        ],
        [
          19,
          31,
          170,
          202
        ],
        [
          19,
          31,
          173,
          202
        ],
        [
          19,
          31,
          173,
          202
        ],
        [
          19,
          31,
          170,
          202
        ],
        [
          19,
          31,
          169,
          202
        ],
        [
          19,
          31,
          173,
          202
        ],
        [
          19,
          31,
          173,
          202
        ]
      ]
    },
    "waving": {
      "animation": "Interact",
      "normalization": "safe-max",
      "scale": 0.29079159935379645,
      "source_union_bbox": [
        46,
        60,
        594,
        635
      ],
      "target_union_size": [
        159,
        167
      ],
      "target_union_offset": [
        16,
        35
      ],
      "output_bboxes": [
        [
          31,
          35,
          175,
          202
        ],
        [
          34,
          36,
          166,
          202
        ],
        [
          16,
          36,
          155,
          202
        ],
        [
          29,
          35,
          175,
          202
        ]
      ]
    },
    "jumping": {
      "animation": "Relax",
      "normalization": "safe-max",
      "scale": 0.29079159935379645,
      "source_union_bbox": [
        81,
        44,
        629,
        628
      ],
      "target_union_size": [
        159,
        170
      ],
      "target_union_offset": [
        16,
        32
      ],
      "output_bboxes": [
        [
          17,
          34,
          167,
          202
        ],
        [
          16,
          32,
          175,
          202
        ],
        [
          16,
          32,
          173,
          200
        ],
        [
          26,
          32,
          162,
          202
        ],
        [
          25,
          35,
          170,
          202
        ]
      ]
    },
    "failed": {
      "animation": "Sleep",
      "normalization": "safe-max",
      "scale": 0.29079159935379645,
      "source_union_bbox": [
        103,
        383,
        722,
        687
      ],
      "target_union_size": [
        180,
        88
      ],
      "target_union_offset": [
        6,
        114
      ],
      "output_bboxes": [
        [
          6,
          114,
          186,
          202
        ],
        [
          6,
          114,
          186,
          202
        ],
        [
          6,
          114,
          186,
          202
        ],
        [
          6,
          114,
          186,
          202
        ],
        [
          6,
          114,
          186,
          202
        ],
        [
          6,
          114,
          186,
          202
        ],
        [
          6,
          114,
          186,
          202
        ],
        [
          6,
          114,
          186,
          202
        ]
      ]
    },
    "waiting": {
      "animation": "Sit",
      "normalization": "safe-max",
      "scale": 0.29079159935379645,
      "source_union_bbox": [
        248,
        229,
        636,
        781
      ],
      "target_union_size": [
        113,
        161
      ],
      "target_union_offset": [
        39,
        41
      ],
      "output_bboxes": [
        [
          39,
          41,
          152,
          202
        ],
        [
          41,
          41,
          152,
          202
        ],
        [
          39,
          41,
          152,
          202
        ],
        [
          39,
          41,
          152,
          202
        ],
        [
          39,
          41,
          152,
          202
        ],
        [
          41,
          41,
          152,
          202
        ]
      ]
    },
    "running": {
      "animation": "Interact",
      "normalization": "safe-max",
      "scale": 0.29079159935379645,
      "source_union_bbox": [
        46,
        60,
        594,
        644
      ],
      "target_union_size": [
        159,
        170
      ],
      "target_union_offset": [
        16,
        32
      ],
      "output_bboxes": [
        [
          31,
          32,
          175,
          200
        ],
        [
          31,
          33,
          170,
          202
        ],
        [
          34,
          33,
          166,
          200
        ],
        [
          16,
          33,
          162,
          200
        ],
        [
          16,
          33,
          155,
          201
        ],
        [
          29,
          32,
          175,
          200
        ]
      ]
    },
    "review": {
      "animation": "Relax",
      "normalization": "safe-max",
      "scale": 0.29079159935379645,
      "source_union_bbox": [
        81,
        60,
        629,
        628
      ],
      "target_union_size": [
        159,
        165
      ],
      "target_union_offset": [
        16,
        37
      ],