{
  "ok": true,
  "normalization": "safe-max",
  "margin": 6,
  "safe_max": {
    "scale": 0.3005008347245409,
    "max_state_union_width": 599,
    "max_state_union_height": 591,
    "available_width": 180,
    "available_height": 196,
    "source_canvas": [
      768,
      832
    ],
    "registration": "pet-wide scale with per-state union registration"
  },
  "states": {
    "idle": {
      "animation": "Relax",
      "normalization": "safe-max",
      "scale": 0.3005008347245409,
      "source_union_bbox": [
        238,
        53,
        618,
        636
      ],
      "target_union_size": [
        114,
        175
      ],
      "target_union_offset": [
        39,
        27
      ],
      "output_bboxes": [
        [
          39,
          27,
          153,
          202
        ],
        [
          39,
          27,
          153,
          202
        ],
        [
          43,
          27,
          153,
          202
        ],
        [
          39,
          27,
          152,
          202
        ],
        [
          40,
          28,
          152,
          202
        ],
        [
          43,
          27,
          153,
          202
        ]
      ]
    },
    "running-right": {
      "animation": "Move",
      "normalization": "safe-max",
      "scale": 0.3005008347245409,
      "source_union_bbox": [
        245,
        51,
        620,
        640
      ],
      "target_union_size": [
        113,
        177
      ],
      "target_union_offset": [
        39,
        25
      ],
      "output_bboxes": [
        [
          39,
          25,
          152,
          202
        ],
        [
          41,
          25,
          152,
          202
        ],
        [
          41,
          25,
          152,
          202
        ],
        [
          39,
          25,
          152,
          202
        ],
        [
          40,
          25,
          152,
          202
        ],
        [
          41,
          25,
          152,
          202
        ],
        [
          41,
          25,
          152,
          202
        ],
        [
          39,
          25,
          152,
          202
        ]
      ]
    },
    "running-left": {
      "animation": "Move",
      "normalization": "safe-max",
      "scale": 0.3005008347245409,
      "source_union_bbox": [
        148,
        51,
        523,
        640
      ],
      "target_union_size": [
        113,
        177
      ],
      "target_union_offset": [
        39,
        25
      ],
      "output_bboxes": [
        [
          39,
          25,
          152,
          202
        ],
        [
          39,
          25,
          150,
          202
        ],
        [
          39,
          25,
          150,
          202
        ],
        [
          39,
          25,
          152,
          202
        ],
        [
          39,
          25,
          151,
          202
        ],
        [
          39,
          25,
          150,
          202
        ],
        [
          39,
          25,
          150,
          202
        ],
        [
          39,
          25,
          152,
          202
        ]
      ]
    },
    "waving": {
      "animation": "Interact",
      "normalization": "safe-max",
      "scale": 0.3005008347245409,
      "source_union_bbox": [
        245,
        50,
        661,
        637
      ],
      "target_union_size": [
        125,
        176
      ],
      "target_union_offset": [
        33,
        26
      ],
      "output_bboxes": [
        [
          33,
          26,
          147,
          202
        ],
        [
          35,
          26,
          158,
          202
        ],
        [
          44,
          26,
          158,
          202
        ],
        [
          36,
          26,
          156,
          202
        ]
      ]
    },
    "jumping": {
      "animation": "Relax",
      "normalization": "safe-max",
      "scale": 0.3005008347245409,
      "source_union_bbox": [
        238,
        45,
        618,
        636
      ],
      "target_union_size": [
        114,
        178
      ],
      "target_union_offset": [
        39,
        24
      ],
      "output_bboxes": [
        [
          39,
          24,
          153,
          202
        ],
        [
          39,
          24,
          153,
          202
        ],
        [
          39,
          24,
          152,
          200
        ],
        [
          40,
          24,
          152,
          202
        ],
        [
          43,
          26,
          153,
          202
        ]
      ]
    },
    "failed": {
      "animation": "Sleep",
      "normalization": "safe-max",
      "scale": 0.3005008347245409,
      "source_union_bbox": [
        84,
        365,
        683,
        660
      ],
      "target_union_size": [
        180,
        89
      ],
      "target_union_offset": [
        6,
        113
      ],
      "output_bboxes": [
        [
          6,
          113,
          186,
          202
        ],
        [
          6,
          113,
          186,
          202
        ],
        [
          6,
          113,
          186,
          202
        ],
        [
          6,
          113,
          186,
          202
        ],
        [
          6,
          113,
          186,
          202
        ],
        [
          6,
          113,
          186,
          202
        ],
        [
          6,
          113,
          186,
          202
        ],
        [
          6,
          113,
          186,
          202
        ]
      ]
    },
    "waiting": {
      "animation": "Sit",
      "normalization": "safe-max",
      "scale": 0.3005008347245409,
      "source_union_bbox": [
        284,
        232,
        636,
        782
      ],
      "target_union_size": [
        106,
        165
      ],
      "target_union_offset": [
        43,
        37
      ],
      "output_bboxes": [
        [
          44,
          37,
          149,
          202
        ],
        [
          44,
          37,
          149,
          202
        ],
        [
          44,
          37,
          149,
          202
        ],
        [
          44,
          37,
          149,
          202
        ],
        [
          44,
          37,
          149,
          202
        ],
        [
          43,
          37,
          149,
          202
        ]
      ]
    },
    "running": {
      "animation": "Interact",
      "normalization": "safe-max",
      "scale": 0.3005008347245409,
      "source_union_bbox": [
        245,
        50,
        661,
        637
      ],
      "target_union_size": [
        125,
        176
      ],
      "target_union_offset": [
        33,
        26
      ],
      "output_bboxes": [
        [
          33,
          26,
          147,
          202
        ],
        [
          42,
          26,
          158,
          202
        ],
        [
          35,
          26,
          158,
          202
        ],
        [
          41,
          26,
          158,
          202
        ],
        [
          44,
          26,
          158,
          202
        ],
        [
          36,
          26,
          156,
          202
        ]
      ]
    },
    "review": {
      "animation": "Relax",
      "normalization": "safe-max",
      "scale": 0.3005008347245409,
      "source_union_bbox": [
        245,
        53,
        618,
        636
      ],
      "target_union_size": [
        112,
        175
      ],
      "target_union_offset": [
        40,
        27
      ],