{
  "ok": true,
  "normalization": "safe-max",
  "margin": 6,
  "safe_max": {
    "scale": 0.2945990180032733,
    "max_state_union_width": 611,
    "max_state_union_height": 590,
    "available_width": 180,
    "available_height": 196,
    "source_canvas": [
      768,
      832
    ],
    "registration": "pet-wide scale with per-state union registration"
  },
  "states": {
    "idle": {
      "animation": "Relax",
      "normalization": "safe-max",
      "scale": 0.2945990180032733,
      "source_union_bbox": [
        197,
        59,
        566,
        633
      ],
      "target_union_size": [
        109,
        169
      ],
      "target_union_offset": [
        41,
        33
      ],
      "output_bboxes": [
        [
          41,
          33,
          150,
          202
        ],
        [
          41,
          33,
          150,
          202
        ],
        [
          41,
          33,
          150,
          202
        ],
        [
          41,
          33,
          150,
          202
        ],
        [
          41,
          33,
          150,
          202
        ],
        [
          41,
          33,
          150,
          202
        ]
      ]
    },
    "running-right": {
      "animation": "Move",
      "normalization": "safe-max",
      "scale": 0.2945990180032733,
      "source_union_bbox": [
        199,
        50,
        562,
        635
      ],
      "target_union_size": [
        107,
        172
      ],
      "target_union_offset": [
        42,
        30
      ],
      "output_bboxes": [
        [
          42,
          30,
          149,
          202
        ],
        [
          42,
          30,
          149,
          202
        ],
        [
          42,
          30,
          149,
          202
        ],
        [
          42,
          30,
          149,
          202
        ],
        [
          42,
          30,
          149,
          202
        ],
        [
          42,
          30,
          149,
          202
        ],
        [
          42,
          30,
          149,
          202
        ],
        [
          42,
          30,
          149,
          202
        ]
      ]
    },
    "running-left": {
      "animation": "Move",
      "normalization": "safe-max",
      "scale": 0.2945990180032733,
      "source_union_bbox": [
        206,
        50,
        569,
        635
      ],
      "target_union_size": [
        107,
        172
      ],
      "target_union_offset": [
        42,
        30
      ],
      "output_bboxes": [
        [
          42,
          30,
          149,
          202
        ],
        [
          42,
          30,
          149,
          202
        ],
        [
          42,
          30,
          149,
          202
        ],
        [
          42,
          30,
          149,
          202
        ],
        [
          42,
          30,
          149,
          202
        ],
        [
          42,
          30,
          149,
          202
        ],
        [
          42,
          30,
          149,
          202
        ],
        [
          42,
          30,
          149,
          202
        ]
      ]
    },
    "waving": {
      "animation": "Interact",
      "normalization": "safe-max",
      "scale": 0.2945990180032733,
      "source_union_bbox": [
        208,
        60,
        609,
        633
      ],
      "target_union_size": [
        118,
        169
      ],
      "target_union_offset": [
        37,
        33
      ],
      "output_bboxes": [
        [
          37,
          33,
          146,
          202
        ],
        [
          37,
          33,
          148,
          202
        ],
        [
          46,
          33,
          155,
          202
        ],
        [
          37,
          33,
          148,
          202
        ]
      ]
    },
    "jumping": {
      "animation": "Relax",
      "normalization": "safe-max",
      "scale": 0.2945990180032733,
      "source_union_bbox": [
        197,
        43,
        566,
        633
      ],
      "target_union_size": [
        109,
        174
      ],
      "target_union_offset": [
        41,
        28
      ],
      "output_bboxes": [
        [
          41,
          30,
          150,
          202
        ],
        [
          41,
          28,
          150,
          202
        ],
        [
          41,
          28,
          150,
          200
        ],
        [
          42,
          29,
          150,
          202
        ],
        [
          41,
          32,
          150,
          202
        ]
      ]
    },
    "failed": {
      "animation": "Sleep",
      "normalization": "safe-max",
      "scale": 0.2945990180032733,
      "source_union_bbox": [
        79,
        354,
        690,
        655
      ],
      "target_union_size": [
        180,
        89
      ],
      "target_union_offset": [
        6,
        113
      ],
      "output_bboxes": [
        [
          6,
          113,
          186,
          202
        ],
        [
          6,
          113,
          186,
          202
        ],
        [
          6,
          113,
          186,
          202
        ],
        [
          6,
          113,
          186,
          202
        ],
        [
          6,
          113,
          186,
          202
        ],
        [
          6,
          113,
          186,
          202
        ],
        [
          6,
          113,
          186,
          202
        ],
        [
          6,
          113,
          186,
          202
        ]
      ]
    },
    "waiting": {
      "animation": "Sit",
      "normalization": "safe-max",
      "scale": 0.2945990180032733,
      "source_union_bbox": [
        193,
        239,
        562,
        782
      ],
      "target_union_size": [
        109,
        160
      ],
      "target_union_offset": [
        41,
        42
      ],
      "output_bboxes": [
        [
          41,
          42,
          150,
          202
        ],
        [
          41,
          42,
          150,
          202
        ],
        [
          41,
          42,
          150,
          202
        ],
        [
          41,
          42,
          150,
          202
        ],
        [
          41,
          42,
          150,
          202
        ],
        [
          41,
          42,
          150,
          202
        ]
      ]
    },
    "running": {
      "animation": "Interact",
      "normalization": "safe-max",
      "scale": 0.2945990180032733,
      "source_union_bbox": [
        208,
        51,
        631,
        633
      ],
      "target_union_size": [
        125,
        171
      ],
      "target_union_offset": [
        33,
        31
      ],
      "output_bboxes": [
        [
          33,
          31,
          143,
          202
        ],
        [
          33,
          31,
          145,
          202
        ],
        [
          42,
          32,
          154,
          202
        ],
        [
          50,
          31,
          158,
          202
        ],
        [
          42,
          32,
          154,
          202
        ],
        [
          33,
          31,
          145,
          202
        ]
      ]
    },
    "review": {
      "animation": "Relax",
      "normalization": "safe-max",
      "scale": 0.2945990180032733,
      "source_union_bbox": [
        198,
        60,
        566,
        633
      ],
      "target_union_size": [
        108,
        169
      ],
      "target_union_offset": [
        42,
        33
      ],