{
  "ok": true,
  "normalization": "safe-max",
  "margin": 6,
  "safe_max": {
    "scale": 0.2795031055900621,
    "max_state_union_width": 644,
    "max_state_union_height": 619,
    "available_width": 180,
    "available_height": 196,
    "source_canvas": [
      768,
      832
    ],
    "registration": "pet-wide scale with per-state union registration"
  },
  "states": {
    "idle": {
      "animation": "Relax",
      "normalization": "safe-max",
      "scale": 0.2795031055900621,
      "source_union_bbox": [
        163,
        62,
        598,
        665
      ],
      "target_union_size": [
        122,
        169
      ],
      "target_union_offset": [
        35,
        33
      ],
      "output_bboxes": [
        [
          37,
          33,
          157,
          202
        ],
        [
          37,
          34,
          157,
          202
        ],
        [
          35,
          33,
          157,
          202
        ],
        [
          35,
          33,
          157,
          202
        ],
        [
          37,
          33,
          157,
          202
        ],
        [
          35,
          33,
          157,
          202
        ]
      ]
    },
    "running-right": {
      "animation": "Move",
      "normalization": "safe-max",
      "scale": 0.2795031055900621,
      "source_union_bbox": [
        168,
        57,
        598,
        665
      ],
      "target_union_size": [
        120,
        170
      ],
      "target_union_offset": [
        36,
        32
      ],
      "output_bboxes": [
        [
          36,
          34,
          156,
          202
        ],
        [
          37,
          32,
          156,
          202
        ],
        [
          39,
          33,
          156,
          202
        ],
        [
          37,
          32,
          156,
          202
        ],
        [
          36,
          34,
          156,
          202
        ],
        [
          37,
          32,
          156,
          202
        ],
        [
          39,
          33,
          156,
          202
        ],
        [
          37,
          32,
          156,
          202
        ]
      ]
    },
    "running-left": {
      "animation": "Move",
      "normalization": "safe-max",
      "scale": 0.2795031055900621,
      "source_union_bbox": [
        170,
        57,
        600,
        665
      ],
      "target_union_size": [
        120,
        170
      ],
      "target_union_offset": [
        36,
        32
      ],
      "output_bboxes": [
        [
          36,
          34,
          156,
          202
        ],
        [
          36,
          32,
          155,
          202
        ],
        [
          36,
          33,
          153,
          202
        ],
        [
          36,
          32,
          155,
          202
        ],
        [
          36,
          34,
          156,
          202
        ],
        [
          36,
          32,
          155,
          202
        ],
        [
          36,
          33,
          153,
          202
        ],
        [
          36,
          32,
          155,
          202
        ]
      ]
    },
    "waving": {
      "animation": "Interact",
      "normalization": "safe-max",
      "scale": 0.2795031055900621,
      "source_union_bbox": [
        135,
        61,
        593,
        665
      ],
      "target_union_size": [
        128,
        169
      ],
      "target_union_offset": [
        32,
        33
      ],
      "output_bboxes": [
        [
          41,
          34,
          160,
          202
        ],
        [
          32,
          34,
          160,
          202
        ],
        [
          32,
          34,
          160,
          202
        ],
        [
          42,
          33,
          160,
          202
        ]
      ]
    },
    "jumping": {
      "animation": "Relax",
      "normalization": "safe-max",
      "scale": 0.2795031055900621,
      "source_union_bbox": [
        165,
        46,
        597,
        665
      ],
      "target_union_size": [
        121,
        173
      ],
      "target_union_offset": [
        35,
        29
      ],
      "output_bboxes": [
        [
          36,
          32,
          156,
          202
        ],
        [
          35,
          30,
          156,
          202
        ],
        [
          35,
          29,
          156,
          200
        ],
        [
          35,
          30,
          156,
          202
        ],
        [
          35,
          31,
          156,
          202
        ]
      ]
    },
    "failed": {
      "animation": "Sleep",
      "normalization": "safe-max",
      "scale": 0.2795031055900621,
      "source_union_bbox": [
        62,
        308,
        706,
        673
      ],
      "target_union_size": [
        180,
        102
      ],
      "target_union_offset": [
        6,
        100
      ],
      "output_bboxes": [
        [
          6,
          117,
          186,
          202
        ],
        [
          6,
          110,
          186,
          202
        ],
        [
          6,
          106,
          186,
          202
        ],
        [
          7,
          112,
          186,
          202
        ],
        [
          6,
          104,
          186,
          202
        ],
        [
          6,
          100,
          186,
          202
        ],
        [
          6,
          108,
          186,
          202
        ],
        [
          6,
          104,
          186,
          202
        ]
      ]
    },
    "waiting": {
      "animation": "Sit",
      "normalization": "safe-max",
      "scale": 0.2795031055900621,
      "source_union_bbox": [
        151,
        231,
        580,
        782
      ],
      "target_union_size": [
        120,
        154
      ],
      "target_union_offset": [
        36,
        48
      ],
      "output_bboxes": [
        [
          36,
          48,
          156,
          201
        ],
        [
          37,
          48,
          156,
          202
        ],
        [
          36,
          48,
          156,
          201
        ],
        [
          36,
          48,
          156,
          201
        ],
        [
          36,
          48,
          156,
          201
        ],
        [
          37,
          48,
          156,
          202
        ]
      ]
    },
    "running": {
      "animation": "Interact",
      "normalization": "safe-max",
      "scale": 0.2795031055900621,
      "source_union_bbox": [
        135,
        61,
        593,
        665
      ],
      "target_union_size": [
        128,
        169
      ],
      "target_union_offset": [
        32,
        33
      ],
      "output_bboxes": [
        [
          41,
          34,
          160,
          202
        ],
        [
          32,
          34,
          160,
          202
        ],
        [
          32,
          34,
          160,
          202
        ],
        [
          32,
          36,
          159,
          202
        ],
        [
          32,
          34,
          160,
          202
        ],
        [
          42,
          33,
          160,
          202
        ]
      ]
    },
    "review": {
      "animation": "Relax",
      "normalization": "safe-max",
      "scale": 0.2795031055900621,
      "source_union_bbox": [
        163,
        62,
        598,
        665
      ],
      "target_union_size": [
        122,
        169
      ],
      "target_union_offset": [
        35,
        33
      ],