{
  "ok": true,
  "normalization": "safe-max",
  "margin": 6,
  "safe_max": {
    "scale": 0.2710843373493976,
    "max_state_union_width": 664,
    "max_state_union_height": 591,
    "available_width": 180,
    "available_height": 196,
    "source_canvas": [
      768,
      832
    ],
    "registration": "pet-wide scale with per-state union registration"
  },
  "states": {
    "idle": {
      "animation": "Relax",
      "normalization": "safe-max",
      "scale": 0.2710843373493976,
      "source_union_bbox": [
        95,
        59,
        502,
        619
      ],
      "target_union_size": [
        110,
        152
      ],
      "target_union_offset": [
        41,
        50
      ],
      "output_bboxes": [
        [
          41,
          50,
          151,
          202
        ],
        [
          41,
          50,
          151,
          202
        ],
        [
          41,
          50,
          151,
          202
        ],
        [
          41,
          50,
          151,
          202
        ],
        [
          41,
          50,
          151,
          202
        ],
        [
          41,
          50,
          151,
          202
        ]
      ]
    },
    "running-right": {
      "animation": "Move",
      "normalization": "safe-max",
      "scale": 0.2710843373493976,
      "source_union_bbox": [
        63,
        50,
        502,
        622
      ],
      "target_union_size": [
        119,
        155
      ],
      "target_union_offset": [
        36,
        47
      ],
      "output_bboxes": [
        [
          41,
          48,
          155,
          202
        ],
        [
          51,
          47,
          155,
          202
        ],
        [
          53,
          47,
          155,
          202
        ],
        [
          49,
          47,
          155,
          202
        ],
        [
          42,
          47,
          155,
          202
        ],
        [
          37,
          47,
          155,
          202
        ],
        [
          36,
          47,
          155,
          202
        ],
        [
          36,
          47,
          155,
          202
        ]
      ]
    },
    "running-left": {
      "animation": "Move",
      "normalization": "safe-max",
      "scale": 0.2710843373493976,
      "source_union_bbox": [
        266,
        50,
        705,
        622
      ],
      "target_union_size": [
        119,
        155
      ],
      "target_union_offset": [
        36,
        47
      ],
      "output_bboxes": [
        [
          36,
          48,
          150,
          202
        ],
        [
          36,
          47,
          140,
          202
        ],
        [
          36,
          47,
          138,
          202
        ],
        [
          36,
          47,
          142,
          202
        ],
        [
          36,
          47,
          149,
          202
        ],
        [
          36,
          47,
          154,
          202
        ],
        [
          36,
          47,
          155,
          202
        ],
        [
          36,
          47,
          155,
          202
        ]
      ]
    },
    "waving": {
      "animation": "Interact",
      "normalization": "safe-max",
      "scale": 0.2710843373493976,
      "source_union_bbox": [
        102,
        55,
        513,
        646
      ],
      "target_union_size": [
        111,
        160
      ],
      "target_union_offset": [
        40,
        42
      ],
      "output_bboxes": [
        [
          40,
          42,
          151,
          197
        ],
        [
          53,
          45,
          151,
          202
        ],
        [
          62,
          42,
          151,
          197
        ],
        [
          49,
          45,
          151,
          200
        ]
      ]
    },
    "jumping": {
      "animation": "Relax",
      "normalization": "safe-max",
      "scale": 0.2710843373493976,
      "source_union_bbox": [
        95,
        47,
        502,
        619
      ],
      "target_union_size": [
        110,
        155
      ],
      "target_union_offset": [
        41,
        47
      ],
      "output_bboxes": [
        [
          41,
          48,
          151,
          202
        ],
        [
          41,
          47,
          151,
          202
        ],
        [
          41,
          47,
          151,
          200
        ],
        [
          41,
          47,
          151,
          202
        ],
        [
          41,
          49,
          151,
          202
        ]
      ]
    },
    "failed": {
      "animation": "Sleep",
      "normalization": "safe-max",
      "scale": 0.2710843373493976,
      "source_union_bbox": [
        52,
        393,
        716,
        637
      ],
      "target_union_size": [
        180,
        66
      ],
      "target_union_offset": [
        6,
        136
      ],
      "output_bboxes": [
        [
          6,
          136,
          180,
          202
        ],
        [
          6,
          136,
          174,
          202
        ],
        [
          6,
          136,
          178,
          202
        ],
        [
          6,
          136,
          186,
          202
        ],
        [
          6,
          136,
          180,
          202
        ],
        [
          6,
          136,
          177,
          202
        ],
        [
          6,
          136,
          175,
          202
        ],
        [
          6,
          136,
          177,
          202
        ]
      ]
    },
    "waiting": {
      "animation": "Sit",
      "normalization": "safe-max",
      "scale": 0.2710843373493976,
      "source_union_bbox": [
        172,
        239,
        554,
        782
      ],
      "target_union_size": [
        104,
        147
      ],
      "target_union_offset": [
        44,
        55
      ],
      "output_bboxes": [
        [
          44,
          55,
          148,
          202
        ],
        [
          44,
          55,
          148,
          202
        ],
        [
          47,
          55,
          147,
          202
        ],
        [
          44,
          55,
          148,
          202
        ],
        [
          46,
          55,
          147,
          202
        ],
        [
          48,
          55,
          148,
          202
        ]
      ]
    },
    "running": {
      "animation": "Interact",
      "normalization": "safe-max",
      "scale": 0.2710843373493976,
      "source_union_bbox": [
        102,
        55,
        531,
        646
      ],
      "target_union_size": [
        116,
        160
      ],
      "target_union_offset": [
        38,
        42
      ],
      "output_bboxes": [
        [
          38,
          42,
          149,
          197
        ],
        [
          44,
          45,
          149,
          197
        ],
        [
          51,
          45,
          149,
          202
        ],
        [
          52,
          43,
          154,
          197
        ],
        [
          60,
          42,
          149,
          197
        ],
        [
          47,
          45,
          151,
          200
        ]
      ]
    },
    "review": {
      "animation": "Relax",
      "normalization": "safe-max",
      "scale": 0.2710843373493976,
      "source_union_bbox": [
        95,
        59,
        502,
        619
      ],
      "target_union_size": [
        110,
        152
      ],
      "target_union_offset": [
        41,
        50
      ],