{
  "ok": true,
  "normalization": "safe-max",
  "margin": 6,
  "safe_max": {
    "scale": 0.282574568288854,
    "max_state_union_width": 637,
    "max_state_union_height": 600,
    "available_width": 180,
    "available_height": 196,
    "source_canvas": [
      768,
      832
    ],
    "registration": "pet-wide scale with per-state union registration"
  },
  "states": {
    "idle": {
      "animation": "Relax",
      "normalization": "safe-max",
      "scale": 0.282574568288854,
      "source_union_bbox": [
        132,
        53,
        617,
        638
      ],
      "target_union_size": [
        137,
        165
      ],
      "target_union_offset": [
        27,
        37
      ],
      "output_bboxes": [
        [
          27,
          37,
          161,
          202
        ],
        [
          27,
          37,
          163,
          202
        ],
        [
          28,
          37,
          162,
          202
        ],
        [
          28,
          37,
          163,
          202
        ],
        [
          27,
          37,
          161,
          202
        ],
        [
          28,
          37,
          163,
          202
        ]
      ]
    },
    "running-right": {
      "animation": "Move",
      "normalization": "safe-max",
      "scale": 0.282574568288854,
      "source_union_bbox": [
        120,
        55,
        597,
        638
      ],
      "target_union_size": [
        135,
        165
      ],
      "target_union_offset": [
        28,
        37
      ],
      "output_bboxes": [
        [
          28,
          37,
          162,
          202
        ],
        [
          28,
          37,
          163,
          202
        ],
        [
          28,
          37,
          163,
          202
        ],
        [
          28,
          37,
          163,
          202
        ],
        [
          28,
          37,
          162,
          202
        ],
        [
          28,
          37,
          163,
          202
        ],
        [
          28,
          37,
          163,
          202
        ],
        [
          28,
          37,
          163,
          202
        ]
      ]
    },
    "running-left": {
      "animation": "Move",
      "normalization": "safe-max",
      "scale": 0.282574568288854,
      "source_union_bbox": [
        171,
        55,
        648,
        638
      ],
      "target_union_size": [
        135,
        165
      ],
      "target_union_offset": [
        28,
        37
      ],
      "output_bboxes": [
        [
          29,
          37,
          163,
          202
        ],
        [
          28,
          37,
          163,
          202
        ],
        [
          28,
          37,
          163,
          202
        ],
        [
          28,
          37,
          163,
          202
        ],
        [
          29,
          37,
          163,
          202
        ],
        [
          28,
          37,
          163,
          202
        ],
        [
          28,
          37,
          163,
          202
        ],
        [
          28,
          37,
          163,
          202
        ]
      ]
    },
    "waving": {
      "animation": "Interact",
      "normalization": "safe-max",
      "scale": 0.282574568288854,
      "source_union_bbox": [
        113,
        50,
        648,
        639
      ],
      "target_union_size": [
        151,
        166
      ],
      "target_union_offset": [
        20,
        36
      ],
      "output_bboxes": [
        [
          23,
          36,
          159,
          202
        ],
        [
          36,
          36,
          170,
          202
        ],
        [
          20,
          37,
          162,
          202
        ],
        [
          21,
          36,
          161,
          202
        ]
      ]
    },
    "jumping": {
      "animation": "Relax",
      "normalization": "safe-max",
      "scale": 0.282574568288854,
      "source_union_bbox": [
        132,
        38,
        614,
        638
      ],
      "target_union_size": [
        136,
        170
      ],
      "target_union_offset": [
        28,
        32
      ],
      "output_bboxes": [
        [
          28,
          36,
          162,
          202
        ],
        [
          28,
          34,
          163,
          202
        ],
        [
          29,
          32,
          164,
          200
        ],
        [
          28,
          34,
          163,
          202
        ],
        [
          29,
          34,
          164,
          202
        ]
      ]
    },
    "failed": {
      "animation": "Sleep",
      "normalization": "safe-max",
      "scale": 0.282574568288854,
      "source_union_bbox": [
        65,
        288,
        702,
        663
      ],
      "target_union_size": [
        180,
        106
      ],
      "target_union_offset": [
        6,
        96
      ],
      "output_bboxes": [
        [
          6,
          99,
          186,
          202
        ],
        [
          6,
          99,
          186,
          202
        ],
        [
          6,
          98,
          186,
          202
        ],
        [
          6,
          98,
          186,
          202
        ],
        [
          6,
          98,
          186,
          202
        ],
        [
          6,
          98,
          186,
          202
        ],
        [
          6,
          98,
          186,
          202
        ],
        [
          6,
          99,
          186,
          202
        ]
      ]
    },
    "waiting": {
      "animation": "Sit",
      "normalization": "safe-max",
      "scale": 0.282574568288854,
      "source_union_bbox": [
        140,
        230,
        605,
        783
      ],
      "target_union_size": [
        131,
        156
      ],
      "target_union_offset": [
        30,
        46
      ],
      "output_bboxes": [
        [
          30,
          47,
          153,
          202
        ],
        [
          30,
          48,
          157,
          202
        ],
        [
          30,
          47,
          161,
          202
        ],
        [
          30,
          46,
          153,
          202
        ],
        [
          30,
          46,
          161,
          202
        ],
        [
          30,
          46,
          157,
          202
        ]
      ]
    },
    "running": {
      "animation": "Interact",
      "normalization": "safe-max",
      "scale": 0.282574568288854,
      "source_union_bbox": [
        113,
        50,
        649,
        639
      ],
      "target_union_size": [
        151,
        166
      ],
      "target_union_offset": [
        20,
        36
      ],
      "output_bboxes": [
        [
          23,
          36,
          159,
          202
        ],
        [
          30,
          36,
          171,
          202
        ],
        [
          36,
          36,
          169,
          202
        ],
        [
          20,
          38,
          159,
          202
        ],
        [
          20,
          37,
          161,
          202
        ],
        [
          21,
          36,
          161,
          202
        ]
      ]
    },
    "review": {
      "animation": "Relax",
      "normalization": "safe-max",
      "scale": 0.282574568288854,
      "source_union_bbox": [
        132,
        53,
        617,
        638
      ],
      "target_union_size": [
        137,
        165
      ],
      "target_union_offset": [
        27,
        37
      ],