{
  "ok": true,
  "normalization": "safe-max",
  "margin": 6,
  "safe_max": {
    "scale": 0.28708133971291866,
    "max_state_union_width": 627,
    "max_state_union_height": 590,
    "available_width": 180,
    "available_height": 196,
    "source_canvas": [
      768,
      832
    ],
    "registration": "pet-wide scale with per-state union registration"
  },
  "states": {
    "idle": {
      "animation": "Relax",
      "normalization": "safe-max",
      "scale": 0.28708133971291866,
      "source_union_bbox": [
        241,
        67,
        548,
        631
      ],
      "target_union_size": [
        88,
        162
      ],
      "target_union_offset": [
        52,
        40
      ],
      "output_bboxes": [
        [
          52,
          40,
          140,
          202
        ],
        [
          52,
          40,
          140,
          202
        ],
        [
          52,
          40,
          140,
          202
        ],
        [
          52,
          40,
          140,
          202
        ],
        [
          52,
          40,
          140,
          202
        ],
        [
          52,
          40,
          140,
          202
        ]
      ]
    },
    "running-right": {
      "animation": "Move",
      "normalization": "safe-max",
      "scale": 0.28708133971291866,
      "source_union_bbox": [
        214,
        50,
        574,
        637
      ],
      "target_union_size": [
        103,
        169
      ],
      "target_union_offset": [
        44,
        33
      ],
      "output_bboxes": [
        [
          51,
          36,
          142,
          202
        ],
        [
          52,
          33,
          135,
          202
        ],
        [
          51,
          33,
          140,
          202
        ],
        [
          46,
          33,
          146,
          202
        ],
        [
          44,
          35,
          147,
          202
        ],
        [
          44,
          33,
          147,
          202
        ],
        [
          47,
          33,
          143,
          202
        ],
        [
          52,
          33,
          143,
          202
        ]
      ]
    },
    "running-left": {
      "animation": "Move",
      "normalization": "safe-max",
      "scale": 0.28708133971291866,
      "source_union_bbox": [
        194,
        50,
        554,
        637
      ],
      "target_union_size": [
        103,
        169
      ],
      "target_union_offset": [
        44,
        33
      ],
      "output_bboxes": [
        [
          49,
          36,
          140,
          202
        ],
        [
          56,
          33,
          139,
          202
        ],
        [
          51,
          33,
          140,
          202
        ],
        [
          45,
          33,
          145,
          202
        ],
        [
          44,
          35,
          147,
          202
        ],
        [
          44,
          33,
          147,
          202
        ],
        [
          48,
          33,
          144,
          202
        ],
        [
          48,
          33,
          139,
          202
        ]
      ]
    },
    "waving": {
      "animation": "Interact",
      "normalization": "safe-max",
      "scale": 0.28708133971291866,
      "source_union_bbox": [
        189,
        52,
        573,
        642
      ],
      "target_union_size": [
        110,
        169
      ],
      "target_union_offset": [
        41,
        33
      ],
      "output_bboxes": [
        [
          55,
          36,
          145,
          201
        ],
        [
          58,
          33,
          151,
          202
        ],
        [
          41,
          46,
          140,
          202
        ],
        [
          50,
          40,
          145,
          201
        ]
      ]
    },
    "jumping": {
      "animation": "Relax",
      "normalization": "safe-max",
      "scale": 0.28708133971291866,
      "source_union_bbox": [
        241,
        53,
        548,
        631
      ],
      "target_union_size": [
        88,
        166
      ],
      "target_union_offset": [
        52,
        36
      ],
      "output_bboxes": [
        [
          52,
          39,
          140,
          202
        ],
        [
          52,
          36,
          140,
          202
        ],
        [
          52,
          36,
          140,
          200
        ],
        [
          52,
          36,
          140,
          202
        ],
        [
          52,
          38,
          140,
          202
        ]
      ]
    },
    "failed": {
      "animation": "Sleep",
      "normalization": "safe-max",
      "scale": 0.28708133971291866,
      "source_union_bbox": [
        70,
        394,
        697,
        652
      ],
      "target_union_size": [
        180,
        74
      ],
      "target_union_offset": [
        6,
        128
      ],
      "output_bboxes": [
        [
          6,
          129,
          186,
          202
        ],
        [
          6,
          128,
          186,
          202
        ],
        [
          6,
          128,
          186,
          202
        ],
        [
          6,
          128,
          186,
          202
        ],
        [
          6,
          128,
          186,
          202
        ],
        [
          6,
          128,
          186,
          202
        ],
        [
          6,
          128,
          186,
          202
        ],
        [
          6,
          128,
          186,
          202
        ]
      ]
    },
    "waiting": {
      "animation": "Sit",
      "normalization": "safe-max",
      "scale": 0.28708133971291866,
      "source_union_bbox": [
        126,
        252,
        565,
        782
      ],
      "target_union_size": [
        126,
        152
      ],
      "target_union_offset": [
        33,
        50
      ],
      "output_bboxes": [
        [
          33,
          50,
          159,
          202
        ],
        [
          34,
          50,
          158,
          202
        ],
        [
          36,
          50,
          155,
          202
        ],
        [
          35,
          50,
          155,
          202
        ],
        [
          33,
          50,
          159,
          202
        ],
        [
          33,
          50,
          159,
          202
        ]
      ]
    },
    "running": {
      "animation": "Interact",
      "normalization": "safe-max",
      "scale": 0.28708133971291866,
      "source_union_bbox": [
        189,
        52,
        573,
        642
      ],
      "target_union_size": [
        110,
        169
      ],
      "target_union_offset": [
        41,
        33
      ],
      "output_bboxes": [
        [
          55,
          36,
          145,
          201
        ],
        [
          57,
          34,
          145,
          202
        ],
        [
          58,
          33,
          151,
          202
        ],
        [
          47,
          34,
          138,
          201
        ],
        [
          41,
          46,
          140,
          202
        ],
        [
          50,
          40,
          145,
          201
        ]
      ]
    },
    "review": {
      "animation": "Relax",
      "normalization": "safe-max",
      "scale": 0.28708133971291866,
      "source_union_bbox": [
        241,
        67,
        548,
        631
      ],
      "target_union_size": [
        88,
        162
      ],
      "target_union_offset": [
        52,
        40
      ],