{
  "ok": true,
  "normalization": "safe-max",
  "margin": 6,
  "safe_max": {
    "scale": 0.31088082901554404,
    "max_state_union_width": 579,
    "max_state_union_height": 598,
    "available_width": 180,
    "available_height": 196,
    "source_canvas": [
      768,
      832
    ],
    "registration": "pet-wide scale with per-state union registration"
  },
  "states": {
    "idle": {
      "animation": "Relax",
      "normalization": "safe-max",
      "scale": 0.31088082901554404,
      "source_union_bbox": [
        271,
        56,
        619,
        639
      ],
      "target_union_size": [
        108,
        181
      ],
      "target_union_offset": [
        42,
        21
      ],
      "output_bboxes": [
        [
          42,
          21,
          150,
          202
        ],
        [
          42,
          21,
          150,
          202
        ],
        [
          42,
          21,
          150,
          202
        ],
        [
          42,
          21,
          150,
          202
        ],
        [
          42,
          21,
          150,
          202
        ],
        [
          42,
          21,
          150,
          202
        ]
      ]
    },
    "running-right": {
      "animation": "Move",
      "normalization": "safe-max",
      "scale": 0.31088082901554404,
      "source_union_bbox": [
        271,
        50,
        621,
        641
      ],
      "target_union_size": [
        109,
        184
      ],
      "target_union_offset": [
        41,
        18
      ],
      "output_bboxes": [
        [
          41,
          18,
          150,
          202
        ],
        [
          41,
          18,
          150,
          202
        ],
        [
          41,
          18,
          150,
          201
        ],
        [
          41,
          18,
          150,
          202
        ],
        [
          41,
          18,
          150,
          202
        ],
        [
          41,
          18,
          150,
          202
        ],
        [
          41,
          18,
          150,
          202
        ],
        [
          41,
          18,
          150,
          202
        ]
      ]
    },
    "running-left": {
      "animation": "Move",
      "normalization": "safe-max",
      "scale": 0.31088082901554404,
      "source_union_bbox": [
        147,
        50,
        497,
        641
      ],
      "target_union_size": [
        109,
        184
      ],
      "target_union_offset": [
        41,
        18
      ],
      "output_bboxes": [
        [
          41,
          18,
          150,
          202
        ],
        [
          41,
          18,
          150,
          202
        ],
        [
          41,
          18,
          150,
          201
        ],
        [
          41,
          18,
          150,
          202
        ],
        [
          41,
          18,
          150,
          202
        ],
        [
          41,
          18,
          150,
          202
        ],
        [
          41,
          18,
          150,
          202
        ],
        [
          41,
          18,
          150,
          202
        ]
      ]
    },
    "waving": {
      "animation": "Interact",
      "normalization": "safe-max",
      "scale": 0.31088082901554404,
      "source_union_bbox": [
        269,
        55,
        635,
        639
      ],
      "target_union_size": [
        114,
        182
      ],
      "target_union_offset": [
        39,
        20
      ],
      "output_bboxes": [
        [
          39,
          20,
          150,
          202
        ],
        [
          45,
          23,
          153,
          202
        ],
        [
          39,
          20,
          151,
          202
        ],
        [
          39,
          20,
          149,
          202
        ]
      ]
    },
    "jumping": {
      "animation": "Relax",
      "normalization": "safe-max",
      "scale": 0.31088082901554404,
      "source_union_bbox": [
        271,
        41,
        619,
        639
      ],
      "target_union_size": [
        108,
        186
      ],
      "target_union_offset": [
        42,
        16
      ],
      "output_bboxes": [
        [
          42,
          18,
          150,
          202
        ],
        [
          42,
          16,
          150,
          202
        ],
        [
          42,
          16,
          150,
          199
        ],
        [
          42,
          16,
          150,
          202
        ],
        [
          42,
          19,
          150,
          202
        ]
      ]
    },
    "failed": {
      "animation": "Sleep",
      "normalization": "safe-max",
      "scale": 0.31088082901554404,
      "source_union_bbox": [
        95,
        357,
        674,
        705
      ],
      "target_union_size": [
        180,
        108
      ],
      "target_union_offset": [
        6,
        94
      ],
      "output_bboxes": [
        [
          6,
          94,
          186,
          202
        ],
        [
          6,
          94,
          186,
          202
        ],
        [
          6,
          94,
          186,
          202
        ],
        [
          6,
          94,
          186,
          202
        ],
        [
          6,
          94,
          186,
          202
        ],
        [
          6,
          94,
          186,
          202
        ],
        [
          6,
          94,
          186,
          202
        ],
        [
          6,
          94,
          186,
          202
        ]
      ]
    },
    "waiting": {
      "animation": "Sit",
      "normalization": "safe-max",
      "scale": 0.31088082901554404,
      "source_union_bbox": [
        277,
        222,
        625,
        783
      ],
      "target_union_size": [
        108,
        174
      ],
      "target_union_offset": [
        42,
        28
      ],
      "output_bboxes": [
        [
          42,
          28,
          150,
          202
        ],
        [
          42,
          28,
          150,
          202
        ],
        [
          42,
          28,
          150,
          202
        ],
        [
          42,
          28,
          150,
          202
        ],
        [
          42,
          28,
          150,
          202
        ],
        [
          42,
          28,
          150,
          202
        ]
      ]
    },
    "running": {
      "animation": "Interact",
      "normalization": "safe-max",
      "scale": 0.31088082901554404,
      "source_union_bbox": [
        269,
        55,
        635,
        639
      ],
      "target_union_size": [
        114,
        182
      ],
      "target_union_offset": [
        39,
        20
      ],
      "output_bboxes": [
        [
          39,
          20,
          150,
          202
        ],
        [
          42,
          22,
          153,
          202
        ],
        [
          45,
          23,
          153,
          202
        ],
        [
          42,
          21,
          153,
          202
        ],
        [
          39,
          20,
          151,
          202
        ],
        [
          39,
          20,
          149,
          202
        ]
      ]
    },
    "review": {
      "animation": "Relax",
      "normalization": "safe-max",
      "scale": 0.31088082901554404,
      "source_union_bbox": [
        271,
        56,
        619,
        639
      ],
      "target_union_size": [
        108,
        181
      ],
      "target_union_offset": [
        42,
        21
      ],