{
  "ok": true,
  "normalization": "safe-max",
  "margin": 6,
  "safe_max": {
    "scale": 0.31523642732049034,
    "max_state_union_width": 571,
    "max_state_union_height": 599,
    "available_width": 180,
    "available_height": 196,
    "source_canvas": [
      768,
      832
    ],
    "registration": "pet-wide scale with per-state union registration"
  },
  "states": {
    "idle": {
      "animation": "Relax",
      "normalization": "safe-max",
      "scale": 0.31523642732049034,
      "source_union_bbox": [
        252,
        50,
        622,
        634
      ],
      "target_union_size": [
        117,
        184
      ],
      "target_union_offset": [
        37,
        18
      ],
      "output_bboxes": [
        [
          37,
          19,
          154,
          202
        ],
        [
          37,
          18,
          154,
          202
        ],
        [
          38,
          19,
          154,
          202
        ],
        [
          37,
          19,
          154,
          202
        ],
        [
          37,
          18,
          154,
          202
        ],
        [
          37,
          19,
          154,
          202
        ]
      ]
    },
    "running-right": {
      "animation": "Move",
      "normalization": "safe-max",
      "scale": 0.31523642732049034,
      "source_union_bbox": [
        238,
        53,
        618,
        638
      ],
      "target_union_size": [
        120,
        184
      ],
      "target_union_offset": [
        36,
        18
      ],
      "output_bboxes": [
        [
          37,
          18,
          156,
          202
        ],
        [
          38,
          18,
          156,
          202
        ],
        [
          38,
          18,
          156,
          202
        ],
        [
          37,
          18,
          156,
          202
        ],
        [
          36,
          19,
          156,
          202
        ],
        [
          36,
          18,
          155,
          202
        ],
        [
          36,
          18,
          154,
          202
        ],
        [
          36,
          18,
          155,
          202
        ]
      ]
    },
    "running-left": {
      "animation": "Move",
      "normalization": "safe-max",
      "scale": 0.31523642732049034,
      "source_union_bbox": [
        150,
        53,
        530,
        638
      ],
      "target_union_size": [
        120,
        184
      ],
      "target_union_offset": [
        36,
        18
      ],
      "output_bboxes": [
        [
          36,
          18,
          155,
          202
        ],
        [
          36,
          18,
          154,
          202
        ],
        [
          36,
          18,
          154,
          202
        ],
        [
          36,
          18,
          155,
          202
        ],
        [
          36,
          19,
          156,
          202
        ],
        [
          37,
          18,
          156,
          202
        ],
        [
          38,
          18,
          156,
          202
        ],
        [
          37,
          18,
          156,
          202
        ]
      ]
    },
    "waving": {
      "animation": "Interact",
      "normalization": "safe-max",
      "scale": 0.31523642732049034,
      "source_union_bbox": [
        175,
        52,
        618,
        651
      ],
      "target_union_size": [
        140,
        189
      ],
      "target_union_offset": [
        26,
        13
      ],
      "output_bboxes": [
        [
          48,
          13,
          166,
          199
        ],
        [
          44,
          20,
          157,
          199
        ],
        [
          26,
          23,
          152,
          202
        ],
        [
          52,
          14,
          166,
          199
        ]
      ]
    },
    "jumping": {
      "animation": "Relax",
      "normalization": "safe-max",
      "scale": 0.31523642732049034,
      "source_union_bbox": [
        252,
        37,
        623,
        634
      ],
      "target_union_size": [
        117,
        188
      ],
      "target_union_offset": [
        37,
        14
      ],
      "output_bboxes": [
        [
          37,
          17,
          154,
          202
        ],
        [
          37,
          15,
          154,
          202
        ],
        [
          37,
          14,
          154,
          199
        ],
        [
          37,
          14,
          154,
          202
        ],
        [
          37,
          19,
          154,
          202
        ]
      ]
    },
    "failed": {
      "animation": "Sleep",
      "normalization": "safe-max",
      "scale": 0.31523642732049034,
      "source_union_bbox": [
        98,
        401,
        669,
        678
      ],
      "target_union_size": [
        180,
        87
      ],
      "target_union_offset": [
        6,
        115
      ],
      "output_bboxes": [
        [
          6,
          115,
          186,
          202
        ],
        [
          6,
          115,
          186,
          201
        ],
        [
          6,
          115,
          186,
          201
        ],
        [
          6,
          115,
          186,
          201
        ],
        [
          6,
          115,
          186,
          202
        ],
        [
          6,
          117,
          186,
          202
        ],
        [
          6,
          117,
          186,
          202
        ],
        [
          6,
          117,
          186,
          202
        ]
      ]
    },
    "waiting": {
      "animation": "Sit",
      "normalization": "safe-max",
      "scale": 0.31523642732049034,
      "source_union_bbox": [
        235,
        226,
        608,
        782
      ],
      "target_union_size": [
        118,
        175
      ],
      "target_union_offset": [
        37,
        27
      ],
      "output_bboxes": [
        [
          37,
          28,
          155,
          202
        ],
        [
          37,
          27,
          154,
          202
        ],
        [
          38,
          27,
          155,
          202
        ],
        [
          37,
          28,
          155,
          202
        ],
        [
          38,
          27,
          155,
          202
        ],
        [
          39,
          27,
          155,
          202
        ]
      ]
    },
    "running": {
      "animation": "Interact",
      "normalization": "safe-max",
      "scale": 0.31523642732049034,
      "source_union_bbox": [
        175,
        52,
        626,
        651
      ],
      "target_union_size": [
        142,
        189
      ],
      "target_union_offset": [
        25,
        13
      ],
      "output_bboxes": [
        [
          47,
          13,
          166,
          199
        ],
        [
          49,
          15,
          167,
          199
        ],
        [
          43,
          18,
          155,
          199
        ],
        [
          31,
          24,
          150,
          199
        ],
        [
          25,
          23,
          150,
          202
        ],
        [
          51,
          14,
          166,
          199
        ]
      ]
    },
    "review": {
      "animation": "Relax",
      "normalization": "safe-max",
      "scale": 0.31523642732049034,
      "source_union_bbox": [
        252,
        50,
        623,
        634
      ],
      "target_union_size": [
        117,
        184
      ],
      "target_union_offset": [
        37,
        18
      ],