{
  "ok": true,
  "normalization": "safe-max",
  "margin": 6,
  "safe_max": {
    "scale": 0.30456852791878175,
    "max_state_union_width": 591,
    "max_state_union_height": 590,
    "available_width": 180,
    "available_height": 196,
    "source_canvas": [
      768,
      832
    ],
    "registration": "pet-wide scale with per-state union registration"
  },
  "states": {
    "idle": {
      "animation": "Relax",
      "normalization": "safe-max",
      "scale": 0.30456852791878175,
      "source_union_bbox": [
        71,
        56,
        481,
        636
      ],
      "target_union_size": [
        125,
        177
      ],
      "target_union_offset": [
        33,
        25
      ],
      "output_bboxes": [
        [
          33,
          25,
          149,
          202
        ],
        [
          33,
          25,
          155,
          202
        ],
        [
          33,
          25,
          158,
          202
        ],
        [
          33,
          25,
          153,
          202
        ],
        [
          33,
          25,
          149,
          202
        ],
        [
          33,
          25,
          153,
          202
        ]
      ]
    },
    "running-right": {
      "animation": "Move",
      "normalization": "safe-max",
      "scale": 0.30456852791878175,
      "source_union_bbox": [
        68,
        58,
        452,
        637
      ],
      "target_union_size": [
        117,
        176
      ],
      "target_union_offset": [
        37,
        26
      ],
      "output_bboxes": [
        [
          37,
          26,
          154,
          202
        ],
        [
          37,
          26,
          154,
          202
        ],
        [
          37,
          26,
          154,
          202
        ],
        [
          37,
          26,
          154,
          202
        ],
        [
          37,
          26,
          154,
          202
        ],
        [
          37,
          26,
          154,
          202
        ],
        [
          37,
          26,
          154,
          202
        ],
        [
          37,
          26,
          154,
          202
        ]
      ]
    },
    "running-left": {
      "animation": "Move",
      "normalization": "safe-max",
      "scale": 0.30456852791878175,
      "source_union_bbox": [
        316,
        58,
        700,
        637
      ],
      "target_union_size": [
        117,
        176
      ],
      "target_union_offset": [
        37,
        26
      ],
      "output_bboxes": [
        [
          37,
          26,
          154,
          202
        ],
        [
          37,
          26,
          154,
          202
        ],
        [
          37,
          26,
          154,
          202
        ],
        [
          37,
          26,
          154,
          202
        ],
        [
          37,
          26,
          154,
          202
        ],
        [
          37,
          26,
          154,
          202
        ],
        [
          37,
          26,
          154,
          202
        ],
        [
          37,
          26,
          154,
          202
        ]
      ]
    },
    "waving": {
      "animation": "Interact",
      "normalization": "safe-max",
      "scale": 0.30456852791878175,
      "source_union_bbox": [
        67,
        49,
        496,
        636
      ],
      "target_union_size": [
        131,
        179
      ],
      "target_union_offset": [
        30,
        23
      ],
      "output_bboxes": [
        [
          30,
          24,
          148,
          202
        ],
        [
          33,
          23,
          151,
          202
        ],
        [
          31,
          24,
          161,
          202
        ],
        [
          30,
          23,
          160,
          202
        ]
      ]
    },
    "jumping": {
      "animation": "Relax",
      "normalization": "safe-max",
      "scale": 0.30456852791878175,
      "source_union_bbox": [
        71,
        46,
        464,
        636
      ],
      "target_union_size": [
        120,
        180
      ],
      "target_union_offset": [
        36,
        22
      ],
      "output_bboxes": [
        [
          36,
          24,
          153,
          202
        ],
        [
          36,
          22,
          156,
          202
        ],
        [
          36,
          22,
          156,
          199
        ],
        [
          36,
          22,
          156,
          202
        ],
        [
          36,
          25,
          156,
          202
        ]
      ]
    },
    "failed": {
      "animation": "Sleep",
      "normalization": "safe-max",
      "scale": 0.30456852791878175,
      "source_union_bbox": [
        115,
        395,
        706,
        659
      ],
      "target_union_size": [
        180,
        80
      ],
      "target_union_offset": [
        6,
        122
      ],
      "output_bboxes": [
        [
          6,
          122,
          186,
          202
        ],
        [
          6,
          122,
          186,
          202
        ],
        [
          6,
          122,
          186,
          202
        ],
        [
          6,
          123,
          186,
          202
        ],
        [
          6,
          122,
          186,
          202
        ],
        [
          6,
          122,
          186,
          202
        ],
        [
          6,
          122,
          186,
          202
        ],
        [
          6,
          122,
          186,
          202
        ]
      ]
    },
    "waiting": {
      "animation": "Sit",
      "normalization": "safe-max",
      "scale": 0.30456852791878175,
      "source_union_bbox": [
        103,
        235,
        497,
        780
      ],
      "target_union_size": [
        120,
        166
      ],
      "target_union_offset": [
        36,
        36
      ],
      "output_bboxes": [
        [
          37,
          36,
          156,
          202
        ],
        [
          36,
          36,
          156,
          202
        ],
        [
          36,
          36,
          156,
          202
        ],
        [
          36,
          36,
          156,
          202
        ],
        [
          37,
          36,
          155,
          202
        ],
        [
          36,
          36,
          156,
          202
        ]
      ]
    },
    "running": {
      "animation": "Interact",
      "normalization": "safe-max",
      "scale": 0.30456852791878175,
      "source_union_bbox": [
        63,
        49,
        496,
        636
      ],
      "target_union_size": [
        132,
        179
      ],
      "target_union_offset": [
        30,
        23
      ],
      "output_bboxes": [
        [
          30,
          24,
          149,
          202
        ],
        [
          30,
          23,
          147,
          202
        ],
        [
          35,
          23,
          152,
          202
        ],
        [
          30,
          24,
          150,
          202
        ],
        [
          32,
          24,
          162,
          202
        ],
        [
          31,
          23,
          161,
          202
        ]
      ]
    },
    "review": {
      "animation": "Relax",
      "normalization": "safe-max",
      "scale": 0.30456852791878175,
      "source_union_bbox": [
        71,
        56,
        481,
        636
      ],
      "target_union_size": [
        125,
        177
      ],
      "target_union_offset": [
        33,
        25
      ],