{
  "ok": true,
  "normalization": "safe-max",
  "margin": 6,
  "safe_max": {
    "scale": 0.2922077922077922,
    "max_state_union_width": 616,
    "max_state_union_height": 577,
    "available_width": 180,
    "available_height": 196,
    "source_canvas": [
      768,
      832
    ],
    "registration": "pet-wide scale with per-state union registration"
  },
  "states": {
    "idle": {
      "animation": "Relax",
      "normalization": "safe-max",
      "scale": 0.2922077922077922,
      "source_union_bbox": [
        155,
        50,
        578,
        615
      ],
      "target_union_size": [
        124,
        165
      ],
      "target_union_offset": [
        34,
        37
      ],
      "output_bboxes": [
        [
          34,
          37,
          158,
          202
        ],
        [
          34,
          37,
          158,
          202
        ],
        [
          35,
          37,
          158,
          202
        ],
        [
          38,
          37,
          158,
          202
        ],
        [
          39,
          37,
          158,
          202
        ],
        [
          34,
          37,
          158,
          202
        ]
      ]
    },
    "running-right": {
      "animation": "Move",
      "normalization": "safe-max",
      "scale": 0.2922077922077922,
      "source_union_bbox": [
        155,
        51,
        574,
        616
      ],
      "target_union_size": [
        122,
        165
      ],
      "target_union_offset": [
        35,
        37
      ],
      "output_bboxes": [
        [
          35,
          37,
          157,
          202
        ],
        [
          35,
          37,
          157,
          202
        ],
        [
          36,
          37,
          157,
          202
        ],
        [
          35,
          37,
          157,
          202
        ],
        [
          35,
          37,
          157,
          202
        ],
        [
          35,
          37,
          157,
          202
        ],
        [
          36,
          37,
          157,
          202
        ],
        [
          35,
          37,
          157,
          202
        ]
      ]
    },
    "running-left": {
      "animation": "Move",
      "normalization": "safe-max",
      "scale": 0.2922077922077922,
      "source_union_bbox": [
        194,
        51,
        613,
        616
      ],
      "target_union_size": [
        122,
        165
      ],
      "target_union_offset": [
        35,
        37
      ],
      "output_bboxes": [
        [
          35,
          37,
          157,
          202
        ],
        [
          35,
          37,
          157,
          202
        ],
        [
          35,
          37,
          156,
          202
        ],
        [
          35,
          37,
          157,
          202
        ],
        [
          35,
          37,
          157,
          202
        ],
        [
          35,
          37,
          157,
          202
        ],
        [
          35,
          37,
          156,
          202
        ],
        [
          35,
          37,
          157,
          202
        ]
      ]
    },
    "waving": {
      "animation": "Interact",
      "normalization": "safe-max",
      "scale": 0.2922077922077922,
      "source_union_bbox": [
        155,
        50,
        576,
        617
      ],
      "target_union_size": [
        123,
        166
      ],
      "target_union_offset": [
        34,
        36
      ],
      "output_bboxes": [
        [
          34,
          36,
          157,
          202
        ],
        [
          35,
          36,
          155,
          202
        ],
        [
          35,
          36,
          156,
          202
        ],
        [
          34,
          36,
          157,
          202
        ]
      ]
    },
    "jumping": {
      "animation": "Relax",
      "normalization": "safe-max",
      "scale": 0.2922077922077922,
      "source_union_bbox": [
        155,
        38,
        578,
        615
      ],
      "target_union_size": [
        124,
        169
      ],
      "target_union_offset": [
        34,
        33
      ],
      "output_bboxes": [
        [
          34,
          35,
          158,
          202
        ],
        [
          34,
          33,
          158,
          202
        ],
        [
          38,
          33,
          158,
          200
        ],
        [
          38,
          34,
          158,
          202
        ],
        [
          34,
          35,
          158,
          202
        ]
      ]
    },
    "failed": {
      "animation": "Sleep",
      "normalization": "safe-max",
      "scale": 0.2922077922077922,
      "source_union_bbox": [
        76,
        304,
        692,
        633
      ],
      "target_union_size": [
        180,
        96
      ],
      "target_union_offset": [
        6,
        106
      ],
      "output_bboxes": [
        [
          6,
          106,
          186,
          202
        ],
        [
          6,
          106,
          186,
          202
        ],
        [
          6,
          106,
          186,
          202
        ],
        [
          6,
          106,
          186,
          202
        ],
        [
          6,
          106,
          186,
          202
        ],
        [
          6,
          106,
          186,
          202
        ],
        [
          6,
          106,
          186,
          202
        ],
        [
          6,
          106,
          186,
          202
        ]
      ]
    },
    "waiting": {
      "animation": "Sit",
      "normalization": "safe-max",
      "scale": 0.2922077922077922,
      "source_union_bbox": [
        133,
        267,
        557,
        782
      ],
      "target_union_size": [
        124,
        150
      ],
      "target_union_offset": [
        34,
        52
      ],
      "output_bboxes": [
        [
          34,
          52,
          153,
          202
        ],
        [
          35,
          52,
          157,
          202
        ],
        [
          44,
          52,
          158,
          202
        ],
        [
          34,
          52,
          153,
          202
        ],
        [
          35,
          52,
          158,
          202
        ],
        [
          35,
          52,
          157,
          202
        ]
      ]
    },
    "running": {
      "animation": "Interact",
      "normalization": "safe-max",
      "scale": 0.2922077922077922,
      "source_union_bbox": [
        142,
        50,
        576,
        617
      ],
      "target_union_size": [
        127,
        166
      ],
      "target_union_offset": [
        32,
        36
      ],
      "output_bboxes": [
        [
          34,
          36,
          159,
          202
        ],
        [
          32,
          37,
          158,
          202
        ],
        [
          36,
          36,
          157,
          202
        ],
        [
          36,
          36,
          158,
          202
        ],
        [
          37,
          36,
          158,
          202
        ],
        [
          35,
          36,
          159,
          202
        ]
      ]
    },
    "review": {
      "animation": "Relax",
      "normalization": "safe-max",
      "scale": 0.2922077922077922,
      "source_union_bbox": [
        155,
        50,
        578,
        615
      ],
      "target_union_size": [
        124,
        165
      ],
      "target_union_offset": [
        34,
        37
      ],