{
  "ok": true,
  "normalization": "safe-max",
  "margin": 6,
  "safe_max": {
    "scale": 0.3389830508474576,
    "max_state_union_width": 531,
    "max_state_union_height": 554,
    "available_width": 180,
    "available_height": 196,
    "source_canvas": [
      768,
      832
    ],
    "registration": "pet-wide scale with per-state union registration"
  },
  "states": {
    "idle": {
      "animation": "Relax",
      "normalization": "safe-max",
      "scale": 0.3389830508474576,
      "source_union_bbox": [
        236,
        48,
        560,
        589
      ],
      "target_union_size": [
        110,
        183
      ],
      "target_union_offset": [
        41,
        19
      ],
      "output_bboxes": [
        [
          41,
          19,
          151,
          202
        ],
        [
          41,
          19,
          151,
          202
        ],
        [
          41,
          19,
          151,
          202
        ],
        [
          43,
          19,
          151,
          202
        ],
        [
          45,
          19,
          151,
          202
        ],
        [
          44,
          20,
          151,
          202
        ]
      ]
    },
    "running-right": {
      "animation": "Move",
      "normalization": "safe-max",
      "scale": 0.3389830508474576,
      "source_union_bbox": [
        234,
        45,
        570,
        591
      ],
      "target_union_size": [
        114,
        185
      ],
      "target_union_offset": [
        39,
        17
      ],
      "output_bboxes": [
        [
          42,
          17,
          153,
          202
        ],
        [
          41,
          19,
          153,
          202
        ],
        [
          39,
          18,
          153,
          202
        ],
        [
          39,
          17,
          153,
          202
        ],
        [
          42,
          17,
          153,
          202
        ],
        [
          43,
          18,
          153,
          202
        ],
        [
          39,
          18,
          153,
          202
        ],
        [
          39,
          17,
          153,
          202
        ]
      ]
    },
    "running-left": {
      "animation": "Move",
      "normalization": "safe-max",
      "scale": 0.3389830508474576,
      "source_union_bbox": [
        198,
        45,
        534,
        591
      ],
      "target_union_size": [
        114,
        185
      ],
      "target_union_offset": [
        39,
        17
      ],
      "output_bboxes": [
        [
          39,
          17,
          150,
          202
        ],
        [
          39,
          19,
          151,
          202
        ],
        [
          39,
          18,
          153,
          202
        ],
        [
          39,
          17,
          153,
          202
        ],
        [
          39,
          17,
          150,
          202
        ],
        [
          39,
          18,
          149,
          202
        ],
        [
          39,
          18,
          153,
          202
        ],
        [
          39,
          17,
          153,
          202
        ]
      ]
    },
    "waving": {
      "animation": "Interact",
      "normalization": "safe-max",
      "scale": 0.3389830508474576,
      "source_union_bbox": [
        151,
        48,
        560,
        589
      ],
      "target_union_size": [
        139,
        183
      ],
      "target_union_offset": [
        26,
        19
      ],
      "output_bboxes": [
        [
          54,
          19,
          165,
          202
        ],
        [
          33,
          28,
          155,
          202
        ],
        [
          26,
          35,
          156,
          202
        ],
        [
          54,
          21,
          161,
          202
        ]
      ]
    },
    "jumping": {
      "animation": "Relax",
      "normalization": "safe-max",
      "scale": 0.3389830508474576,
      "source_union_bbox": [
        236,
        35,
        560,
        589
      ],
      "target_union_size": [
        110,
        188
      ],
      "target_union_offset": [
        41,
        14
      ],
      "output_bboxes": [
        [
          41,
          18,
          151,
          202
        ],
        [
          41,
          14,
          151,
          201
        ],
        [
          43,
          14,
          151,
          199
        ],
        [
          46,
          16,
          151,
          201
        ],
        [
          44,
          19,
          151,
          202
        ]
      ]
    },
    "failed": {
      "animation": "Sleep",
      "normalization": "safe-max",
      "scale": 0.3389830508474576,
      "source_union_bbox": [
        122,
        422,
        653,
        651
      ],
      "target_union_size": [
        180,
        78
      ],
      "target_union_offset": [
        6,
        124
      ],
      "output_bboxes": [
        [
          6,
          124,
          186,
          202
        ],
        [
          6,
          124,
          186,
          202
        ],
        [
          6,
          124,
          186,
          202
        ],
        [
          6,
          124,
          186,
          202
        ],
        [
          6,
          124,
          186,
          202
        ],
        [
          6,
          124,
          186,
          202
        ],
        [
          6,
          124,
          186,
          202
        ],
        [
          6,
          124,
          186,
          202
        ]
      ]
    },
    "waiting": {
      "animation": "Sit",
      "normalization": "safe-max",
      "scale": 0.3389830508474576,
      "source_union_bbox": [
        239,
        245,
        537,
        782
      ],
      "target_union_size": [
        101,
        182
      ],
      "target_union_offset": [
        45,
        20
      ],
      "output_bboxes": [
        [
          45,
          20,
          146,
          202
        ],
        [
          45,
          20,
          146,
          202
        ],
        [
          45,
          20,
          146,
          202
        ],
        [
          45,
          20,
          146,
          202
        ],
        [
          45,
          21,
          146,
          202
        ],
        [
          45,
          21,
          146,
          202
        ]
      ]
    },
    "running": {
      "animation": "Interact",
      "normalization": "safe-max",
      "scale": 0.3389830508474576,
      "source_union_bbox": [
        144,
        48,
        560,
        589
      ],
      "target_union_size": [
        141,
        183
      ],
      "target_union_offset": [
        25,
        19
      ],
      "output_bboxes": [
        [
          55,
          19,
          166,
          202
        ],
        [
          55,
          21,
          166,
          202
        ],
        [
          34,
          28,
          156,
          202
        ],
        [
          25,
          36,
          156,
          202
        ],
        [
          25,
          35,
          157,
          202
        ],
        [
          56,
          21,
          162,
          202
        ]
      ]
    },
    "review": {
      "animation": "Relax",
      "normalization": "safe-max",
      "scale": 0.3389830508474576,
      "source_union_bbox": [
        236,
        48,
        560,
        589
      ],
      "target_union_size": [
        110,
        183
      ],
      "target_union_offset": [
        41,
        19
      ],