{
  "ok": true,
  "normalization": "safe-max",
  "margin": 6,
  "safe_max": {
    "scale": 0.31802120141342755,
    "max_state_union_width": 566,
    "max_state_union_height": 566,
    "available_width": 180,
    "available_height": 196,
    "source_canvas": [
      768,
      832
    ],
    "registration": "pet-wide scale with per-state union registration"
  },
  "states": {
    "idle": {
      "animation": "Relax",
      "normalization": "safe-max",
      "scale": 0.31802120141342755,
      "source_union_bbox": [
        274,
        54,
        528,
        605
      ],
      "target_union_size": [
        81,
        175
      ],
      "target_union_offset": [
        55,
        27
      ],
      "output_bboxes": [
        [
          55,
          27,
          136,
          202
        ],
        [
          55,
          27,
          136,
          202
        ],
        [
          55,
          27,
          136,
          202
        ],
        [
          55,
          27,
          136,
          202
        ],
        [
          55,
          27,
          136,
          202
        ],
        [
          55,
          27,
          136,
          202
        ]
      ]
    },
    "running-right": {
      "animation": "Move",
      "normalization": "safe-max",
      "scale": 0.31802120141342755,
      "source_union_bbox": [
        280,
        57,
        567,
        607
      ],
      "target_union_size": [
        91,
        175
      ],
      "target_union_offset": [
        50,
        27
      ],
      "output_bboxes": [
        [
          50,
          27,
          141,
          202
        ],
        [
          50,
          27,
          136,
          202
        ],
        [
          50,
          28,
          137,
          202
        ],
        [
          50,
          27,
          136,
          202
        ],
        [
          52,
          27,
          141,
          202
        ],
        [
          54,
          27,
          136,
          202
        ],
        [
          53,
          28,
          137,
          202
        ],
        [
          51,
          27,
          136,
          202
        ]
      ]
    },
    "running-left": {
      "animation": "Move",
      "normalization": "safe-max",
      "scale": 0.31802120141342755,
      "source_union_bbox": [
        201,
        57,
        488,
        607
      ],
      "target_union_size": [
        91,
        175
      ],
      "target_union_offset": [
        50,
        27
      ],
      "output_bboxes": [
        [
          50,
          27,
          141,
          202
        ],
        [
          55,
          27,
          141,
          202
        ],
        [
          54,
          28,
          141,
          202
        ],
        [
          55,
          27,
          141,
          202
        ],
        [
          50,
          27,
          139,
          202
        ],
        [
          55,
          27,
          137,
          202
        ],
        [
          54,
          28,
          138,
          202
        ],
        [
          55,
          27,
          140,
          202
        ]
      ]
    },
    "waving": {
      "animation": "Interact",
      "normalization": "safe-max",
      "scale": 0.31802120141342755,
      "source_union_bbox": [
        229,
        50,
        547,
        606
      ],
      "target_union_size": [
        101,
        177
      ],
      "target_union_offset": [
        45,
        25
      ],
      "output_bboxes": [
        [
          57,
          25,
          142,
          202
        ],
        [
          45,
          28,
          139,
          202
        ],
        [
          45,
          28,
          137,
          202
        ],
        [
          59,
          25,
          146,
          202
        ]
      ]
    },
    "jumping": {
      "animation": "Relax",
      "normalization": "safe-max",
      "scale": 0.31802120141342755,
      "source_union_bbox": [
        274,
        39,
        528,
        605
      ],
      "target_union_size": [
        81,
        180
      ],
      "target_union_offset": [
        55,
        22
      ],
      "output_bboxes": [
        [
          55,
          25,
          136,
          202
        ],
        [
          55,
          23,
          136,
          201
        ],
        [
          55,
          22,
          136,
          199
        ],
        [
          55,
          23,
          136,
          201
        ],
        [
          55,
          25,
          136,
          202
        ]
      ]
    },
    "failed": {
      "animation": "Sleep",
      "normalization": "safe-max",
      "scale": 0.31802120141342755,
      "source_union_bbox": [
        101,
        451,
        667,
        644
      ],
      "target_union_size": [
        180,
        61
      ],
      "target_union_offset": [
        6,
        141
      ],
      "output_bboxes": [
        [
          6,
          141,
          186,
          202
        ],
        [
          6,
          141,
          186,
          201
        ],
        [
          6,
          141,
          186,
          202
        ],
        [
          6,
          141,
          186,
          202
        ],
        [
          6,
          141,
          186,
          202
        ],
        [
          6,
          141,
          186,
          201
        ],
        [
          6,
          141,
          186,
          202
        ],
        [
          6,
          141,
          186,
          202
        ]
      ]
    },
    "waiting": {
      "animation": "Sit",
      "normalization": "safe-max",
      "scale": 0.31802120141342755,
      "source_union_bbox": [
        251,
        225,
        550,
        781
      ],
      "target_union_size": [
        95,
        177
      ],
      "target_union_offset": [
        48,
        25
      ],
      "output_bboxes": [
        [
          51,
          25,
          143,
          202
        ],
        [
          48,
          25,
          143,
          202
        ],
        [
          48,
          25,
          143,
          202
        ],
        [
          50,
          25,
          143,
          202
        ],
        [
          48,
          25,
          143,
          202
        ],
        [
          50,
          25,
          143,
          202
        ]
      ]
    },
    "running": {
      "animation": "Interact",
      "normalization": "safe-max",
      "scale": 0.31802120141342755,
      "source_union_bbox": [
        202,
        50,
        547,
        606
      ],
      "target_union_size": [
        110,
        177
      ],
      "target_union_offset": [
        41,
        25
      ],
      "output_bboxes": [
        [
          62,
          25,
          147,
          202
        ],
        [
          60,
          27,
          149,
          202
        ],
        [
          50,
          28,
          144,
          202
        ],
        [
          41,
          31,
          142,
          202
        ],
        [
          47,
          28,
          142,
          202
        ],
        [
          64,
          25,
          151,
          202
        ]
      ]
    },
    "review": {
      "animation": "Relax",
      "normalization": "safe-max",
      "scale": 0.31802120141342755,
      "source_union_bbox": [
        274,
        54,
        528,
        605
      ],
      "target_union_size": [
        81,
        175
      ],
      "target_union_offset": [
        55,
        27
      ],