{
  "ok": true,
  "normalization": "safe-max",
  "margin": 6,
  "safe_max": {
    "scale": 0.3119584055459272,
    "max_state_union_width": 577,
    "max_state_union_height": 562,
    "available_width": 180,
    "available_height": 196,
    "source_canvas": [
      768,
      832
    ],
    "registration": "pet-wide scale with per-state union registration"
  },
  "states": {
    "idle": {
      "animation": "Relax",
      "normalization": "safe-max",
      "scale": 0.3119584055459272,
      "source_union_bbox": [
        188,
        57,
        542,
        603
      ],
      "target_union_size": [
        110,
        170
      ],
      "target_union_offset": [
        41,
        32
      ],
      "output_bboxes": [
        [
          41,
          32,
          151,
          202
        ],
        [
          41,
          32,
          151,
          202
        ],
        [
          41,
          32,
          151,
          202
        ],
        [
          41,
          32,
          151,
          202
        ],
        [
          41,
          32,
          151,
          202
        ],
        [
          41,
          32,
          151,
          202
        ]
      ]
    },
    "running-right": {
      "animation": "Move",
      "normalization": "safe-max",
      "scale": 0.3119584055459272,
      "source_union_bbox": [
        190,
        57,
        556,
        604
      ],
      "target_union_size": [
        114,
        171
      ],
      "target_union_offset": [
        39,
        31
      ],
      "output_bboxes": [
        [
          41,
          31,
          153,
          202
        ],
        [
          39,
          31,
          153,
          202
        ],
        [
          41,
          31,
          153,
          202
        ],
        [
          39,
          31,
          153,
          202
        ],
        [
          41,
          31,
          153,
          202
        ],
        [
          39,
          31,
          153,
          202
        ],
        [
          41,
          31,
          153,
          202
        ],
        [
          39,
          31,
          153,
          202
        ]
      ]
    },
    "running-left": {
      "animation": "Move",
      "normalization": "safe-max",
      "scale": 0.3119584055459272,
      "source_union_bbox": [
        212,
        57,
        578,
        604
      ],
      "target_union_size": [
        114,
        171
      ],
      "target_union_offset": [
        39,
        31
      ],
      "output_bboxes": [
        [
          39,
          31,
          151,
          202
        ],
        [
          39,
          31,
          153,
          202
        ],
        [
          39,
          31,
          151,
          202
        ],
        [
          39,
          31,
          153,
          202
        ],
        [
          39,
          31,
          151,
          202
        ],
        [
          39,
          31,
          153,
          202
        ],
        [
          39,
          31,
          151,
          202
        ],
        [
          39,
          31,
          153,
          202
        ]
      ]
    },
    "waving": {
      "animation": "Interact",
      "normalization": "safe-max",
      "scale": 0.3119584055459272,
      "source_union_bbox": [
        169,
        52,
        546,
        603
      ],
      "target_union_size": [
        118,
        172
      ],
      "target_union_offset": [
        37,
        30
      ],
      "output_bboxes": [
        [
          40,
          30,
          155,
          202
        ],
        [
          45,
          30,
          155,
          202
        ],
        [
          37,
          30,
          151,
          202
        ],
        [
          45,
          30,
          155,
          202
        ]
      ]
    },
    "jumping": {
      "animation": "Relax",
      "normalization": "safe-max",
      "scale": 0.3119584055459272,
      "source_union_bbox": [
        188,
        41,
        542,
        603
      ],
      "target_union_size": [
        110,
        175
      ],
      "target_union_offset": [
        41,
        27
      ],
      "output_bboxes": [
        [
          41,
          29,
          151,
          202
        ],
        [
          41,
          27,
          151,
          202
        ],
        [
          41,
          27,
          151,
          200
        ],
        [
          41,
          27,
          151,
          202
        ],
        [
          41,
          29,
          151,
          202
        ]
      ]
    },
    "failed": {
      "animation": "Sleep",
      "normalization": "safe-max",
      "scale": 0.3119584055459272,
      "source_union_bbox": [
        95,
        365,
        672,
        632
      ],
      "target_union_size": [
        180,
        83
      ],
      "target_union_offset": [
        6,
        119
      ],
      "output_bboxes": [
        [
          6,
          119,
          186,
          202
        ],
        [
          6,
          119,
          186,
          202
        ],
        [
          6,
          119,
          186,
          202
        ],
        [
          6,
          119,
          186,
          202
        ],
        [
          6,
          119,
          186,
          202
        ],
        [
          6,
          119,
          186,
          202
        ],
        [
          6,
          119,
          186,
          202
        ],
        [
          6,
          119,
          186,
          202
        ]
      ]
    },
    "waiting": {
      "animation": "Sit",
      "normalization": "safe-max",
      "scale": 0.3119584055459272,
      "source_union_bbox": [
        154,
        221,
        567,
        782
      ],
      "target_union_size": [
        129,
        175
      ],
      "target_union_offset": [
        31,
        27
      ],
      "output_bboxes": [
        [
          42,
          27,
          160,
          202
        ],
        [
          40,
          27,
          160,
          202
        ],
        [
          31,
          27,
          160,
          202
        ],
        [
          47,
          27,
          160,
          202
        ],
        [
          31,
          27,
          160,
          202
        ],
        [
          40,
          27,
          160,
          202
        ]
      ]
    },
    "running": {
      "animation": "Interact",
      "normalization": "safe-max",
      "scale": 0.3119584055459272,
      "source_union_bbox": [
        169,
        52,
        546,
        603
      ],
      "target_union_size": [
        118,
        172
      ],
      "target_union_offset": [
        37,
        30
      ],
      "output_bboxes": [
        [
          45,
          30,
          155,
          202
        ],
        [
          37,
          30,
          151,
          202
        ],
        [
          38,
          30,
          154,
          202
        ],
        [
          39,
          30,
          154,
          202
        ],
        [
          38,
          30,
          154,
          202
        ],
        [
          37,
          30,
          151,
          202
        ]
      ]
    },
    "review": {
      "animation": "Relax",
      "normalization": "safe-max",
      "scale": 0.3119584055459272,
      "source_union_bbox": [
        188,
        57,
        542,
        603
      ],
      "target_union_size": [
        110,
        170
      ],
      "target_union_offset": [
        41,
        32
      ],