{
  "ok": true,
  "normalization": "safe-max",
  "margin": 6,
  "safe_max": {
    "scale": 0.3302752293577982,
    "max_state_union_width": 545,
    "max_state_union_height": 568,
    "available_width": 180,
    "available_height": 196,
    "source_canvas": [
      768,
      832
    ],
    "registration": "pet-wide scale with per-state union registration"
  },
  "states": {
    "idle": {
      "animation": "Relax",
      "normalization": "safe-max",
      "scale": 0.3302752293577982,
      "source_union_bbox": [
        217,
        49,
        585,
        604
      ],
      "target_union_size": [
        122,
        183
      ],
      "target_union_offset": [
        35,
        19
      ],
      "output_bboxes": [
        [
          39,
          19,
          155,
          202
        ],
        [
          35,
          19,
          152,
          202
        ],
        [
          35,
          19,
          151,
          202
        ],
        [
          37,
          19,
          154,
          202
        ],
        [
          39,
          19,
          157,
          202
        ],
        [
          39,
          19,
          157,
          202
        ]
      ]
    },
    "running-right": {
      "animation": "Move",
      "normalization": "safe-max",
      "scale": 0.3302752293577982,
      "source_union_bbox": [
        223,
        51,
        589,
        612
      ],
      "target_union_size": [
        121,
        185
      ],
      "target_union_offset": [
        35,
        17
      ],
      "output_bboxes": [
        [
          38,
          17,
          155,
          202
        ],
        [
          36,
          17,
          156,
          202
        ],
        [
          36,
          17,
          154,
          202
        ],
        [
          38,
          17,
          150,
          202
        ],
        [
          36,
          17,
          153,
          202
        ],
        [
          35,
          17,
          156,
          202
        ],
        [
          35,
          17,
          150,
          202
        ],
        [
          36,
          17,
          147,
          202
        ]
      ]
    },
    "running-left": {
      "animation": "Move",
      "normalization": "safe-max",
      "scale": 0.3302752293577982,
      "source_union_bbox": [
        179,
        51,
        545,
        612
      ],
      "target_union_size": [
        121,
        185
      ],
      "target_union_offset": [
        35,
        17
      ],
      "output_bboxes": [
        [
          36,
          17,
          153,
          202
        ],
        [
          35,
          17,
          155,
          202
        ],
        [
          37,
          17,
          155,
          202
        ],
        [
          41,
          17,
          153,
          202
        ],
        [
          38,
          17,
          155,
          202
        ],
        [
          35,
          17,
          156,
          202
        ],
        [
          41,
          17,
          156,
          202
        ],
        [
          44,
          17,
          155,
          202
        ]
      ]
    },
    "waving": {
      "animation": "Interact",
      "normalization": "safe-max",
      "scale": 0.3302752293577982,
      "source_union_bbox": [
        176,
        51,
        599,
        614
      ],
      "target_union_size": [
        140,
        186
      ],
      "target_union_offset": [
        26,
        16
      ],
      "output_bboxes": [
        [
          44,
          16,
          160,
          201
        ],
        [
          42,
          16,
          159,
          201
        ],
        [
          26,
          30,
          152,
          201
        ],
        [
          47,
          16,
          166,
          202
        ]
      ]
    },
    "jumping": {
      "animation": "Relax",
      "normalization": "safe-max",
      "scale": 0.3302752293577982,
      "source_union_bbox": [
        222,
        36,
        588,
        604
      ],
      "target_union_size": [
        121,
        188
      ],
      "target_union_offset": [
        35,
        14
      ],
      "output_bboxes": [
        [
          37,
          17,
          153,
          202
        ],
        [
          35,
          14,
          150,
          202
        ],
        [
          35,
          14,
          152,
          199
        ],
        [
          35,
          16,
          156,
          202
        ],
        [
          37,
          18,
          156,
          202
        ]
      ]
    },
    "failed": {
      "animation": "Sleep",
      "normalization": "safe-max",
      "scale": 0.3302752293577982,
      "source_union_bbox": [
        111,
        417,
        656,
        655
      ],
      "target_union_size": [
        180,
        79
      ],
      "target_union_offset": [
        6,
        123
      ],
      "output_bboxes": [
        [
          6,
          123,
          186,
          202
        ],
        [
          6,
          123,
          186,
          202
        ],
        [
          6,
          123,
          186,
          202
        ],
        [
          6,
          123,
          186,
          202
        ],
        [
          6,
          123,
          186,
          202
        ],
        [
          6,
          123,
          186,
          202
        ],
        [
          6,
          123,
          186,
          202
        ],
        [
          6,
          123,
          186,
          202
        ]
      ]
    },
    "waiting": {
      "animation": "Sit",
      "normalization": "safe-max",
      "scale": 0.3302752293577982,
      "source_union_bbox": [
        260,
        262,
        566,
        782
      ],
      "target_union_size": [
        101,
        172
      ],
      "target_union_offset": [
        45,
        30
      ],
      "output_bboxes": [
        [
          45,
          30,
          146,
          202
        ],
        [
          45,
          30,
          146,
          202
        ],
        [
          45,
          30,
          146,
          202
        ],
        [
          45,
          30,
          146,
          202
        ],
        [
          45,
          30,
          146,
          202
        ],
        [
          46,
          30,
          146,
          202
        ]
      ]
    },
    "running": {
      "animation": "Interact",
      "normalization": "safe-max",
      "scale": 0.3302752293577982,
      "source_union_bbox": [
        176,
        51,
        599,
        614
      ],
      "target_union_size": [
        140,
        186
      ],
      "target_union_offset": [
        26,
        16
      ],
      "output_bboxes": [
        [
          44,
          16,
          160,
          201
        ],
        [
          43,
          16,
          163,
          201
        ],
        [
          42,
          16,
          159,
          201
        ],
        [
          30,
          19,
          149,
          201
        ],
        [
          26,
          30,
          152,
          201
        ],
        [
          47,
          16,
          166,
          202
        ]
      ]
    },
    "review": {
      "animation": "Relax",
      "normalization": "safe-max",
      "scale": 0.3302752293577982,
      "source_union_bbox": [
        217,
        49,
        588,
        604
      ],
      "target_union_size": [
        123,
        183
      ],
      "target_union_offset": [
        34,
        19
      ],