{
  "ok": true,
  "normalization": "safe-max",
  "margin": 6,
  "safe_max": {
    "scale": 0.3015075376884422,
    "max_state_union_width": 597,
    "max_state_union_height": 630,
    "available_width": 180,
    "available_height": 196,
    "source_canvas": [
      768,
      832
    ],
    "registration": "pet-wide scale with per-state union registration"
  },
  "states": {
    "idle": {
      "animation": "Relax",
      "normalization": "safe-max",
      "scale": 0.3015075376884422,
      "source_union_bbox": [
        284,
        58,
        657,
        674
      ],
      "target_union_size": [
        112,
        186
      ],
      "target_union_offset": [
        40,
        16
      ],
      "output_bboxes": [
        [
          40,
          16,
          152,
          202
        ],
        [
          40,
          17,
          152,
          202
        ],
        [
          42,
          16,
          152,
          202
        ],
        [
          40,
          16,
          151,
          202
        ],
        [
          40,
          16,
          152,
          202
        ],
        [
          40,
          16,
          151,
          202
        ]
      ]
    },
    "running-right": {
      "animation": "Move",
      "normalization": "safe-max",
      "scale": 0.3015075376884422,
      "source_union_bbox": [
        259,
        50,
        666,
        680
      ],
      "target_union_size": [
        123,
        190
      ],
      "target_union_offset": [
        34,
        12
      ],
      "output_bboxes": [
        [
          40,
          12,
          157,
          201
        ],
        [
          34,
          17,
          156,
          202
        ],
        [
          41,
          16,
          156,
          200
        ],
        [
          47,
          12,
          157,
          199
        ],
        [
          40,
          12,
          157,
          201
        ],
        [
          34,
          17,
          156,
          202
        ],
        [
          41,
          16,
          156,
          200
        ],
        [
          47,
          12,
          157,
          199
        ]
      ]
    },
    "running-left": {
      "animation": "Move",
      "normalization": "safe-max",
      "scale": 0.3015075376884422,
      "source_union_bbox": [
        102,
        50,
        509,
        680
      ],
      "target_union_size": [
        123,
        190
      ],
      "target_union_offset": [
        34,
        12
      ],
      "output_bboxes": [
        [
          34,
          12,
          151,
          201
        ],
        [
          35,
          17,
          157,
          202
        ],
        [
          35,
          16,
          150,
          200
        ],
        [
          34,
          12,
          144,
          199
        ],
        [
          34,
          12,
          151,
          201
        ],
        [
          35,
          17,
          157,
          202
        ],
        [
          35,
          16,
          150,
          200
        ],
        [
          34,
          12,
          144,
          199
        ]
      ]
    },
    "waving": {
      "animation": "Interact",
      "normalization": "safe-max",
      "scale": 0.3015075376884422,
      "source_union_bbox": [
        262,
        55,
        676,
        683
      ],
      "target_union_size": [
        125,
        189
      ],
      "target_union_offset": [
        33,
        13
      ],
      "output_bboxes": [
        [
          38,
          14,
          155,
          200
        ],
        [
          33,
          16,
          158,
          202
        ],
        [
          41,
          13,
          149,
          200
        ],
        [
          43,
          13,
          158,
          199
        ]
      ]
    },
    "jumping": {
      "animation": "Relax",
      "normalization": "safe-max",
      "scale": 0.3015075376884422,
      "source_union_bbox": [
        284,
        45,
        657,
        670
      ],
      "target_union_size": [
        112,
        188
      ],
      "target_union_offset": [
        40,
        14
      ],
      "output_bboxes": [
        [
          40,
          16,
          152,
          202
        ],
        [
          40,
          14,
          152,
          202
        ],
        [
          40,
          14,
          151,
          198
        ],
        [
          40,
          14,
          152,
          202
        ],
        [
          40,
          17,
          151,
          202
        ]
      ]
    },
    "failed": {
      "animation": "Sleep",
      "normalization": "safe-max",
      "scale": 0.3015075376884422,
      "source_union_bbox": [
        86,
        385,
        683,
        716
      ],
      "target_union_size": [
        180,
        100
      ],
      "target_union_offset": [
        6,
        102
      ],
      "output_bboxes": [
        [
          6,
          102,
          186,
          202
        ],
        [
          6,
          102,
          186,
          202
        ],
        [
          6,
          102,
          186,
          202
        ],
        [
          6,
          102,
          186,
          202
        ],
        [
          6,
          102,
          186,
          202
        ],
        [
          6,
          102,
          186,
          202
        ],
        [
          6,
          102,
          186,
          202
        ],
        [
          6,
          102,
          186,
          202
        ]
      ]
    },
    "waiting": {
      "animation": "Sit",
      "normalization": "safe-max",
      "scale": 0.3015075376884422,
      "source_union_bbox": [
        305,
        213,
        661,
        782
      ],
      "target_union_size": [
        107,
        172
      ],
      "target_union_offset": [
        42,
        30
      ],
      "output_bboxes": [
        [
          42,
          30,
          149,
          202
        ],
        [
          42,
          30,
          149,
          202
        ],
        [
          42,
          30,
          149,
          202
        ],
        [
          42,
          30,
          149,
          202
        ],
        [
          42,
          30,
          149,
          202
        ],
        [
          42,
          31,
          149,
          202
        ]
      ]
    },
    "running": {
      "animation": "Interact",
      "normalization": "safe-max",
      "scale": 0.3015075376884422,
      "source_union_bbox": [
        262,
        55,
        676,
        683
      ],
      "target_union_size": [
        125,
        189
      ],
      "target_union_offset": [
        33,
        13
      ],
      "output_bboxes": [
        [
          38,
          14,
          155,
          200
        ],
        [
          33,
          19,
          158,
          202
        ],
        [
          33,
          16,
          158,
          202
        ],
        [
          34,
          14,
          155,
          202
        ],
        [
          41,
          13,
          149,
          200
        ],
        [
          43,
          13,
          158,
          199
        ]
      ]
    },
    "review": {
      "animation": "Relax",
      "normalization": "safe-max",
      "scale": 0.3015075376884422,
      "source_union_bbox": [
        284,
        58,
        657,
        674
      ],
      "target_union_size": [
        112,
        186
      ],
      "target_union_offset": [
        40,
        16
      ],