{
  "ok": true,
  "normalization": "safe-max",
  "margin": 6,
  "safe_max": {
    "scale": 0.3010033444816054,
    "max_state_union_width": 598,
    "max_state_union_height": 596,
    "available_width": 180,
    "available_height": 196,
    "source_canvas": [
      768,
      832
    ],
    "registration": "pet-wide scale with per-state union registration"
  },
  "states": {
    "idle": {
      "animation": "Relax",
      "normalization": "safe-max",
      "scale": 0.3010033444816054,
      "source_union_bbox": [
        236,
        71,
        672,
        642
      ],
      "target_union_size": [
        131,
        172
      ],
      "target_union_offset": [
        30,
        30
      ],
      "output_bboxes": [
        [
          30,
          30,
          161,
          202
        ],
        [
          30,
          30,
          161,
          202
        ],
        [
          30,
          30,
          161,
          202
        ],
        [
          30,
          30,
          161,
          202
        ],
        [
          30,
          30,
          161,
          202
        ],
        [
          30,
          30,
          161,
          202
        ]
      ]
    },
    "running-right": {
      "animation": "Move",
      "normalization": "safe-max",
      "scale": 0.3010033444816054,
      "source_union_bbox": [
        236,
        61,
        692,
        645
      ],
      "target_union_size": [
        137,
        176
      ],
      "target_union_offset": [
        27,
        26
      ],
      "output_bboxes": [
        [
          27,
          26,
          164,
          202
        ],
        [
          27,
          26,
          164,
          202
        ],
        [
          27,
          26,
          164,
          201
        ],
        [
          27,
          26,
          164,
          202
        ],
        [
          27,
          26,
          164,
          202
        ],
        [
          27,
          26,
          164,
          202
        ],
        [
          27,
          26,
          164,
          202
        ],
        [
          27,
          26,
          164,
          202
        ]
      ]
    },
    "running-left": {
      "animation": "Move",
      "normalization": "safe-max",
      "scale": 0.3010033444816054,
      "source_union_bbox": [
        76,
        61,
        532,
        645
      ],
      "target_union_size": [
        137,
        176
      ],
      "target_union_offset": [
        27,
        26
      ],
      "output_bboxes": [
        [
          27,
          26,
          164,
          202
        ],
        [
          27,
          26,
          164,
          202
        ],
        [
          27,
          26,
          164,
          201
        ],
        [
          27,
          26,
          164,
          202
        ],
        [
          27,
          26,
          164,
          202
        ],
        [
          27,
          26,
          164,
          202
        ],
        [
          27,
          26,
          164,
          202
        ],
        [
          27,
          26,
          164,
          202
        ]
      ]
    },
    "waving": {
      "animation": "Interact",
      "normalization": "safe-max",
      "scale": 0.3010033444816054,
      "source_union_bbox": [
        102,
        50,
        669,
        646
      ],
      "target_union_size": [
        171,
        179
      ],
      "target_union_offset": [
        10,
        23
      ],
      "output_bboxes": [
        [
          48,
          27,
          181,
          202
        ],
        [
          15,
          27,
          166,
          202
        ],
        [
          10,
          24,
          157,
          202
        ],
        [
          42,
          27,
          181,
          202
        ]
      ]
    },
    "jumping": {
      "animation": "Relax",
      "normalization": "safe-max",
      "scale": 0.3010033444816054,
      "source_union_bbox": [
        236,
        57,
        671,
        642
      ],
      "target_union_size": [
        131,
        176
      ],
      "target_union_offset": [
        30,
        26
      ],
      "output_bboxes": [
        [
          30,
          28,
          161,
          202
        ],
        [
          30,
          26,
          161,
          202
        ],
        [
          30,
          26,
          161,
          200
        ],
        [
          30,
          26,
          161,
          202
        ],
        [
          30,
          29,
          161,
          202
        ]
      ]
    },
    "failed": {
      "animation": "Sleep",
      "normalization": "safe-max",
      "scale": 0.3010033444816054,
      "source_union_bbox": [
        101,
        381,
        698,
        767
      ],
      "target_union_size": [
        180,
        116
      ],
      "target_union_offset": [
        6,
        86
      ],
      "output_bboxes": [
        [
          6,
          86,
          186,
          202
        ],
        [
          6,
          86,
          186,
          202
        ],
        [
          6,
          86,
          186,
          201
        ],
        [
          6,
          86,
          186,
          202
        ],
        [
          6,
          86,
          186,
          202
        ],
        [
          6,
          86,
          186,
          202
        ],
        [
          6,
          86,
          186,
          201
        ],
        [
          6,
          86,
          186,
          202
        ]
      ]
    },
    "waiting": {
      "animation": "Sit",
      "normalization": "safe-max",
      "scale": 0.3010033444816054,
      "source_union_bbox": [
        298,
        252,
        681,
        782
      ],
      "target_union_size": [
        115,
        160
      ],
      "target_union_offset": [
        38,
        42
      ],
      "output_bboxes": [
        [
          38,
          42,
          153,
          202
        ],
        [
          38,
          42,
          153,
          202
        ],
        [
          38,
          42,
          153,
          202
        ],
        [
          38,
          42,
          153,
          202
        ],
        [
          38,
          42,
          153,
          202
        ],
        [
          38,
          42,
          153,
          202
        ]
      ]
    },
    "running": {
      "animation": "Interact",
      "normalization": "safe-max",
      "scale": 0.3010033444816054,
      "source_union_bbox": [
        71,
        50,
        669,
        646
      ],
      "target_union_size": [
        180,
        179
      ],
      "target_union_offset": [
        6,
        23
      ],
      "output_bboxes": [
        [
          53,
          27,
          186,
          202
        ],
        [
          39,
          27,
          183,
          202
        ],
        [
          20,
          27,
          171,
          202
        ],
        [
          6,
          25,
          162,
          202
        ],
        [
          14,
          24,
          162,
          202
        ],
        [
          48,
          27,
          186,
          202
        ]
      ]
    },
    "review": {
      "animation": "Relax",
      "normalization": "safe-max",
      "scale": 0.3010033444816054,
      "source_union_bbox": [
        236,
        71,
        672,
        642
      ],
      "target_union_size": [
        131,
        172
      ],
      "target_union_offset": [
        30,
        30
      ],