{
  "ok": true,
  "normalization": "safe-max",
  "margin": 6,
  "safe_max": {
    "scale": 0.3076923076923077,
    "max_state_union_width": 585,
    "max_state_union_height": 595,
    "available_width": 180,
    "available_height": 196,
    "source_canvas": [
      768,
      832
    ],
    "registration": "pet-wide scale with per-state union registration"
  },
  "states": {
    "idle": {
      "animation": "Relax",
      "normalization": "safe-max",
      "scale": 0.3076923076923077,
      "source_union_bbox": [
        295,
        51,
        600,
        631
      ],
      "target_union_size": [
        94,
        178
      ],
      "target_union_offset": [
        49,
        24
      ],
      "output_bboxes": [
        [
          49,
          24,
          143,
          202
        ],
        [
          49,
          24,
          143,
          202
        ],
        [
          49,
          24,
          143,
          202
        ],
        [
          50,
          24,
          143,
          202
        ],
        [
          49,
          24,
          143,
          202
        ],
        [
          50,
          24,
          143,
          202
        ]
      ]
    },
    "running-right": {
      "animation": "Move",
      "normalization": "safe-max",
      "scale": 0.3076923076923077,
      "source_union_bbox": [
        317,
        58,
        613,
        632
      ],
      "target_union_size": [
        91,
        177
      ],
      "target_union_offset": [
        50,
        25
      ],
      "output_bboxes": [
        [
          50,
          25,
          141,
          202
        ],
        [
          50,
          25,
          141,
          202
        ],
        [
          50,
          25,
          141,
          202
        ],
        [
          50,
          25,
          141,
          202
        ],
        [
          50,
          25,
          141,
          202
        ],
        [
          50,
          25,
          141,
          202
        ],
        [
          50,
          25,
          141,
          202
        ],
        [
          50,
          25,
          141,
          202
        ]
      ]
    },
    "running-left": {
      "animation": "Move",
      "normalization": "safe-max",
      "scale": 0.3076923076923077,
      "source_union_bbox": [
        155,
        58,
        451,
        632
      ],
      "target_union_size": [
        91,
        177
      ],
      "target_union_offset": [
        50,
        25
      ],
      "output_bboxes": [
        [
          50,
          25,
          141,
          202
        ],
        [
          50,
          25,
          141,
          202
        ],
        [
          50,
          25,
          141,
          202
        ],
        [
          50,
          25,
          141,
          202
        ],
        [
          50,
          25,
          141,
          202
        ],
        [
          50,
          25,
          141,
          202
        ],
        [
          50,
          25,
          141,
          202
        ],
        [
          50,
          25,
          141,
          202
        ]
      ]
    },
    "waving": {
      "animation": "Interact",
      "normalization": "safe-max",
      "scale": 0.3076923076923077,
      "source_union_bbox": [
        181,
        51,
        598,
        631
      ],
      "target_union_size": [
        128,
        178
      ],
      "target_union_offset": [
        32,
        24
      ],
      "output_bboxes": [
        [
          67,
          24,
          160,
          202
        ],
        [
          52,
          24,
          154,
          202
        ],
        [
          33,
          26,
          150,
          202
        ],
        [
          59,
          24,
          152,
          202
        ]
      ]
    },
    "jumping": {
      "animation": "Relax",
      "normalization": "safe-max",
      "scale": 0.3076923076923077,
      "source_union_bbox": [
        295,
        36,
        600,
        631
      ],
      "target_union_size": [
        94,
        183
      ],
      "target_union_offset": [
        49,
        19
      ],
      "output_bboxes": [
        [
          49,
          21,
          143,
          202
        ],
        [
          49,
          19,
          143,
          202
        ],
        [
          50,
          19,
          143,
          199
        ],
        [
          49,
          19,
          143,
          202
        ],
        [
          50,
          22,
          143,
          202
        ]
      ]
    },
    "failed": {
      "animation": "Sleep",
      "normalization": "safe-max",
      "scale": 0.3076923076923077,
      "source_union_bbox": [
        92,
        428,
        677,
        665
      ],
      "target_union_size": [
        180,
        73
      ],
      "target_union_offset": [
        6,
        129
      ],
      "output_bboxes": [
        [
          6,
          129,
          186,
          202
        ],
        [
          6,
          129,
          186,
          202
        ],
        [
          6,
          129,
          186,
          202
        ],
        [
          6,
          129,
          186,
          202
        ],
        [
          6,
          129,
          186,
          202
        ],
        [
          6,
          129,
          186,
          202
        ],
        [
          6,
          129,
          186,
          202
        ],
        [
          6,
          129,
          186,
          202
        ]
      ]
    },
    "waiting": {
      "animation": "Sit",
      "normalization": "safe-max",
      "scale": 0.3076923076923077,
      "source_union_bbox": [
        305,
        228,
        605,
        782
      ],
      "target_union_size": [
        92,
        170
      ],
      "target_union_offset": [
        50,
        32
      ],
      "output_bboxes": [
        [
          50,
          32,
          142,
          202
        ],
        [
          50,
          32,
          142,
          202
        ],
        [
          50,
          32,
          142,
          202
        ],
        [
          50,
          32,
          142,
          202
        ],
        [
          50,
          32,
          142,
          202
        ],
        [
          52,
          32,
          142,
          202
        ]
      ]
    },
    "running": {
      "animation": "Interact",
      "normalization": "safe-max",
      "scale": 0.3076923076923077,
      "source_union_bbox": [
        162,
        50,
        631,
        631
      ],
      "target_union_size": [
        144,
        179
      ],
      "target_union_offset": [
        24,
        23
      ],
      "output_bboxes": [
        [
          65,
          23,
          160,
          202
        ],
        [
          70,
          23,
          168,
          202
        ],
        [
          50,
          23,
          152,
          202
        ],
        [
          24,
          27,
          147,
          202
        ],
        [
          31,
          25,
          147,
          202
        ],
        [
          57,
          23,
          150,
          202
        ]
      ]
    },
    "review": {
      "animation": "Relax",
      "normalization": "safe-max",
      "scale": 0.3076923076923077,
      "source_union_bbox": [
        295,
        51,
        600,
        631
      ],
      "target_union_size": [
        94,
        178
      ],
      "target_union_offset": [
        49,
        24
      ],