{
  "ok": true,
  "normalization": "safe-max",
  "margin": 6,
  "safe_max": {
    "scale": 0.28753993610223644,
    "max_state_union_width": 626,
    "max_state_union_height": 558,
    "available_width": 180,
    "available_height": 196,
    "source_canvas": [
      768,
      832
    ],
    "registration": "pet-wide scale with per-state union registration"
  },
  "states": {
    "idle": {
      "animation": "Relax",
      "normalization": "safe-max",
      "scale": 0.28753993610223644,
      "source_union_bbox": [
        154,
        50,
        509,
        594
      ],
      "target_union_size": [
        102,
        156
      ],
      "target_union_offset": [
        45,
        46
      ],
      "output_bboxes": [
        [
          45,
          46,
          147,
          202
        ],
        [
          45,
          46,
          147,
          202
        ],
        [
          45,
          46,
          147,
          202
        ],
        [
          46,
          46,
          147,
          202
        ],
        [
          45,
          46,
          147,
          202
        ],
        [
          46,
          46,
          147,
          202
        ]
      ]
    },
    "running-right": {
      "animation": "Move",
      "normalization": "safe-max",
      "scale": 0.28753993610223644,
      "source_union_bbox": [
        157,
        56,
        557,
        594
      ],
      "target_union_size": [
        115,
        155
      ],
      "target_union_offset": [
        38,
        47
      ],
      "output_bboxes": [
        [
          38,
          47,
          153,
          202
        ],
        [
          43,
          47,
          151,
          202
        ],
        [
          38,
          47,
          150,
          202
        ],
        [
          39,
          47,
          147,
          202
        ],
        [
          38,
          47,
          153,
          202
        ],
        [
          43,
          47,
          151,
          202
        ],
        [
          38,
          47,
          151,
          202
        ],
        [
          39,
          47,
          147,
          202
        ]
      ]
    },
    "running-left": {
      "animation": "Move",
      "normalization": "safe-max",
      "scale": 0.28753993610223644,
      "source_union_bbox": [
        211,
        56,
        611,
        594
      ],
      "target_union_size": [
        115,
        155
      ],
      "target_union_offset": [
        38,
        47
      ],
      "output_bboxes": [
        [
          38,
          47,
          153,
          202
        ],
        [
          40,
          47,
          148,
          202
        ],
        [
          41,
          47,
          153,
          202
        ],
        [
          44,
          47,
          152,
          202
        ],
        [
          38,
          47,
          153,
          202
        ],
        [
          40,
          47,
          148,
          202
        ],
        [
          40,
          47,
          153,
          202
        ],
        [
          44,
          47,
          152,
          202
        ]
      ]
    },
    "waving": {
      "animation": "Interact",
      "normalization": "safe-max",
      "scale": 0.28753993610223644,
      "source_union_bbox": [
        140,
        50,
        509,
        594
      ],
      "target_union_size": [
        106,
        156
      ],
      "target_union_offset": [
        43,
        46
      ],
      "output_bboxes": [
        [
          45,
          46,
          149,
          202
        ],
        [
          43,
          47,
          149,
          202
        ],
        [
          43,
          50,
          149,
          202
        ],
        [
          43,
          46,
          149,
          202
        ]
      ]
    },
    "jumping": {
      "animation": "Relax",
      "normalization": "safe-max",
      "scale": 0.28753993610223644,
      "source_union_bbox": [
        154,
        36,
        509,
        594
      ],
      "target_union_size": [
        102,
        160
      ],
      "target_union_offset": [
        45,
        42
      ],
      "output_bboxes": [
        [
          45,
          44,
          147,
          202
        ],
        [
          45,
          42,
          147,
          202
        ],
        [
          46,
          42,
          147,
          200
        ],
        [
          45,
          42,
          147,
          202
        ],
        [
          46,
          44,
          147,
          202
        ]
      ]
    },
    "failed": {
      "animation": "Sleep",
      "normalization": "safe-max",
      "scale": 0.28753993610223644,
      "source_union_bbox": [
        71,
        436,
        697,
        625
      ],
      "target_union_size": [
        180,
        54
      ],
      "target_union_offset": [
        6,
        148
      ],
      "output_bboxes": [
        [
          6,
          148,
          186,
          202
        ],
        [
          6,
          148,
          186,
          202
        ],
        [
          6,
          148,
          186,
          202
        ],
        [
          6,
          148,
          186,
          202
        ],
        [
          6,
          148,
          186,
          202
        ],
        [
          6,
          148,
          186,
          202
        ],
        [
          6,
          148,
          186,
          202
        ],
        [
          6,
          148,
          186,
          202
        ]
      ]
    },
    "waiting": {
      "animation": "Sit",
      "normalization": "safe-max",
      "scale": 0.28753993610223644,
      "source_union_bbox": [
        284,
        250,
        545,
        782
      ],
      "target_union_size": [
        75,
        153
      ],
      "target_union_offset": [
        58,
        49
      ],
      "output_bboxes": [
        [
          58,
          49,
          133,
          202
        ],
        [
          58,
          49,
          133,
          202
        ],
        [
          58,
          49,
          133,
          202
        ],
        [
          58,
          49,
          133,
          202
        ],
        [
          58,
          49,
          133,
          202
        ],
        [
          58,
          49,
          132,
          202
        ]
      ]
    },
    "running": {
      "animation": "Interact",
      "normalization": "safe-max",
      "scale": 0.28753993610223644,
      "source_union_bbox": [
        118,
        50,
        523,
        594
      ],
      "target_union_size": [
        116,
        156
      ],
      "target_union_offset": [
        38,
        46
      ],
      "output_bboxes": [
        [
          46,
          46,
          152,
          202
        ],
        [
          46,
          46,
          154,
          202
        ],
        [
          44,
          47,
          152,
          202
        ],
        [
          38,
          53,
          152,
          202
        ],
        [
          42,
          50,
          152,
          202
        ],
        [
          46,
          46,
          152,
          202
        ]
      ]
    },
    "review": {
      "animation": "Relax",
      "normalization": "safe-max",
      "scale": 0.28753993610223644,
      "source_union_bbox": [
        154,
        50,
        509,
        594
      ],
      "target_union_size": [
        102,
        156
      ],
      "target_union_offset": [
        45,
        46
      ],