{
  "ok": true,
  "normalization": "safe-max",
  "margin": 6,
  "safe_max": {
    "scale": 0.3361921097770154,
    "max_state_union_width": 521,
    "max_state_union_height": 583,
    "available_width": 180,
    "available_height": 196,
    "source_canvas": [
      768,
      832
    ],
    "registration": "pet-wide scale with per-state union registration"
  },
  "states": {
    "idle": {
      "animation": "Relax",
      "normalization": "safe-max",
      "scale": 0.3361921097770154,
      "source_union_bbox": [
        151,
        59,
        618,
        617
      ],
      "target_union_size": [
        157,
        188
      ],
      "target_union_offset": [
        17,
        14
      ],
      "output_bboxes": [
        [
          17,
          14,
          174,
          202
        ],
        [
          17,
          14,
          174,
          202
        ],
        [
          17,
          14,
          174,
          202
        ],
        [
          17,
          14,
          174,
          202
        ],
        [
          17,
          14,
          174,
          202
        ],
        [
          17,
          14,
          174,
          202
        ]
      ]
    },
    "running-right": {
      "animation": "Move",
      "normalization": "safe-max",
      "scale": 0.3361921097770154,
      "source_union_bbox": [
        153,
        63,
        616,
        619
      ],
      "target_union_size": [
        156,
        187
      ],
      "target_union_offset": [
        18,
        15
      ],
      "output_bboxes": [
        [
          18,
          15,
          174,
          202
        ],
        [
          18,
          15,
          174,
          202
        ],
        [
          18,
          15,
          174,
          202
        ],
        [
          18,
          15,
          174,
          202
        ],
        [
          18,
          15,
          174,
          202
        ],
        [
          18,
          15,
          174,
          202
        ],
        [
          18,
          15,
          174,
          202
        ],
        [
          18,
          15,
          174,
          202
        ]
      ]
    },
    "running-left": {
      "animation": "Move",
      "normalization": "safe-max",
      "scale": 0.3361921097770154,
      "source_union_bbox": [
        152,
        63,
        615,
        619
      ],
      "target_union_size": [
        156,
        187
      ],
      "target_union_offset": [
        18,
        15
      ],
      "output_bboxes": [
        [
          18,
          15,
          174,
          202
        ],
        [
          18,
          15,
          174,
          202
        ],
        [
          18,
          15,
          174,
          202
        ],
        [
          18,
          15,
          174,
          202
        ],
        [
          18,
          15,
          174,
          202
        ],
        [
          18,
          15,
          174,
          202
        ],
        [
          18,
          15,
          174,
          202
        ],
        [
          18,
          15,
          174,
          202
        ]
      ]
    },
    "waving": {
      "animation": "Interact",
      "normalization": "safe-max",
      "scale": 0.3361921097770154,
      "source_union_bbox": [
        150,
        49,
        641,
        620
      ],
      "target_union_size": [
        165,
        192
      ],
      "target_union_offset": [
        13,
        10
      ],
      "output_bboxes": [
        [
          21,
          10,
          178,
          202
        ],
        [
          15,
          10,
          176,
          202
        ],
        [
          13,
          12,
          171,
          202
        ],
        [
          15,
          10,
          176,
          202
        ]
      ]
    },
    "jumping": {
      "animation": "Relax",
      "normalization": "safe-max",
      "scale": 0.3361921097770154,
      "source_union_bbox": [
        151,
        46,
        618,
        617
      ],
      "target_union_size": [
        157,
        192
      ],
      "target_union_offset": [
        17,
        10
      ],
      "output_bboxes": [
        [
          17,
          13,
          174,
          202
        ],
        [
          17,
          10,
          174,
          202
        ],
        [
          17,
          10,
          174,
          199
        ],
        [
          17,
          10,
          174,
          202
        ],
        [
          17,
          13,
          174,
          202
        ]
      ]
    },
    "failed": {
      "animation": "Sleep",
      "normalization": "safe-max",
      "scale": 0.3361921097770154,
      "source_union_bbox": [
        106,
        212,
        627,
        630
      ],
      "target_union_size": [
        175,
        141
      ],
      "target_union_offset": [
        8,
        61
      ],
      "output_bboxes": [
        [
          8,
          61,
          183,
          202
        ],
        [
          8,
          61,
          183,
          202
        ],
        [
          8,
          61,
          183,
          202
        ],
        [
          8,
          61,
          183,
          202
        ],
        [
          8,
          61,
          183,
          202
        ],
        [
          8,
          61,
          183,
          202
        ],
        [
          8,
          61,
          183,
          202
        ],
        [
          8,
          61,
          183,
          202
        ]
      ]
    },
    "waiting": {
      "animation": "Sit",
      "normalization": "safe-max",
      "scale": 0.3361921097770154,
      "source_union_bbox": [
        199,
        199,
        661,
        782
      ],
      "target_union_size": [
        155,
        196
      ],
      "target_union_offset": [
        18,
        6
      ],
      "output_bboxes": [
        [
          18,
          6,
          173,
          202
        ],
        [
          18,
          6,
          173,
          202
        ],
        [
          18,
          6,
          173,
          202
        ],
        [
          18,
          6,
          173,
          202
        ],
        [
          18,
          6,
          173,
          202
        ],
        [
          18,
          6,
          173,
          202
        ]
      ]
    },
    "running": {
      "animation": "Interact",
      "normalization": "safe-max",
      "scale": 0.3361921097770154,
      "source_union_bbox": [
        150,
        57,
        627,
        617
      ],
      "target_union_size": [
        160,
        188
      ],
      "target_union_offset": [
        16,
        14
      ],
      "output_bboxes": [
        [
          18,
          14,
          176,
          202
        ],
        [
          16,
          14,
          174,
          202
        ],
        [
          16,
          14,
          176,
          202
        ],
        [
          16,
          14,
          176,
          202
        ],
        [
          16,
          14,
          176,
          202
        ],
        [
          16,
          14,
          174,
          202
        ]
      ]
    },
    "review": {
      "animation": "Relax",
      "normalization": "safe-max",
      "scale": 0.3361921097770154,
      "source_union_bbox": [
        151,
        59,
        618,
        617
      ],
      "target_union_size": [
        157,
        188
      ],
      "target_union_offset": [
        17,
        14
      ],