{
  "ok": true,
  "normalization": "safe-max",
  "margin": 6,
  "safe_max": {
    "scale": 0.3290676416819013,
    "max_state_union_width": 547,
    "max_state_union_height": 572,
    "available_width": 180,
    "available_height": 196,
    "source_canvas": [
      768,
      832
    ],
    "registration": "pet-wide scale with per-state union registration"
  },
  "states": {
    "idle": {
      "animation": "Relax",
      "normalization": "safe-max",
      "scale": 0.3290676416819013,
      "source_union_bbox": [
        207,
        50,
        511,
        606
      ],
      "target_union_size": [
        100,
        183
      ],
      "target_union_offset": [
        46,
        19
      ],
      "output_bboxes": [
        [
          46,
          19,
          146,
          202
        ],
        [
          46,
          19,
          146,
          202
        ],
        [
          47,
          19,
          144,
          202
        ],
        [
          49,
          19,
          143,
          202
        ],
        [
          50,
          19,
          144,
          202
        ],
        [
          51,
          20,
          146,
          202
        ]
      ],
      "counter_mirror_regions": []
    },
    "running-right": {
      "animation": "Move",
      "normalization": "safe-max",
      "scale": 0.3290676416819013,
      "source_union_bbox": [
        184,
        61,
        489,
        608
      ],
      "target_union_size": [
        100,
        180
      ],
      "target_union_offset": [
        46,
        22
      ],
      "output_bboxes": [
        [
          46,
          22,
          146,
          202
        ],
        [
          46,
          22,
          146,
          202
        ],
        [
          47,
          22,
          146,
          201
        ],
        [
          50,
          22,
          146,
          202
        ],
        [
          52,
          22,
          146,
          202
        ],
        [
          54,
          22,
          146,
          201
        ],
        [
          53,
          22,
          146,
          202
        ],
        [
          48,
          22,
          146,
          202
        ]
      ],
      "counter_mirror_regions": []
    },
    "running-left": {
      "animation": "Move",
      "normalization": "safe-max",
      "scale": 0.3290676416819013,
      "source_union_bbox": [
        279,
        61,
        584,
        608
      ],
      "target_union_size": [
        100,
        180
      ],
      "target_union_offset": [
        46,
        22
      ],
      "output_bboxes": [
        [
          46,
          22,
          146,
          202
        ],
        [
          46,
          22,
          146,
          202
        ],
        [
          46,
          22,
          145,
          201
        ],
        [
          46,
          22,
          142,
          202
        ],
        [
          46,
          22,
          140,
          202
        ],
        [
          46,
          22,
          138,
          201
        ],
        [
          46,
          22,
          139,
          202
        ],
        [
          46,
          22,
          144,
          202
        ]
      ],
      "counter_mirror_regions": []
    },
    "waving": {
      "animation": "Interact",
      "normalization": "safe-max",
      "scale": 0.3290676416819013,
      "source_union_bbox": [
        190,
        56,
        635,
        606
      ],
      "target_union_size": [
        146,
        181
      ],
      "target_union_offset": [
        23,
        21
      ],
      "output_bboxes": [
        [
          29,
          21,
          129,
          202
        ],
        [
          30,
          25,
          124,
          202
        ],
        [
          23,
          24,
          169,
          202
        ],
        [
          34,
          21,
          130,
          202
        ]
      ],
      "counter_mirror_regions": []
    },
    "jumping": {
      "animation": "Relax",
      "normalization": "safe-max",
      "scale": 0.3290676416819013,
      "source_union_bbox": [
        207,
        34,
        511,
        606
      ],
      "target_union_size": [
        100,
        188
      ],
      "target_union_offset": [
        46,
        14
      ],
      "output_bboxes": [
        [
          46,
          19,
          146,
          202
        ],
        [
          46,
          15,
          146,
          202
        ],
        [
          49,
          14,
          143,
          199
        ],
        [
          50,
          16,
          146,
          202
        ],
        [
          51,
          20,
          146,
          202
        ]
      ],
      "counter_mirror_regions": []
    },
    "failed": {
      "animation": "Sleep",
      "normalization": "safe-max",
      "scale": 0.3290676416819013,
      "source_union_bbox": [
        110,
        381,
        657,
        617
      ],
      "target_union_size": [
        180,
        78
      ],
      "target_union_offset": [
        6,
        124
      ],
      "output_bboxes": [
        [
          6,
          124,
          186,
          202
        ],
        [
          6,
          124,
          186,
          202
        ],
        [
          6,
          124,
          186,
          202
        ],
        [
          6,
          124,
          186,
          202
        ],
        [
          6,
          124,
          186,
          202
        ],
        [
          6,
          124,
          186,
          202
        ],
        [
          6,
          124,
          186,
          202
        ],
        [
          6,
          124,
          186,
          202
        ]
      ],
      "counter_mirror_regions": []
    },
    "waiting": {
      "animation": "Sit",
      "normalization": "safe-max",
      "scale": 0.3290676416819013,
      "source_union_bbox": [
        275,
        237,
        604,
        782
      ],
      "target_union_size": [
        108,
        179
      ],
      "target_union_offset": [
        42,
        23
      ],
      "output_bboxes": [
        [
          42,
          23,
          150,
          201
        ],
        [
          42,
          23,
          150,
          201
        ],
        [
          42,
          23,
          150,
          201
        ],
        [
          42,
          23,
          150,
          202
        ],
        [
          42,
          23,
          149,
          202
        ],
        [
          42,
          23,
          150,
          202
        ]
      ],
      "counter_mirror_regions": []
    },
    "running": {
      "animation": "Interact",
      "normalization": "safe-max",
      "scale": 0.3290676416819013,
      "source_union_bbox": [
        190,
        56,
        635,
        606
      ],
      "target_union_size": [
        146,
        181
      ],
      "target_union_offset": [
        23,
        21
      ],
      "output_bboxes": [
        [
          29,
          21,
          129,
          202
        ],
        [
          32,
          21,
          140,
          202
        ],
        [
          30,
          25,
          124,
          202
        ],
        [
          29,
          27,
          169,
          202
        ],
        [
          23,
          24,
          169,
          202
        ],
        [
          34,
          21,
          130,
          202
        ]
      ],
      "counter_mirror_regions": []
    },
    "review": {
      "animation": "Relax",
      "normalization": "safe-max",
      "scale": 0.3290676416819013,
      "source_union_bbox": [
        207,
        50,
        511,
        606
      ],
      "target_union_size": [
        100,
        183
      ],
      "target_union_offset": [
        46,
        19
      ],