{
  "ok": true,
  "normalization": "safe-max",
  "margin": 6,
  "safe_max": {
    "scale": 0.2735562310030395,
    "max_state_union_width": 658,
    "max_state_union_height": 616,
    "available_width": 180,
    "available_height": 196,
    "source_canvas": [
      768,
      832
    ],
    "registration": "pet-wide scale with per-state union registration"
  },
  "states": {
    "idle": {
      "animation": "Relax",
      "normalization": "safe-max",
      "scale": 0.2735562310030395,
      "source_union_bbox": [
        218,
        58,
        704,
        643
      ],
      "target_union_size": [
        133,
        160
      ],
      "target_union_offset": [
        29,
        42
      ],
      "output_bboxes": [
        [
          29,
          42,
          162,
          202
        ],
        [
          31,
          42,
          162,
          202
        ],
        [
          29,
          42,
          162,
          202
        ],
        [
          29,
          42,
          162,
          202
        ],
        [
          29,
          42,
          162,
          202
        ],
        [
          29,
          42,
          162,
          202
        ]
      ]
    },
    "running-right": {
      "animation": "Move",
      "normalization": "safe-max",
      "scale": 0.2735562310030395,
      "source_union_bbox": [
        207,
        59,
        692,
        643
      ],
      "target_union_size": [
        133,
        160
      ],
      "target_union_offset": [
        29,
        42
      ],
      "output_bboxes": [
        [
          29,
          42,
          162,
          202
        ],
        [
          29,
          43,
          162,
          202
        ],
        [
          32,
          42,
          162,
          202
        ],
        [
          33,
          42,
          162,
          202
        ],
        [
          33,
          42,
          162,
          202
        ],
        [
          29,
          42,
          162,
          202
        ],
        [
          29,
          42,
          161,
          202
        ],
        [
          29,
          42,
          162,
          202
        ]
      ]
    },
    "running-left": {
      "animation": "Move",
      "normalization": "safe-max",
      "scale": 0.2735562310030395,
      "source_union_bbox": [
        76,
        59,
        561,
        643
      ],
      "target_union_size": [
        133,
        160
      ],
      "target_union_offset": [
        29,
        42
      ],
      "output_bboxes": [
        [
          29,
          42,
          162,
          202
        ],
        [
          29,
          43,
          162,
          202
        ],
        [
          29,
          42,
          159,
          202
        ],
        [
          29,
          42,
          158,
          202
        ],
        [
          29,
          42,
          158,
          202
        ],
        [
          29,
          42,
          162,
          202
        ],
        [
          30,
          42,
          162,
          202
        ],
        [
          29,
          42,
          162,
          202
        ]
      ]
    },
    "waving": {
      "animation": "Interact",
      "normalization": "safe-max",
      "scale": 0.2735562310030395,
      "source_union_bbox": [
        176,
        51,
        697,
        666
      ],
      "target_union_size": [
        143,
        168
      ],
      "target_union_offset": [
        24,
        34
      ],
      "output_bboxes": [
        [
          34,
          34,
          167,
          198
        ],
        [
          31,
          34,
          163,
          202
        ],
        [
          24,
          34,
          165,
          196
        ],
        [
          34,
          35,
          167,
          196
        ]
      ]
    },
    "jumping": {
      "animation": "Relax",
      "normalization": "safe-max",
      "scale": 0.2735562310030395,
      "source_union_bbox": [
        218,
        43,
        703,
        642
      ],
      "target_union_size": [
        133,
        164
      ],
      "target_union_offset": [
        29,
        38
      ],
      "output_bboxes": [
        [
          29,
          40,
          162,
          202
        ],
        [
          31,
          38,
          162,
          200
        ],
        [
          29,
          38,
          162,
          200
        ],
        [
          29,
          38,
          162,
          200
        ],
        [
          29,
          41,
          162,
          202
        ]
      ]
    },
    "failed": {
      "animation": "Sleep",
      "normalization": "safe-max",
      "scale": 0.2735562310030395,
      "source_union_bbox": [
        55,
        454,
        713,
        685
      ],
      "target_union_size": [
        180,
        63
      ],
      "target_union_offset": [
        6,
        139
      ],
      "output_bboxes": [
        [
          6,
          139,
          186,
          202
        ],
        [
          6,
          139,
          186,
          202
        ],
        [
          6,
          139,
          186,
          202
        ],
        [
          6,
          139,
          186,
          202
        ],
        [
          6,
          139,
          186,
          202
        ],
        [
          6,
          139,
          186,
          202
        ],
        [
          6,
          139,
          186,
          202
        ],
        [
          6,
          139,
          186,
          202
        ]
      ]
    },
    "waiting": {
      "animation": "Sit",
      "normalization": "safe-max",
      "scale": 0.2735562310030395,
      "source_union_bbox": [
        181,
        210,
        711,
        782
      ],
      "target_union_size": [
        145,
        156
      ],
      "target_union_offset": [
        23,
        46
      ],
      "output_bboxes": [
        [
          23,
          46,
          167,
          202
        ],
        [
          23,
          46,
          168,
          202
        ],
        [
          24,
          46,
          168,
          202
        ],
        [
          23,
          46,
          167,
          202
        ],
        [
          24,
          46,
          168,
          202
        ],
        [
          25,
          46,
          168,
          202
        ]
      ]
    },
    "running": {
      "animation": "Interact",
      "normalization": "safe-max",
      "scale": 0.2735562310030395,
      "source_union_bbox": [
        176,
        50,
        697,
        666
      ],
      "target_union_size": [
        143,
        169
      ],
      "target_union_offset": [
        24,
        33
      ],
      "output_bboxes": [
        [
          33,
          33,
          167,
          198
        ],
        [
          33,
          33,
          167,
          202
        ],
        [
          31,
          33,
          163,
          202
        ],
        [
          32,
          34,
          164,
          196
        ],
        [
          24,
          34,
          165,
          196
        ],
        [
          34,
          34,
          167,
          196
        ]
      ]
    },
    "review": {
      "animation": "Relax",
      "normalization": "safe-max",
      "scale": 0.2735562310030395,
      "source_union_bbox": [
        218,
        58,
        704,
        642
      ],
      "target_union_size": [
        133,
        160
      ],
      "target_union_offset": [
        29,
        42
      ],