{
  "ok": true,
  "normalization": "safe-max",
  "margin": 6,
  "safe_max": {
    "scale": 0.2723146747352496,
    "max_state_union_width": 661,
    "max_state_union_height": 661,
    "available_width": 180,
    "available_height": 196,
    "source_canvas": [
      768,
      832
    ],
    "registration": "pet-wide scale with per-state union registration"
  },
  "states": {
    "idle": {
      "animation": "Relax",
      "normalization": "safe-max",
      "scale": 0.2723146747352496,
      "source_union_bbox": [
        181,
        80,
        721,
        706
      ],
      "target_union_size": [
        147,
        170
      ],
      "target_union_offset": [
        22,
        32
      ],
      "output_bboxes": [
        [
          25,
          32,
          169,
          202
        ],
        [
          22,
          32,
          169,
          202
        ],
        [
          22,
          32,
          169,
          202
        ],
        [
          23,
          32,
          169,
          202
        ],
        [
          25,
          32,
          169,
          202
        ],
        [
          23,
          32,
          169,
          202
        ]
      ]
    },
    "running-right": {
      "animation": "Move",
      "normalization": "safe-max",
      "scale": 0.2723146747352496,
      "source_union_bbox": [
        171,
        59,
        722,
        720
      ],
      "target_union_size": [
        150,
        180
      ],
      "target_union_offset": [
        21,
        22
      ],
      "output_bboxes": [
        [
          21,
          25,
          171,
          202
        ],
        [
          21,
          23,
          171,
          201
        ],
        [
          21,
          22,
          171,
          201
        ],
        [
          21,
          22,
          171,
          202
        ],
        [
          21,
          25,
          171,
          202
        ],
        [
          21,
          23,
          171,
          201
        ],
        [
          21,
          22,
          171,
          202
        ],
        [
          21,
          22,
          171,
          202
        ]
      ]
    },
    "running-left": {
      "animation": "Move",
      "normalization": "safe-max",
      "scale": 0.2723146747352496,
      "source_union_bbox": [
        46,
        59,
        597,
        720
      ],
      "target_union_size": [
        150,
        180
      ],
      "target_union_offset": [
        21,
        22
      ],
      "output_bboxes": [
        [
          21,
          25,
          171,
          202
        ],
        [
          21,
          23,
          171,
          201
        ],
        [
          21,
          22,
          171,
          201
        ],
        [
          21,
          22,
          171,
          202
        ],
        [
          21,
          25,
          171,
          202
        ],
        [
          21,
          23,
          171,
          201
        ],
        [
          21,
          22,
          171,
          202
        ],
        [
          21,
          22,
          171,
          202
        ]
      ]
    },
    "waving": {
      "animation": "Interact",
      "normalization": "safe-max",
      "scale": 0.2723146747352496,
      "source_union_bbox": [
        112,
        86,
        721,
        707
      ],
      "target_union_size": [
        166,
        169
      ],
      "target_union_offset": [
        13,
        33
      ],
      "output_bboxes": [
        [
          35,
          33,
          179,
          202
        ],
        [
          29,
          40,
          179,
          202
        ],
        [
          13,
          35,
          167,
          202
        ],
        [
          23,
          33,
          176,
          202
        ]
      ]
    },
    "jumping": {
      "animation": "Relax",
      "normalization": "safe-max",
      "scale": 0.2723146747352496,
      "source_union_bbox": [
        190,
        65,
        721,
        706
      ],
      "target_union_size": [
        145,
        175
      ],
      "target_union_offset": [
        23,
        27
      ],
      "output_bboxes": [
        [
          24,
          30,
          168,
          202
        ],
        [
          23,
          28,
          168,
          202
        ],
        [
          23,
          27,
          168,
          200
        ],
        [
          23,
          28,
          168,
          202
        ],
        [
          23,
          29,
          168,
          202
        ]
      ]
    },
    "failed": {
      "animation": "Sleep",
      "normalization": "safe-max",
      "scale": 0.2723146747352496,
      "source_union_bbox": [
        46,
        465,
        707,
        773
      ],
      "target_union_size": [
        180,
        84
      ],
      "target_union_offset": [
        6,
        118
      ],
      "output_bboxes": [
        [
          6,
          118,
          186,
          202
        ],
        [
          6,
          118,
          186,
          202
        ],
        [
          6,
          118,
          186,
          202
        ],
        [
          6,
          118,
          186,
          202
        ],
        [
          6,
          118,
          186,
          202
        ],
        [
          6,
          118,
          186,
          202
        ],
        [
          6,
          118,
          186,
          202
        ],
        [
          6,
          118,
          186,
          202
        ]
      ]
    },
    "waiting": {
      "animation": "Sit",
      "normalization": "safe-max",
      "scale": 0.2723146747352496,
      "source_union_bbox": [
        116,
        248,
        700,
        733
      ],
      "target_union_size": [
        159,
        132
      ],
      "target_union_offset": [
        16,
        70
      ],
      "output_bboxes": [
        [
          16,
          73,
          175,
          202
        ],
        [
          16,
          71,
          175,
          202
        ],
        [
          16,
          70,
          175,
          202
        ],
        [
          16,
          73,
          175,
          202
        ],
        [
          16,
          70,
          175,
          202
        ],
        [
          16,
          70,
          175,
          202
        ]
      ]
    },
    "running": {
      "animation": "Interact",
      "normalization": "safe-max",
      "scale": 0.2723146747352496,
      "source_union_bbox": [
        112,
        86,
        721,
        707
      ],
      "target_union_size": [
        166,
        169
      ],
      "target_union_offset": [
        13,
        33
      ],
      "output_bboxes": [
        [
          35,
          33,
          179,
          202
        ],
        [
          32,
          41,
          179,
          202
        ],
        [
          29,
          40,
          179,
          202
        ],
        [
          21,
          37,
          171,
          202
        ],
        [
          13,
          35,
          167,
          202
        ],
        [
          23,
          33,
          176,
          202
        ]
      ]
    },
    "review": {
      "animation": "Relax",
      "normalization": "safe-max",
      "scale": 0.2723146747352496,
      "source_union_bbox": [
        181,
        80,
        721,
        706
      ],
      "target_union_size": [
        147,
        170
      ],
      "target_union_offset": [
        22,
        32
      ],