{
  "ok": true,
  "normalization": "safe-max",
  "margin": 6,
  "safe_max": {
    "scale": 0.3288590604026846,
    "max_state_union_width": 538,
    "max_state_union_height": 596,
    "available_width": 180,
    "available_height": 196,
    "source_canvas": [
      768,
      832
    ],
    "registration": "pet-wide scale with per-state union registration"
  },
  "states": {
    "idle": {
      "animation": "Relax",
      "normalization": "safe-max",
      "scale": 0.3288590604026846,
      "source_union_bbox": [
        207,
        50,
        555,
        632
      ],
      "target_union_size": [
        114,
        191
      ],
      "target_union_offset": [
        39,
        11
      ],
      "output_bboxes": [
        [
          44,
          11,
          153,
          202
        ],
        [
          39,
          11,
          153,
          202
        ],
        [
          39,
          11,
          153,
          202
        ],
        [
          40,
          11,
          153,
          202
        ],
        [
          48,
          11,
          153,
          202
        ],
        [
          55,
          11,
          153,
          202
        ]
      ]
    },
    "running-right": {
      "animation": "Move",
      "normalization": "safe-max",
      "scale": 0.3288590604026846,
      "source_union_bbox": [
        209,
        54,
        567,
        638
      ],
      "target_union_size": [
        118,
        192
      ],
      "target_union_offset": [
        37,
        10
      ],
      "output_bboxes": [
        [
          43,
          10,
          155,
          202
        ],
        [
          37,
          10,
          155,
          202
        ],
        [
          37,
          10,
          155,
          202
        ],
        [
          37,
          10,
          155,
          202
        ],
        [
          38,
          10,
          155,
          202
        ],
        [
          45,
          10,
          155,
          202
        ],
        [
          50,
          10,
          155,
          202
        ],
        [
          50,
          10,
          155,
          202
        ]
      ]
    },
    "running-left": {
      "animation": "Move",
      "normalization": "safe-max",
      "scale": 0.3288590604026846,
      "source_union_bbox": [
        201,
        54,
        559,
        638
      ],
      "target_union_size": [
        118,
        192
      ],
      "target_union_offset": [
        37,
        10
      ],
      "output_bboxes": [
        [
          37,
          10,
          149,
          202
        ],
        [
          37,
          10,
          155,
          202
        ],
        [
          37,
          10,
          155,
          202
        ],
        [
          37,
          10,
          155,
          202
        ],
        [
          37,
          10,
          154,
          202
        ],
        [
          37,
          10,
          147,
          202
        ],
        [
          37,
          10,
          142,
          202
        ],
        [
          37,
          10,
          142,
          202
        ]
      ]
    },
    "waving": {
      "animation": "Interact",
      "normalization": "safe-max",
      "scale": 0.3288590604026846,
      "source_union_bbox": [
        180,
        53,
        554,
        633
      ],
      "target_union_size": [
        123,
        191
      ],
      "target_union_offset": [
        34,
        11
      ],
      "output_bboxes": [
        [
          48,
          11,
          157,
          202
        ],
        [
          34,
          14,
          151,
          202
        ],
        [
          34,
          14,
          157,
          202
        ],
        [
          43,
          11,
          154,
          202
        ]
      ]
    },
    "jumping": {
      "animation": "Relax",
      "normalization": "safe-max",
      "scale": 0.3288590604026846,
      "source_union_bbox": [
        207,
        36,
        555,
        632
      ],
      "target_union_size": [
        114,
        196
      ],
      "target_union_offset": [
        39,
        6
      ],
      "output_bboxes": [
        [
          44,
          10,
          153,
          202
        ],
        [
          39,
          6,
          153,
          202
        ],
        [
          40,
          6,
          153,
          199
        ],
        [
          55,
          9,
          153,
          202
        ],
        [
          55,
          11,
          153,
          202
        ]
      ]
    },
    "failed": {
      "animation": "Sleep",
      "normalization": "safe-max",
      "scale": 0.3288590604026846,
      "source_union_bbox": [
        115,
        411,
        653,
        666
      ],
      "target_union_size": [
        177,
        84
      ],
      "target_union_offset": [
        7,
        118
      ],
      "output_bboxes": [
        [
          7,
          118,
          184,
          202
        ],
        [
          7,
          118,
          184,
          202
        ],
        [
          7,
          118,
          184,
          202
        ],
        [
          7,
          118,
          184,
          202
        ],
        [
          7,
          118,
          184,
          202
        ],
        [
          7,
          118,
          184,
          202
        ],
        [
          7,
          118,
          184,
          202
        ],
        [
          7,
          118,
          184,
          202
        ]
      ]
    },
    "waiting": {
      "animation": "Sit",
      "normalization": "safe-max",
      "scale": 0.3288590604026846,
      "source_union_bbox": [
        238,
        248,
        577,
        783
      ],
      "target_union_size": [
        111,
        176
      ],
      "target_union_offset": [
        40,
        26
      ],
      "output_bboxes": [
        [
          40,
          26,
          151,
          202
        ],
        [
          40,
          26,
          151,
          202
        ],
        [
          40,
          26,
          151,
          202
        ],
        [
          40,
          26,
          151,
          202
        ],
        [
          40,
          26,
          151,
          202
        ],
        [
          40,
          26,
          151,
          202
        ]
      ]
    },
    "running": {
      "animation": "Interact",
      "normalization": "safe-max",
      "scale": 0.3288590604026846,
      "source_union_bbox": [
        173,
        53,
        566,
        633
      ],
      "target_union_size": [
        129,
        191
      ],
      "target_union_offset": [
        31,
        11
      ],
      "output_bboxes": [
        [
          46,
          11,
          158,
          202
        ],
        [
          39,
          14,
          160,
          202
        ],
        [
          31,
          14,
          150,
          202
        ],
        [
          31,
          15,
          154,
          202
        ],
        [
          32,
          14,
          156,
          202
        ],
        [
          42,
          11,
          154,
          202
        ]
      ]
    },
    "review": {
      "animation": "Relax",
      "normalization": "safe-max",
      "scale": 0.3288590604026846,
      "source_union_bbox": [
        207,
        50,
        555,
        632
      ],
      "target_union_size": [
        114,
        191
      ],
      "target_union_offset": [
        39,
        11
      ],