{
  "ok": true,
  "normalization": "safe-max",
  "margin": 6,
  "safe_max": {
    "scale": 0.3103448275862069,
    "max_state_union_width": 580,
    "max_state_union_height": 584,
    "available_width": 180,
    "available_height": 196,
    "source_canvas": [
      768,
      832
    ],
    "registration": "pet-wide scale with per-state union registration"
  },
  "states": {
    "idle": {
      "animation": "Relax",
      "normalization": "safe-max",
      "scale": 0.3103448275862069,
      "source_union_bbox": [
        145,
        54,
        511,
        622
      ],
      "target_union_size": [
        114,
        176
      ],
      "target_union_offset": [
        39,
        26
      ],
      "output_bboxes": [
        [
          41,
          26,
          153,
          202
        ],
        [
          39,
          26,
          153,
          202
        ],
        [
          39,
          27,
          153,
          202
        ],
        [
          40,
          26,
          153,
          202
        ],
        [
          39,
          26,
          153,
          202
        ],
        [
          39,
          27,
          153,
          202
        ]
      ]
    },
    "running-right": {
      "animation": "Move",
      "normalization": "safe-max",
      "scale": 0.3103448275862069,
      "source_union_bbox": [
        147,
        50,
        528,
        625
      ],
      "target_union_size": [
        118,
        178
      ],
      "target_union_offset": [
        37,
        24
      ],
      "output_bboxes": [
        [
          37,
          25,
          155,
          202
        ],
        [
          38,
          24,
          151,
          202
        ],
        [
          39,
          25,
          151,
          202
        ],
        [
          37,
          25,
          151,
          202
        ],
        [
          37,
          25,
          155,
          202
        ],
        [
          37,
          24,
          151,
          202
        ],
        [
          39,
          24,
          150,
          202
        ],
        [
          38,
          24,
          152,
          202
        ]
      ]
    },
    "running-left": {
      "animation": "Move",
      "normalization": "safe-max",
      "scale": 0.3103448275862069,
      "source_union_bbox": [
        240,
        50,
        621,
        625
      ],
      "target_union_size": [
        118,
        178
      ],
      "target_union_offset": [
        37,
        24
      ],
      "output_bboxes": [
        [
          37,
          25,
          155,
          202
        ],
        [
          41,
          24,
          154,
          202
        ],
        [
          41,
          25,
          153,
          202
        ],
        [
          41,
          25,
          155,
          202
        ],
        [
          37,
          25,
          155,
          202
        ],
        [
          41,
          24,
          155,
          202
        ],
        [
          42,
          24,
          153,
          202
        ],
        [
          40,
          24,
          154,
          202
        ]
      ]
    },
    "waving": {
      "animation": "Interact",
      "normalization": "safe-max",
      "scale": 0.3103448275862069,
      "source_union_bbox": [
        156,
        51,
        515,
        625
      ],
      "target_union_size": [
        111,
        178
      ],
      "target_union_offset": [
        40,
        24
      ],
      "output_bboxes": [
        [
          40,
          25,
          151,
          201
        ],
        [
          40,
          26,
          139,
          202
        ],
        [
          41,
          24,
          151,
          201
        ],
        [
          40,
          25,
          151,
          201
        ]
      ]
    },
    "jumping": {
      "animation": "Relax",
      "normalization": "safe-max",
      "scale": 0.3103448275862069,
      "source_union_bbox": [
        147,
        38,
        511,
        622
      ],
      "target_union_size": [
        113,
        181
      ],
      "target_union_offset": [
        39,
        21
      ],
      "output_bboxes": [
        [
          40,
          24,
          152,
          202
        ],
        [
          39,
          21,
          152,
          202
        ],
        [
          39,
          21,
          152,
          199
        ],
        [
          39,
          22,
          152,
          202
        ],
        [
          39,
          25,
          152,
          202
        ]
      ]
    },
    "failed": {
      "animation": "Sleep",
      "normalization": "safe-max",
      "scale": 0.3103448275862069,
      "source_union_bbox": [
        95,
        414,
        675,
        673
      ],
      "target_union_size": [
        180,
        80
      ],
      "target_union_offset": [
        6,
        122
      ],
      "output_bboxes": [
        [
          6,
          122,
          186,
          198
        ],
        [
          6,
          122,
          186,
          198
        ],
        [
          6,
          122,
          186,
          198
        ],
        [
          6,
          122,
          186,
          198
        ],
        [
          6,
          122,
          186,
          199
        ],
        [
          6,
          122,
          186,
          198
        ],
        [
          6,
          122,
          186,
          198
        ],
        [
          6,
          122,
          186,
          198
        ]
      ]
    },
    "waiting": {
      "animation": "Sit",
      "normalization": "safe-max",
      "scale": 0.3103448275862069,
      "source_union_bbox": [
        213,
        214,
        559,
        782
      ],
      "target_union_size": [
        107,
        176
      ],
      "target_union_offset": [
        42,
        26
      ],
      "output_bboxes": [
        [
          42,
          27,
          149,
          202
        ],
        [
          42,
          27,
          146,
          202
        ],
        [
          42,
          26,
          148,
          202
        ],
        [
          42,
          27,
          149,
          202
        ],
        [
          42,
          26,
          148,
          202
        ],
        [
          42,
          26,
          149,
          202
        ]
      ]
    },
    "running": {
      "animation": "Interact",
      "normalization": "safe-max",
      "scale": 0.3103448275862069,
      "source_union_bbox": [
        152,
        51,
        515,
        625
      ],
      "target_union_size": [
        113,
        178
      ],
      "target_union_offset": [
        39,
        24
      ],
      "output_bboxes": [
        [
          39,
          25,
          152,
          201
        ],
        [
          39,
          24,
          147,
          202
        ],
        [
          39,
          26,
          140,
          202
        ],
        [
          46,
          24,
          148,
          201
        ],
        [
          42,
          24,
          152,
          201
        ],
        [
          40,
          25,
          152,
          201
        ]
      ]
    },
    "review": {
      "animation": "Relax",
      "normalization": "safe-max",
      "scale": 0.3103448275862069,
      "source_union_bbox": [
        145,
        54,
        511,
        622
      ],
      "target_union_size": [
        114,
        176
      ],
      "target_union_offset": [
        39,
        26
      ],