{
  "ok": true,
  "normalization": "safe-max",
  "margin": 6,
  "safe_max": {
    "scale": 0.3185840707964602,
    "max_state_union_width": 565,
    "max_state_union_height": 587,
    "available_width": 180,
    "available_height": 196,
    "source_canvas": [
      768,
      832
    ],
    "registration": "pet-wide scale with per-state union registration"
  },
  "states": {
    "idle": {
      "animation": "Relax",
      "normalization": "safe-max",
      "scale": 0.3185840707964602,
      "source_union_bbox": [
        201,
        64,
        579,
        635
      ],
      "target_union_size": [
        120,
        182
      ],
      "target_union_offset": [
        36,
        20
      ],
      "output_bboxes": [
        [
          36,
          20,
          149,
          202
        ],
        [
          36,
          20,
          151,
          202
        ],
        [
          40,
          20,
          156,
          202
        ],
        [
          40,
          20,
          156,
          202
        ],
        [
          36,
          20,
          149,
          202
        ],
        [
          40,
          20,
          156,
          202
        ]
      ],
      "counter_mirror_regions": []
    },
    "running-right": {
      "animation": "Move",
      "normalization": "safe-max",
      "scale": 0.3185840707964602,
      "source_union_bbox": [
        210,
        50,
        585,
        637
      ],
      "target_union_size": [
        119,
        187
      ],
      "target_union_offset": [
        36,
        15
      ],
      "output_bboxes": [
        [
          37,
          16,
          149,
          202
        ],
        [
          36,
          15,
          150,
          202
        ],
        [
          41,
          15,
          155,
          202
        ],
        [
          40,
          15,
          155,
          202
        ],
        [
          36,
          16,
          149,
          202
        ],
        [
          36,
          15,
          150,
          202
        ],
        [
          41,
          15,
          155,
          202
        ],
        [
          41,
          15,
          155,
          202
        ]
      ],
      "counter_mirror_regions": []
    },
    "running-left": {
      "animation": "Move",
      "normalization": "safe-max",
      "scale": 0.3185840707964602,
      "source_union_bbox": [
        183,
        50,
        558,
        637
      ],
      "target_union_size": [
        119,
        187
      ],
      "target_union_offset": [
        36,
        15
      ],
      "output_bboxes": [
        [
          42,
          16,
          154,
          202
        ],
        [
          41,
          15,
          155,
          202
        ],
        [
          36,
          15,
          150,
          202
        ],
        [
          36,
          15,
          151,
          202
        ],
        [
          42,
          16,
          155,
          202
        ],
        [
          41,
          15,
          155,
          202
        ],
        [
          36,
          15,
          150,
          202
        ],
        [
          36,
          15,
          150,
          202
        ]
      ],
      "counter_mirror_regions": []
    },
    "waving": {
      "animation": "Interact",
      "normalization": "safe-max",
      "scale": 0.3185840707964602,
      "source_union_bbox": [
        191,
        64,
        623,
        635
      ],
      "target_union_size": [
        138,
        182
      ],
      "target_union_offset": [
        27,
        20
      ],
      "output_bboxes": [
        [
          29,
          20,
          144,
          202
        ],
        [
          33,
          20,
          136,
          202
        ],
        [
          27,
          20,
          165,
          202
        ],
        [
          27,
          20,
          163,
          202
        ]
      ],
      "counter_mirror_regions": []
    },
    "jumping": {
      "animation": "Relax",
      "normalization": "safe-max",
      "scale": 0.3185840707964602,
      "source_union_bbox": [
        201,
        53,
        579,
        635
      ],
      "target_union_size": [
        120,
        185
      ],
      "target_union_offset": [
        36,
        17
      ],
      "output_bboxes": [
        [
          36,
          18,
          149,
          202
        ],
        [
          36,
          17,
          151,
          202
        ],
        [
          40,
          17,
          156,
          199
        ],
        [
          36,
          17,
          151,
          202
        ],
        [
          40,
          20,
          156,
          202
        ]
      ],
      "counter_mirror_regions": []
    },
    "failed": {
      "animation": "Sleep",
      "normalization": "safe-max",
      "scale": 0.3185840707964602,
      "source_union_bbox": [
        101,
        402,
        666,
        653
      ],
      "target_union_size": [
        180,
        80
      ],
      "target_union_offset": [
        6,
        122
      ],
      "output_bboxes": [
        [
          6,
          122,
          186,
          202
        ],
        [
          6,
          122,
          186,
          202
        ],
        [
          6,
          122,
          186,
          202
        ],
        [
          6,
          122,
          186,
          202
        ],
        [
          6,
          122,
          186,
          202
        ],
        [
          6,
          122,
          186,
          202
        ],
        [
          6,
          122,
          186,
          202
        ],
        [
          6,
          122,
          186,
          202
        ]
      ],
      "counter_mirror_regions": []
    },
    "waiting": {
      "animation": "Sit",
      "normalization": "safe-max",
      "scale": 0.3185840707964602,
      "source_union_bbox": [
        198,
        219,
        615,
        782
      ],
      "target_union_size": [
        133,
        179
      ],
      "target_union_offset": [
        29,
        23
      ],
      "output_bboxes": [
        [
          29,
          23,
          161,
          200
        ],
        [
          29,
          23,
          162,
          200
        ],
        [
          29,
          23,
          162,
          200
        ],
        [
          29,
          23,
          150,
          202
        ],
        [
          29,
          23,
          152,
          200
        ],
        [
          29,
          23,
          157,
          200
        ]
      ],
      "counter_mirror_regions": []
    },
    "running": {
      "animation": "Interact",
      "normalization": "safe-max",
      "scale": 0.3185840707964602,
      "source_union_bbox": [
        189,
        64,
        623,
        635
      ],
      "target_union_size": [
        138,
        182
      ],
      "target_union_offset": [
        27,
        20
      ],
      "output_bboxes": [
        [
          30,
          20,
          144,
          202
        ],
        [
          36,
          24,
          153,
          202
        ],
        [
          34,
          20,
          136,
          202
        ],
        [
          27,
          20,
          160,
          202
        ],
        [
          27,
          20,
          165,
          202
        ],
        [
          27,
          20,
          163,
          202
        ]
      ],
      "counter_mirror_regions": []
    },
    "review": {
      "animation": "Relax",
      "normalization": "safe-max",
      "scale": 0.3185840707964602,
      "source_union_bbox": [
        201,
        64,
        579,
        635
      ],
      "target_union_size": [
        120,
        182
      ],
      "target_union_offset": [
        36,
        20
      ],