{
  "ok": true,
  "normalization": "safe-max",
  "margin": 6,
  "safe_max": {
    "scale": 0.3197158081705151,
    "max_state_union_width": 563,
    "max_state_union_height": 569,
    "available_width": 180,
    "available_height": 196,
    "source_canvas": [
      768,
      832
    ],
    "registration": "pet-wide scale with per-state union registration"
  },
  "states": {
    "idle": {
      "animation": "Relax",
      "normalization": "safe-max",
      "scale": 0.3197158081705151,
      "source_union_bbox": [
        240,
        59,
        569,
        615
      ],
      "target_union_size": [
        105,
        178
      ],
      "target_union_offset": [
        43,
        24
      ],
      "output_bboxes": [
        [
          43,
          24,
          148,
          202
        ],
        [
          43,
          24,
          148,
          202
        ],
        [
          43,
          24,
          148,
          202
        ],
        [
          43,
          24,
          147,
          202
        ],
        [
          43,
          24,
          143,
          202
        ],
        [
          43,
          24,
          146,
          202
        ]
      ]
    },
    "running-right": {
      "animation": "Move",
      "normalization": "safe-max",
      "scale": 0.3197158081705151,
      "source_union_bbox": [
        244,
        52,
        550,
        620
      ],
      "target_union_size": [
        98,
        182
      ],
      "target_union_offset": [
        47,
        20
      ],
      "output_bboxes": [
        [
          47,
          20,
          145,
          202
        ],
        [
          47,
          20,
          145,
          202
        ],
        [
          47,
          20,
          145,
          202
        ],
        [
          47,
          20,
          145,
          201
        ],
        [
          47,
          20,
          145,
          202
        ],
        [
          47,
          20,
          145,
          202
        ],
        [
          47,
          20,
          145,
          202
        ],
        [
          47,
          20,
          145,
          201
        ]
      ]
    },
    "running-left": {
      "animation": "Move",
      "normalization": "safe-max",
      "scale": 0.3197158081705151,
      "source_union_bbox": [
        218,
        52,
        524,
        620
      ],
      "target_union_size": [
        98,
        182
      ],
      "target_union_offset": [
        47,
        20
      ],
      "output_bboxes": [
        [
          47,
          20,
          145,
          202
        ],
        [
          47,
          20,
          145,
          202
        ],
        [
          47,
          20,
          145,
          202
        ],
        [
          47,
          20,
          145,
          201
        ],
        [
          47,
          20,
          145,
          202
        ],
        [
          47,
          20,
          145,
          202
        ],
        [
          47,
          20,
          145,
          202
        ],
        [
          47,
          20,
          145,
          201
        ]
      ]
    },
    "waving": {
      "animation": "Interact",
      "normalization": "safe-max",
      "scale": 0.3197158081705151,
      "source_union_bbox": [
        240,
        59,
        596,
        615
      ],
      "target_union_size": [
        114,
        178
      ],
      "target_union_offset": [
        39,
        24
      ],
      "output_bboxes": [
        [
          39,
          24,
          145,
          202
        ],
        [
          49,
          24,
          153,
          202
        ],
        [
          41,
          24,
          153,
          202
        ],
        [
          43,
          24,
          147,
          202
        ]
      ]
    },
    "jumping": {
      "animation": "Relax",
      "normalization": "safe-max",
      "scale": 0.3197158081705151,
      "source_union_bbox": [
        240,
        46,
        569,
        615
      ],
      "target_union_size": [
        105,
        182
      ],
      "target_union_offset": [
        43,
        20
      ],
      "output_bboxes": [
        [
          43,
          22,
          148,
          202
        ],
        [
          43,
          20,
          148,
          202
        ],
        [
          43,
          20,
          147,
          199
        ],
        [
          43,
          20,
          142,
          202
        ],
        [
          43,
          22,
          146,
          202
        ]
      ]
    },
    "failed": {
      "animation": "Sleep",
      "normalization": "safe-max",
      "scale": 0.3197158081705151,
      "source_union_bbox": [
        103,
        333,
        666,
        629
      ],
      "target_union_size": [
        180,
        95
      ],
      "target_union_offset": [
        6,
        107
      ],
      "output_bboxes": [
        [
          6,
          108,
          186,
          202
        ],
        [
          6,
          108,
          186,
          202
        ],
        [
          6,
          108,
          186,
          202
        ],
        [
          6,
          107,
          186,
          202
        ],
        [
          6,
          107,
          186,
          202
        ],
        [
          6,
          107,
          186,
          202
        ],
        [
          6,
          108,
          186,
          202
        ],
        [
          6,
          108,
          186,
          202
        ]
      ]
    },
    "waiting": {
      "animation": "Sit",
      "normalization": "safe-max",
      "scale": 0.3197158081705151,
      "source_union_bbox": [
        255,
        232,
        585,
        782
      ],
      "target_union_size": [
        106,
        176
      ],
      "target_union_offset": [
        43,
        26
      ],
      "output_bboxes": [
        [
          43,
          26,
          148,
          202
        ],
        [
          43,
          26,
          149,
          202
        ],
        [
          43,
          26,
          149,
          202
        ],
        [
          43,
          26,
          148,
          202
        ],
        [
          43,
          26,
          149,
          202
        ],
        [
          43,
          26,
          149,
          202
        ]
      ]
    },
    "running": {
      "animation": "Interact",
      "normalization": "safe-max",
      "scale": 0.3197158081705151,
      "source_union_bbox": [
        240,
        59,
        598,
        615
      ],
      "target_union_size": [
        114,
        178
      ],
      "target_union_offset": [
        39,
        24
      ],
      "output_bboxes": [
        [
          39,
          24,
          144,
          202
        ],
        [
          44,
          24,
          153,
          202
        ],
        [
          48,
          24,
          153,
          202
        ],
        [
          45,
          24,
          152,
          202
        ],
        [
          41,
          24,
          152,
          202
        ],
        [
          43,
          24,
          146,
          202
        ]
      ]
    },
    "review": {
      "animation": "Relax",
      "normalization": "safe-max",
      "scale": 0.3197158081705151,
      "source_union_bbox": [
        240,
        59,
        569,
        615
      ],
      "target_union_size": [
        105,
        178
      ],
      "target_union_offset": [
        43,
        24
      ],