{
  "ok": true,
  "normalization": "safe-max",
  "margin": 6,
  "safe_max": {
    "scale": 0.3345724907063197,
    "max_state_union_width": 538,
    "max_state_union_height": 572,
    "available_width": 180,
    "available_height": 196,
    "source_canvas": [
      768,
      832
    ],
    "registration": "pet-wide scale with per-state union registration"
  },
  "states": {
    "idle": {
      "animation": "Relax",
      "normalization": "safe-max",
      "scale": 0.3345724907063197,
      "source_union_bbox": [
        252,
        53,
        576,
        611
      ],
      "target_union_size": [
        108,
        187
      ],
      "target_union_offset": [
        42,
        15
      ],
      "output_bboxes": [
        [
          49,
          15,
          143,
          202
        ],
        [
          42,
          15,
          144,
          202
        ],
        [
          44,
          15,
          145,
          202
        ],
        [
          43,
          15,
          150,
          202
        ],
        [
          44,
          15,
          145,
          202
        ],
        [
          42,
          15,
          144,
          202
        ]
      ]
    },
    "running-right": {
      "animation": "Move",
      "normalization": "safe-max",
      "scale": 0.3345724907063197,
      "source_union_bbox": [
        238,
        50,
        592,
        611
      ],
      "target_union_size": [
        118,
        188
      ],
      "target_union_offset": [
        37,
        14
      ],
      "output_bboxes": [
        [
          37,
          14,
          155,
          202
        ],
        [
          48,
          14,
          155,
          202
        ],
        [
          37,
          14,
          155,
          202
        ],
        [
          48,
          14,
          155,
          202
        ],
        [
          37,
          14,
          155,
          202
        ],
        [
          48,
          14,
          155,
          202
        ],
        [
          37,
          14,
          155,
          202
        ],
        [
          48,
          14,
          155,
          202
        ]
      ]
    },
    "running-left": {
      "animation": "Move",
      "normalization": "safe-max",
      "scale": 0.3345724907063197,
      "source_union_bbox": [
        176,
        50,
        530,
        611
      ],
      "target_union_size": [
        118,
        188
      ],
      "target_union_offset": [
        37,
        14
      ],
      "output_bboxes": [
        [
          37,
          14,
          155,
          202
        ],
        [
          37,
          14,
          144,
          202
        ],
        [
          37,
          14,
          155,
          202
        ],
        [
          37,
          14,
          144,
          202
        ],
        [
          37,
          14,
          155,
          202
        ],
        [
          37,
          14,
          144,
          202
        ],
        [
          37,
          14,
          155,
          202
        ],
        [
          37,
          14,
          144,
          202
        ]
      ]
    },
    "waving": {
      "animation": "Interact",
      "normalization": "safe-max",
      "scale": 0.3345724907063197,
      "source_union_bbox": [
        242,
        50,
        567,
        610
      ],
      "target_union_size": [
        109,
        187
      ],
      "target_union_offset": [
        41,
        15
      ],
      "output_bboxes": [
        [
          41,
          15,
          150,
          202
        ],
        [
          51,
          15,
          145,
          202
        ],
        [
          54,
          15,
          145,
          202
        ],
        [
          51,
          15,
          145,
          202
        ]
      ]
    },
    "jumping": {
      "animation": "Relax",
      "normalization": "safe-max",
      "scale": 0.3345724907063197,
      "source_union_bbox": [
        252,
        39,
        553,
        611
      ],
      "target_union_size": [
        101,
        191
      ],
      "target_union_offset": [
        45,
        11
      ],
      "output_bboxes": [
        [
          52,
          13,
          146,
          202
        ],
        [
          45,
          11,
          146,
          201
        ],
        [
          47,
          11,
          146,
          199
        ],
        [
          45,
          11,
          146,
          201
        ],
        [
          52,
          13,
          146,
          202
        ]
      ]
    },
    "failed": {
      "animation": "Sleep",
      "normalization": "safe-max",
      "scale": 0.3345724907063197,
      "source_union_bbox": [
        115,
        387,
        653,
        623
      ],
      "target_union_size": [
        180,
        79
      ],
      "target_union_offset": [
        6,
        123
      ],
      "output_bboxes": [
        [
          6,
          123,
          186,
          202
        ],
        [
          6,
          123,
          186,
          202
        ],
        [
          6,
          123,
          186,
          202
        ],
        [
          6,
          123,
          186,
          202
        ],
        [
          6,
          123,
          186,
          202
        ],
        [
          6,
          123,
          186,
          202
        ],
        [
          6,
          123,
          186,
          202
        ],
        [
          6,
          123,
          186,
          202
        ]
      ]
    },
    "waiting": {
      "animation": "Sit",
      "normalization": "safe-max",
      "scale": 0.3345724907063197,
      "source_union_bbox": [
        216,
        233,
        623,
        782
      ],
      "target_union_size": [
        136,
        184
      ],
      "target_union_offset": [
        28,
        18
      ],
      "output_bboxes": [
        [
          28,
          18,
          158,
          202
        ],
        [
          39,
          18,
          151,
          202
        ],
        [
          38,
          18,
          160,
          202
        ],
        [
          28,
          18,
          164,
          202
        ],
        [
          38,
          18,
          160,
          202
        ],
        [
          39,
          18,
          151,
          202
        ]
      ]
    },
    "running": {
      "animation": "Interact",
      "normalization": "safe-max",
      "scale": 0.3345724907063197,
      "source_union_bbox": [
        276,
        50,
        547,
        611
      ],
      "target_union_size": [
        91,
        188
      ],
      "target_union_offset": [
        50,
        14
      ],
      "output_bboxes": [
        [
          50,
          14,
          141,
          202
        ],
        [
          51,
          14,
          141,
          202
        ],
        [
          53,
          14,
          141,
          202
        ],
        [
          50,
          14,
          141,
          202
        ],
        [
          53,
          14,
          141,
          202
        ],
        [
          51,
          14,
          141,
          202
        ]
      ]
    },
    "review": {
      "animation": "Relax",
      "normalization": "safe-max",
      "scale": 0.3345724907063197,
      "source_union_bbox": [
        252,
        53,
        576,
        611
      ],
      "target_union_size": [
        108,
        187
      ],
      "target_union_offset": [
        42,
        15
      ],