{
  "ok": true,
  "normalization": "safe-max",
  "margin": 6,
  "safe_max": {
    "scale": 0.30612244897959184,
    "max_state_union_width": 588,
    "max_state_union_height": 580,
    "available_width": 180,
    "available_height": 196,
    "source_canvas": [
      768,
      832
    ],
    "registration": "pet-wide scale with per-state union registration"
  },
  "states": {
    "idle": {
      "animation": "Relax",
      "normalization": "safe-max",
      "scale": 0.30612244897959184,
      "source_union_bbox": [
        114,
        57,
        495,
        626
      ],
      "target_union_size": [
        117,
        174
      ],
      "target_union_offset": [
        37,
        28
      ],
      "output_bboxes": [
        [
          37,
          28,
          154,
          202
        ],
        [
          37,
          28,
          154,
          202
        ],
        [
          37,
          28,
          154,
          202
        ],
        [
          37,
          28,
          154,
          202
        ],
        [
          37,
          28,
          154,
          202
        ],
        [
          37,
          28,
          154,
          202
        ]
      ]
    },
    "running-right": {
      "animation": "Move",
      "normalization": "safe-max",
      "scale": 0.30612244897959184,
      "source_union_bbox": [
        128,
        55,
        515,
        628
      ],
      "target_union_size": [
        118,
        175
      ],
      "target_union_offset": [
        37,
        27
      ],
      "output_bboxes": [
        [
          37,
          27,
          155,
          202
        ],
        [
          37,
          28,
          153,
          202
        ],
        [
          37,
          27,
          153,
          202
        ],
        [
          37,
          27,
          154,
          202
        ],
        [
          37,
          27,
          155,
          202
        ],
        [
          37,
          27,
          155,
          202
        ],
        [
          37,
          27,
          155,
          202
        ],
        [
          37,
          27,
          155,
          202
        ]
      ]
    },
    "running-left": {
      "animation": "Move",
      "normalization": "safe-max",
      "scale": 0.30612244897959184,
      "source_union_bbox": [
        253,
        55,
        640,
        628
      ],
      "target_union_size": [
        118,
        175
      ],
      "target_union_offset": [
        37,
        27
      ],
      "output_bboxes": [
        [
          37,
          27,
          155,
          202
        ],
        [
          39,
          28,
          155,
          202
        ],
        [
          39,
          27,
          155,
          202
        ],
        [
          38,
          27,
          155,
          202
        ],
        [
          37,
          27,
          155,
          202
        ],
        [
          37,
          27,
          155,
          202
        ],
        [
          37,
          27,
          155,
          202
        ],
        [
          37,
          27,
          155,
          202
        ]
      ]
    },
    "waving": {
      "animation": "Interact",
      "normalization": "safe-max",
      "scale": 0.30612244897959184,
      "source_union_bbox": [
        111,
        50,
        571,
        626
      ],
      "target_union_size": [
        141,
        176
      ],
      "target_union_offset": [
        25,
        26
      ],
      "output_bboxes": [
        [
          25,
          26,
          145,
          202
        ],
        [
          25,
          27,
          166,
          202
        ],
        [
          25,
          27,
          166,
          202
        ],
        [
          25,
          26,
          165,
          202
        ]
      ]
    },
    "jumping": {
      "animation": "Relax",
      "normalization": "safe-max",
      "scale": 0.30612244897959184,
      "source_union_bbox": [
        114,
        46,
        495,
        626
      ],
      "target_union_size": [
        117,
        178
      ],
      "target_union_offset": [
        37,
        24
      ],
      "output_bboxes": [
        [
          37,
          25,
          154,
          202
        ],
        [
          37,
          24,
          154,
          202
        ],
        [
          37,
          24,
          154,
          199
        ],
        [
          37,
          24,
          154,
          202
        ],
        [
          37,
          26,
          154,
          202
        ]
      ]
    },
    "failed": {
      "animation": "Sleep",
      "normalization": "safe-max",
      "scale": 0.30612244897959184,
      "source_union_bbox": [
        90,
        326,
        678,
        638
      ],
      "target_union_size": [
        180,
        96
      ],
      "target_union_offset": [
        6,
        106
      ],
      "output_bboxes": [
        [
          6,
          106,
          186,
          202
        ],
        [
          6,
          106,
          186,
          202
        ],
        [
          6,
          106,
          186,
          202
        ],
        [
          6,
          106,
          186,
          202
        ],
        [
          6,
          106,
          186,
          202
        ],
        [
          6,
          106,
          186,
          202
        ],
        [
          6,
          106,
          186,
          202
        ],
        [
          6,
          106,
          186,
          202
        ]
      ]
    },
    "waiting": {
      "animation": "Sit",
      "normalization": "safe-max",
      "scale": 0.30612244897959184,
      "source_union_bbox": [
        118,
        220,
        598,
        782
      ],
      "target_union_size": [
        147,
        172
      ],
      "target_union_offset": [
        22,
        30
      ],
      "output_bboxes": [
        [
          22,
          30,
          169,
          198
        ],
        [
          22,
          30,
          160,
          200
        ],
        [
          22,
          30,
          145,
          202
        ],
        [
          22,
          30,
          169,
          197
        ],
        [
          22,
          30,
          145,
          202
        ],
        [
          22,
          30,
          157,
          199
        ]
      ]
    },
    "running": {
      "animation": "Interact",
      "normalization": "safe-max",
      "scale": 0.30612244897959184,
      "source_union_bbox": [
        111,
        50,
        588,
        626
      ],
      "target_union_size": [
        146,
        176
      ],
      "target_union_offset": [
        23,
        26
      ],
      "output_bboxes": [
        [
          23,
          26,
          143,
          202
        ],
        [
          23,
          26,
          167,
          202
        ],
        [
          23,
          27,
          164,
          202
        ],
        [
          23,
          27,
          169,
          202
        ],
        [
          23,
          27,
          166,
          202
        ],
        [
          23,
          26,
          163,
          202
        ]
      ]
    },
    "review": {
      "animation": "Relax",
      "normalization": "safe-max",
      "scale": 0.30612244897959184,
      "source_union_bbox": [
        114,
        57,
        495,
        626
      ],
      "target_union_size": [
        117,
        174
      ],
      "target_union_offset": [
        37,
        28
      ],