{
  "ok": true,
  "normalization": "safe-max",
  "margin": 6,
  "safe_max": {
    "scale": 0.31523642732049034,
    "max_state_union_width": 571,
    "max_state_union_height": 580,
    "available_width": 180,
    "available_height": 196,
    "source_canvas": [
      768,
      832
    ],
    "registration": "pet-wide scale with per-state union registration"
  },
  "states": {
    "idle": {
      "animation": "Relax",
      "normalization": "safe-max",
      "scale": 0.31523642732049034,
      "source_union_bbox": [
        306,
        50,
        620,
        615
      ],
      "target_union_size": [
        99,
        178
      ],
      "target_union_offset": [
        46,
        24
      ],
      "output_bboxes": [
        [
          49,
          24,
          145,
          202
        ],
        [
          46,
          24,
          145,
          202
        ],
        [
          46,
          24,
          145,
          202
        ],
        [
          48,
          24,
          145,
          202
        ],
        [
          53,
          24,
          145,
          202
        ],
        [
          54,
          24,
          145,
          202
        ]
      ]
    },
    "running-right": {
      "animation": "Move",
      "normalization": "safe-max",
      "scale": 0.31523642732049034,
      "source_union_bbox": [
        314,
        61,
        671,
        618
      ],
      "target_union_size": [
        113,
        176
      ],
      "target_union_offset": [
        39,
        26
      ],
      "output_bboxes": [
        [
          51,
          26,
          150,
          202
        ],
        [
          51,
          26,
          150,
          201
        ],
        [
          42,
          26,
          152,
          202
        ],
        [
          42,
          26,
          152,
          202
        ],
        [
          51,
          27,
          150,
          202
        ],
        [
          52,
          26,
          151,
          202
        ],
        [
          43,
          26,
          152,
          202
        ],
        [
          40,
          26,
          152,
          202
        ]
      ]
    },
    "running-left": {
      "animation": "Move",
      "normalization": "safe-max",
      "scale": 0.31523642732049034,
      "source_union_bbox": [
        97,
        61,
        454,
        618
      ],
      "target_union_size": [
        113,
        176
      ],
      "target_union_offset": [
        39,
        26
      ],
      "output_bboxes": [
        [
          41,
          26,
          140,
          202
        ],
        [
          41,
          26,
          140,
          201
        ],
        [
          39,
          26,
          149,
          202
        ],
        [
          39,
          26,
          149,
          202
        ],
        [
          41,
          27,
          140,
          202
        ],
        [
          40,
          26,
          139,
          202
        ],
        [
          39,
          26,
          148,
          202
        ],
        [
          39,
          26,
          151,
          202
        ]
      ]
    },
    "waving": {
      "animation": "Interact",
      "normalization": "safe-max",
      "scale": 0.31523642732049034,
      "source_union_bbox": [
        259,
        52,
        617,
        615
      ],
      "target_union_size": [
        113,
        177
      ],
      "target_union_offset": [
        39,
        25
      ],
      "output_bboxes": [
        [
          57,
          25,
          152,
          202
        ],
        [
          40,
          32,
          140,
          202
        ],
        [
          39,
          34,
          140,
          202
        ],
        [
          46,
          25,
          149,
          202
        ]
      ]
    },
    "jumping": {
      "animation": "Relax",
      "normalization": "safe-max",
      "scale": 0.31523642732049034,
      "source_union_bbox": [
        306,
        35,
        620,
        615
      ],
      "target_union_size": [
        99,
        183
      ],
      "target_union_offset": [
        46,
        19
      ],
      "output_bboxes": [
        [
          49,
          23,
          145,
          202
        ],
        [
          46,
          20,
          145,
          202
        ],
        [
          48,
          19,
          145,
          199
        ],
        [
          53,
          20,
          145,
          202
        ],
        [
          54,
          23,
          145,
          202
        ]
      ]
    },
    "failed": {
      "animation": "Sleep",
      "normalization": "safe-max",
      "scale": 0.31523642732049034,
      "source_union_bbox": [
        98,
        436,
        669,
        634
      ],
      "target_union_size": [
        180,
        62
      ],
      "target_union_offset": [
        6,
        140
      ],
      "output_bboxes": [
        [
          6,
          140,
          186,
          202
        ],
        [
          6,
          140,
          186,
          202
        ],
        [
          6,
          140,
          186,
          202
        ],
        [
          6,
          140,
          186,
          202
        ],
        [
          6,
          140,
          186,
          202
        ],
        [
          6,
          140,
          186,
          202
        ],
        [
          6,
          140,
          186,
          202
        ],
        [
          6,
          140,
          186,
          202
        ]
      ]
    },
    "waiting": {
      "animation": "Sit",
      "normalization": "safe-max",
      "scale": 0.31523642732049034,
      "source_union_bbox": [
        332,
        226,
        662,
        782
      ],
      "target_union_size": [
        104,
        175
      ],
      "target_union_offset": [
        44,
        27
      ],
      "output_bboxes": [
        [
          44,
          27,
          148,
          202
        ],
        [
          45,
          27,
          148,
          202
        ],
        [
          45,
          27,
          147,
          202
        ],
        [
          44,
          27,
          148,
          202
        ],
        [
          44,
          28,
          148,
          202
        ],
        [
          45,
          27,
          148,
          202
        ]
      ]
    },
    "running": {
      "animation": "Interact",
      "normalization": "safe-max",
      "scale": 0.31523642732049034,
      "source_union_bbox": [
        233,
        52,
        629,
        615
      ],
      "target_union_size": [
        125,
        177
      ],
      "target_union_offset": [
        33,
        25
      ],
      "output_bboxes": [
        [
          59,
          25,
          157,
          202
        ],
        [
          48,
          26,
          158,
          202
        ],
        [
          42,
          32,
          142,
          202
        ],
        [
          33,
          41,
          142,
          202
        ],
        [
          39,
          34,
          142,
          202
        ],
        [
          48,
          25,
          151,
          202
        ]
      ]
    },
    "review": {
      "animation": "Relax",
      "normalization": "safe-max",
      "scale": 0.31523642732049034,
      "source_union_bbox": [
        306,
        50,
        620,
        615
      ],
      "target_union_size": [
        99,
        178
      ],
      "target_union_offset": [
        46,
        24
      ],