{
  "ok": true,
  "normalization": "safe-max",
  "margin": 6,
  "safe_max": {
    "scale": 0.30716723549488056,
    "max_state_union_width": 586,
    "max_state_union_height": 568,
    "available_width": 180,
    "available_height": 196,
    "source_canvas": [
      768,
      832
    ],
    "registration": "pet-wide scale with per-state union registration"
  },
  "states": {
    "idle": {
      "animation": "Relax",
      "normalization": "safe-max",
      "scale": 0.30716723549488056,
      "source_union_bbox": [
        238,
        71,
        610,
        611
      ],
      "target_union_size": [
        114,
        166
      ],
      "target_union_offset": [
        39,
        36
      ],
      "output_bboxes": [
        [
          39,
          36,
          153,
          202
        ],
        [
          39,
          36,
          153,
          202
        ],
        [
          40,
          36,
          153,
          202
        ],
        [
          39,
          36,
          153,
          202
        ],
        [
          39,
          36,
          153,
          202
        ],
        [
          40,
          36,
          153,
          202
        ]
      ]
    },
    "running-right": {
      "animation": "Move",
      "normalization": "safe-max",
      "scale": 0.30716723549488056,
      "source_union_bbox": [
        241,
        68,
        611,
        610
      ],
      "target_union_size": [
        114,
        166
      ],
      "target_union_offset": [
        39,
        36
      ],
      "output_bboxes": [
        [
          39,
          36,
          153,
          202
        ],
        [
          39,
          36,
          153,
          202
        ],
        [
          39,
          36,
          153,
          202
        ],
        [
          39,
          36,
          153,
          202
        ],
        [
          39,
          36,
          153,
          202
        ],
        [
          39,
          36,
          153,
          202
        ],
        [
          39,
          36,
          153,
          202
        ],
        [
          39,
          36,
          153,
          202
        ]
      ]
    },
    "running-left": {
      "animation": "Move",
      "normalization": "safe-max",
      "scale": 0.30716723549488056,
      "source_union_bbox": [
        157,
        68,
        527,
        610
      ],
      "target_union_size": [
        114,
        166
      ],
      "target_union_offset": [
        39,
        36
      ],
      "output_bboxes": [
        [
          39,
          36,
          153,
          202
        ],
        [
          39,
          36,
          153,
          202
        ],
        [
          39,
          36,
          153,
          202
        ],
        [
          39,
          36,
          153,
          202
        ],
        [
          39,
          36,
          153,
          202
        ],
        [
          39,
          36,
          153,
          202
        ],
        [
          39,
          36,
          153,
          202
        ],
        [
          39,
          36,
          153,
          202
        ]
      ]
    },
    "waving": {
      "animation": "Interact",
      "normalization": "safe-max",
      "scale": 0.30716723549488056,
      "source_union_bbox": [
        83,
        50,
        653,
        617
      ],
      "target_union_size": [
        175,
        174
      ],
      "target_union_offset": [
        8,
        28
      ],
      "output_bboxes": [
        [
          54,
          32,
          171,
          202
        ],
        [
          8,
          41,
          178,
          202
        ],
        [
          38,
          28,
          174,
          202
        ],
        [
          67,
          29,
          183,
          202
        ]
      ]
    },
    "jumping": {
      "animation": "Relax",
      "normalization": "safe-max",
      "scale": 0.30716723549488056,
      "source_union_bbox": [
        238,
        55,
        610,
        611
      ],
      "target_union_size": [
        114,
        171
      ],
      "target_union_offset": [
        39,
        31
      ],
      "output_bboxes": [
        [
          39,
          33,
          153,
          202
        ],
        [
          39,
          32,
          153,
          202
        ],
        [
          39,
          31,
          153,
          200
        ],
        [
          39,
          31,
          153,
          202
        ],
        [
          40,
          34,
          153,
          202
        ]
      ]
    },
    "failed": {
      "animation": "Sleep",
      "normalization": "safe-max",
      "scale": 0.30716723549488056,
      "source_union_bbox": [
        148,
        352,
        700,
        630
      ],
      "target_union_size": [
        170,
        85
      ],
      "target_union_offset": [
        11,
        117
      ],
      "output_bboxes": [
        [
          11,
          117,
          181,
          202
        ],
        [
          11,
          117,
          181,
          202
        ],
        [
          11,
          117,
          181,
          202
        ],
        [
          11,
          117,
          181,
          202
        ],
        [
          11,
          117,
          181,
          202
        ],
        [
          11,
          117,
          181,
          202
        ],
        [
          11,
          117,
          181,
          202
        ],
        [
          11,
          117,
          181,
          202
        ]
      ]
    },
    "waiting": {
      "animation": "Sit",
      "normalization": "safe-max",
      "scale": 0.30716723549488056,
      "source_union_bbox": [
        183,
        250,
        575,
        782
      ],
      "target_union_size": [
        120,
        163
      ],
      "target_union_offset": [
        36,
        39
      ],
      "output_bboxes": [
        [
          36,
          39,
          156,
          202
        ],
        [
          36,
          39,
          156,
          202
        ],
        [
          36,
          39,
          156,
          202
        ],
        [
          36,
          39,
          156,
          202
        ],
        [
          36,
          39,
          156,
          202
        ],
        [
          36,
          39,
          156,
          202
        ]
      ]
    },
    "running": {
      "animation": "Interact",
      "normalization": "safe-max",
      "scale": 0.30716723549488056,
      "source_union_bbox": [
        67,
        50,
        653,
        618
      ],
      "target_union_size": [
        180,
        174
      ],
      "target_union_offset": [
        6,
        28
      ],
      "output_bboxes": [
        [
          57,
          32,
          174,
          202
        ],
        [
          6,
          34,
          161,
          202
        ],
        [
          9,
          41,
          181,
          202
        ],
        [
          26,
          30,
          186,
          202
        ],
        [
          41,
          28,
          177,
          202
        ],
        [
          70,
          29,
          186,
          202
        ]
      ]
    },
    "review": {
      "animation": "Relax",
      "normalization": "safe-max",
      "scale": 0.30716723549488056,
      "source_union_bbox": [
        241,
        71,
        610,
        611
      ],
      "target_union_size": [
        113,
        166
      ],
      "target_union_offset": [
        39,
        36
      ],