{
  "ok": true,
  "normalization": "safe-max",
  "margin": 6,
  "safe_max": {
    "scale": 0.31802120141342755,
    "max_state_union_width": 566,
    "max_state_union_height": 560,
    "available_width": 180,
    "available_height": 196,
    "source_canvas": [
      768,
      832
    ],
    "registration": "pet-wide scale with per-state union registration"
  },
  "states": {
    "idle": {
      "animation": "Relax",
      "normalization": "safe-max",
      "scale": 0.31802120141342755,
      "source_union_bbox": [
        147,
        61,
        578,
        605
      ],
      "target_union_size": [
        137,
        173
      ],
      "target_union_offset": [
        27,
        29
      ],
      "output_bboxes": [
        [
          28,
          29,
          164,
          202
        ],
        [
          27,
          29,
          164,
          202
        ],
        [
          29,
          29,
          164,
          202
        ],
        [
          27,
          29,
          164,
          202
        ],
        [
          29,
          29,
          164,
          202
        ],
        [
          27,
          29,
          164,
          202
        ]
      ]
    },
    "running-right": {
      "animation": "Move",
      "normalization": "safe-max",
      "scale": 0.31802120141342755,
      "source_union_bbox": [
        161,
        49,
        581,
        609
      ],
      "target_union_size": [
        134,
        178
      ],
      "target_union_offset": [
        29,
        24
      ],
      "output_bboxes": [
        [
          31,
          24,
          163,
          202
        ],
        [
          30,
          25,
          163,
          202
        ],
        [
          29,
          24,
          163,
          202
        ],
        [
          29,
          24,
          163,
          202
        ],
        [
          29,
          24,
          163,
          202
        ],
        [
          29,
          25,
          163,
          202
        ],
        [
          29,
          24,
          163,
          201
        ],
        [
          31,
          24,
          163,
          202
        ]
      ]
    },
    "running-left": {
      "animation": "Move",
      "normalization": "safe-max",
      "scale": 0.31802120141342755,
      "source_union_bbox": [
        187,
        49,
        607,
        609
      ],
      "target_union_size": [
        134,
        178
      ],
      "target_union_offset": [
        29,
        24
      ],
      "output_bboxes": [
        [
          29,
          24,
          161,
          202
        ],
        [
          29,
          25,
          162,
          202
        ],
        [
          29,
          24,
          163,
          202
        ],
        [
          29,
          24,
          163,
          202
        ],
        [
          29,
          24,
          163,
          202
        ],
        [
          29,
          25,
          163,
          202
        ],
        [
          29,
          24,
          163,
          201
        ],
        [
          29,
          24,
          161,
          202
        ]
      ]
    },
    "waving": {
      "animation": "Interact",
      "normalization": "safe-max",
      "scale": 0.31802120141342755,
      "source_union_bbox": [
        85,
        60,
        590,
        605
      ],
      "target_union_size": [
        161,
        173
      ],
      "target_union_offset": [
        15,
        29
      ],
      "output_bboxes": [
        [
          37,
          29,
          176,
          202
        ],
        [
          15,
          29,
          171,
          202
        ],
        [
          22,
          29,
          174,
          202
        ],
        [
          15,
          29,
          171,
          202
        ]
      ]
    },
    "jumping": {
      "animation": "Relax",
      "normalization": "safe-max",
      "scale": 0.31802120141342755,
      "source_union_bbox": [
        147,
        49,
        578,
        605
      ],
      "target_union_size": [
        137,
        177
      ],
      "target_union_offset": [
        27,
        25
      ],
      "output_bboxes": [
        [
          28,
          26,
          164,
          202
        ],
        [
          27,
          25,
          164,
          202
        ],
        [
          29,
          25,
          164,
          199
        ],
        [
          27,
          25,
          164,
          202
        ],
        [
          28,
          26,
          164,
          202
        ]
      ]
    },
    "failed": {
      "animation": "Sleep",
      "normalization": "safe-max",
      "scale": 0.31802120141342755,
      "source_union_bbox": [
        117,
        353,
        683,
        619
      ],
      "target_union_size": [
        180,
        85
      ],
      "target_union_offset": [
        6,
        117
      ],
      "output_bboxes": [
        [
          6,
          117,
          186,
          202
        ],
        [
          6,
          117,
          186,
          202
        ],
        [
          6,
          117,
          186,
          202
        ],
        [
          6,
          117,
          186,
          202
        ],
        [
          6,
          117,
          186,
          202
        ],
        [
          6,
          117,
          186,
          202
        ],
        [
          6,
          117,
          186,
          202
        ],
        [
          6,
          118,
          186,
          202
        ]
      ]
    },
    "waiting": {
      "animation": "Sit",
      "normalization": "safe-max",
      "scale": 0.31802120141342755,
      "source_union_bbox": [
        148,
        230,
        576,
        782
      ],
      "target_union_size": [
        136,
        176
      ],
      "target_union_offset": [
        28,
        26
      ],
      "output_bboxes": [
        [
          30,
          26,
          164,
          202
        ],
        [
          28,
          26,
          164,
          202
        ],
        [
          28,
          26,
          164,
          202
        ],
        [
          28,
          26,
          164,
          202
        ],
        [
          28,
          26,
          164,
          202
        ],
        [
          28,
          26,
          164,
          202
        ]
      ]
    },
    "running": {
      "animation": "Interact",
      "normalization": "safe-max",
      "scale": 0.31802120141342755,
      "source_union_bbox": [
        85,
        60,
        577,
        605
      ],
      "target_union_size": [
        156,
        173
      ],
      "target_union_offset": [
        18,
        29
      ],
      "output_bboxes": [
        [
          18,
          29,
          173,
          202
        ],
        [
          25,
          29,
          174,
          202
        ],
        [
          41,
          29,
          174,
          202
        ],
        [
          35,
          29,
          173,
          202
        ],
        [
          41,
          29,
          174,
          202
        ],
        [
          25,
          29,
          174,
          202
        ]
      ]
    },
    "review": {
      "animation": "Relax",
      "normalization": "safe-max",
      "scale": 0.31802120141342755,
      "source_union_bbox": [
        147,
        61,
        577,
        605
      ],
      "target_union_size": [
        137,
        173
      ],
      "target_union_offset": [
        27,
        29
      ],