{
  "ok": true,
  "normalization": "safe-max",
  "margin": 6,
  "safe_max": {
    "scale": 0.26627218934911245,
    "max_state_union_width": 676,
    "max_state_union_height": 594,
    "available_width": 180,
    "available_height": 196,
    "source_canvas": [
      768,
      832
    ],
    "registration": "pet-wide scale with per-state union registration"
  },
  "states": {
    "idle": {
      "animation": "Relax",
      "normalization": "safe-max",
      "scale": 0.26627218934911245,
      "source_union_bbox": [
        251,
        97,
        610,
        675
      ],
      "target_union_size": [
        96,
        154
      ],
      "target_union_offset": [
        48,
        48
      ],
      "output_bboxes": [
        [
          48,
          48,
          144,
          202
        ],
        [
          48,
          48,
          144,
          202
        ],
        [
          48,
          48,
          143,
          202
        ],
        [
          48,
          48,
          144,
          202
        ],
        [
          48,
          48,
          144,
          202
        ],
        [
          48,
          48,
          144,
          202
        ]
      ]
    },
    "running-right": {
      "animation": "Move",
      "normalization": "safe-max",
      "scale": 0.26627218934911245,
      "source_union_bbox": [
        264,
        97,
        626,
        672
      ],
      "target_union_size": [
        96,
        153
      ],
      "target_union_offset": [
        48,
        49
      ],
      "output_bboxes": [
        [
          48,
          49,
          144,
          202
        ],
        [
          48,
          49,
          144,
          202
        ],
        [
          48,
          49,
          144,
          202
        ],
        [
          48,
          49,
          144,
          202
        ],
        [
          48,
          49,
          144,
          202
        ],
        [
          48,
          49,
          144,
          202
        ],
        [
          48,
          49,
          144,
          202
        ],
        [
          48,
          49,
          144,
          202
        ]
      ]
    },
    "running-left": {
      "animation": "Move",
      "normalization": "safe-max",
      "scale": 0.26627218934911245,
      "source_union_bbox": [
        142,
        97,
        504,
        672
      ],
      "target_union_size": [
        96,
        153
      ],
      "target_union_offset": [
        48,
        49
      ],
      "output_bboxes": [
        [
          48,
          49,
          144,
          202
        ],
        [
          48,
          49,
          144,
          202
        ],
        [
          48,
          49,
          144,
          202
        ],
        [
          48,
          49,
          144,
          202
        ],
        [
          48,
          49,
          144,
          202
        ],
        [
          48,
          49,
          144,
          202
        ],
        [
          48,
          49,
          144,
          202
        ],
        [
          48,
          49,
          144,
          202
        ]
      ]
    },
    "waving": {
      "animation": "Interact",
      "normalization": "safe-max",
      "scale": 0.26627218934911245,
      "source_union_bbox": [
        99,
        93,
        602,
        676
      ],
      "target_union_size": [
        134,
        155
      ],
      "target_union_offset": [
        29,
        47
      ],
      "output_bboxes": [
        [
          67,
          47,
          163,
          202
        ],
        [
          41,
          47,
          163,
          202
        ],
        [
          29,
          47,
          155,
          202
        ],
        [
          57,
          47,
          161,
          202
        ]
      ]
    },
    "jumping": {
      "animation": "Relax",
      "normalization": "safe-max",
      "scale": 0.26627218934911245,
      "source_union_bbox": [
        251,
        81,
        610,
        675
      ],
      "target_union_size": [
        96,
        158
      ],
      "target_union_offset": [
        48,
        44
      ],
      "output_bboxes": [
        [
          48,
          46,
          144,
          202
        ],
        [
          48,
          45,
          144,
          202
        ],
        [
          48,
          44,
          144,
          200
        ],
        [
          48,
          45,
          144,
          202
        ],
        [
          48,
          46,
          144,
          202
        ]
      ]
    },
    "failed": {
      "animation": "Sleep",
      "normalization": "safe-max",
      "scale": 0.26627218934911245,
      "source_union_bbox": [
        46,
        452,
        722,
        690
      ],
      "target_union_size": [
        180,
        63
      ],
      "target_union_offset": [
        6,
        139
      ],
      "output_bboxes": [
        [
          6,
          139,
          186,
          202
        ],
        [
          6,
          139,
          186,
          202
        ],
        [
          6,
          139,
          186,
          202
        ],
        [
          6,
          139,
          186,
          202
        ],
        [
          6,
          139,
          186,
          202
        ],
        [
          6,
          139,
          186,
          202
        ],
        [
          6,
          139,
          186,
          202
        ],
        [
          6,
          139,
          186,
          202
        ]
      ]
    },
    "waiting": {
      "animation": "Sit",
      "normalization": "safe-max",
      "scale": 0.26627218934911245,
      "source_union_bbox": [
        273,
        316,
        616,
        747
      ],
      "target_union_size": [
        91,
        115
      ],
      "target_union_offset": [
        50,
        87
      ],
      "output_bboxes": [
        [
          50,
          87,
          141,
          202
        ],
        [
          50,
          87,
          141,
          202
        ],
        [
          50,
          87,
          141,
          202
        ],
        [
          50,
          87,
          141,
          202
        ],
        [
          50,
          87,
          141,
          202
        ],
        [
          50,
          87,
          141,
          202
        ]
      ]
    },
    "running": {
      "animation": "Interact",
      "normalization": "safe-max",
      "scale": 0.26627218934911245,
      "source_union_bbox": [
        80,
        84,
        627,
        676
      ],
      "target_union_size": [
        146,
        158
      ],
      "target_union_offset": [
        23,
        44
      ],
      "output_bboxes": [
        [
          66,
          45,
          165,
          202
        ],
        [
          65,
          44,
          169,
          202
        ],
        [
          40,
          44,
          163,
          202
        ],
        [
          23,
          44,
          154,
          202
        ],
        [
          26,
          44,
          155,
          202
        ],
        [
          56,
          44,
          161,
          202
        ]
      ]
    },
    "review": {
      "animation": "Relax",
      "normalization": "safe-max",
      "scale": 0.26627218934911245,
      "source_union_bbox": [
        251,
        97,
        610,
        675
      ],
      "target_union_size": [
        96,
        154
      ],
      "target_union_offset": [
        48,
        48
      ],