{
  "ok": true,
  "normalization": "safe-max",
  "margin": 6,
  "safe_max": {
    "scale": 0.30456852791878175,
    "max_state_union_width": 591,
    "max_state_union_height": 578,
    "available_width": 180,
    "available_height": 196,
    "source_canvas": [
      768,
      832
    ],
    "registration": "pet-wide scale with per-state union registration"
  },
  "states": {
    "idle": {
      "animation": "Relax",
      "normalization": "safe-max",
      "scale": 0.30456852791878175,
      "source_union_bbox": [
        307,
        54,
        597,
        619
      ],
      "target_union_size": [
        88,
        172
      ],
      "target_union_offset": [
        52,
        30
      ],
      "output_bboxes": [
        [
          53,
          30,
          137,
          202
        ],
        [
          52,
          30,
          140,
          202
        ],
        [
          52,
          31,
          140,
          202
        ],
        [
          52,
          34,
          140,
          202
        ],
        [
          52,
          30,
          140,
          202
        ],
        [
          52,
          34,
          136,
          202
        ]
      ]
    },
    "running-right": {
      "animation": "Move",
      "normalization": "safe-max",
      "scale": 0.30456852791878175,
      "source_union_bbox": [
        302,
        63,
        591,
        620
      ],
      "target_union_size": [
        88,
        170
      ],
      "target_union_offset": [
        52,
        32
      ],
      "output_bboxes": [
        [
          53,
          32,
          140,
          202
        ],
        [
          52,
          32,
          140,
          202
        ],
        [
          52,
          32,
          140,
          202
        ],
        [
          52,
          34,
          140,
          202
        ],
        [
          52,
          32,
          140,
          202
        ],
        [
          52,
          32,
          137,
          202
        ],
        [
          52,
          32,
          137,
          202
        ],
        [
          52,
          34,
          136,
          202
        ]
      ]
    },
    "running-left": {
      "animation": "Move",
      "normalization": "safe-max",
      "scale": 0.30456852791878175,
      "source_union_bbox": [
        177,
        63,
        466,
        620
      ],
      "target_union_size": [
        88,
        170
      ],
      "target_union_offset": [
        52,
        32
      ],
      "output_bboxes": [
        [
          52,
          32,
          139,
          202
        ],
        [
          52,
          32,
          140,
          202
        ],
        [
          52,
          32,
          140,
          202
        ],
        [
          52,
          34,
          140,
          202
        ],
        [
          52,
          32,
          140,
          202
        ],
        [
          55,
          32,
          140,
          202
        ],
        [
          55,
          32,
          140,
          202
        ],
        [
          56,
          34,
          140,
          202
        ]
      ]
    },
    "waving": {
      "animation": "Interact",
      "normalization": "safe-max",
      "scale": 0.30456852791878175,
      "source_union_bbox": [
        238,
        55,
        580,
        620
      ],
      "target_union_size": [
        104,
        172
      ],
      "target_union_offset": [
        44,
        30
      ],
      "output_bboxes": [
        [
          66,
          30,
          148,
          202
        ],
        [
          44,
          32,
          146,
          202
        ],
        [
          50,
          30,
          138,
          202
        ],
        [
          63,
          35,
          144,
          202
        ]
      ]
    },
    "jumping": {
      "animation": "Relax",
      "normalization": "safe-max",
      "scale": 0.30456852791878175,
      "source_union_bbox": [
        308,
        41,
        596,
        619
      ],
      "target_union_size": [
        88,
        176
      ],
      "target_union_offset": [
        52,
        26
      ],
      "output_bboxes": [
        [
          53,
          30,
          137,
          202
        ],
        [
          52,
          26,
          140,
          202
        ],
        [
          52,
          29,
          140,
          199
        ],
        [
          53,
          26,
          137,
          202
        ],
        [
          52,
          34,
          136,
          202
        ]
      ]
    },
    "failed": {
      "animation": "Sleep",
      "normalization": "safe-max",
      "scale": 0.30456852791878175,
      "source_union_bbox": [
        89,
        422,
        680,
        661
      ],
      "target_union_size": [
        180,
        73
      ],
      "target_union_offset": [
        6,
        129
      ],
      "output_bboxes": [
        [
          6,
          129,
          186,
          202
        ],
        [
          6,
          129,
          186,
          202
        ],
        [
          6,
          129,
          186,
          202
        ],
        [
          6,
          129,
          186,
          202
        ],
        [
          6,
          129,
          186,
          202
        ],
        [
          6,
          129,
          186,
          202
        ],
        [
          6,
          129,
          186,
          202
        ],
        [
          6,
          129,
          186,
          202
        ]
      ]
    },
    "waiting": {
      "animation": "Sit",
      "normalization": "safe-max",
      "scale": 0.30456852791878175,
      "source_union_bbox": [
        293,
        224,
        605,
        782
      ],
      "target_union_size": [
        95,
        170
      ],
      "target_union_offset": [
        48,
        32
      ],
      "output_bboxes": [
        [
          48,
          32,
          141,
          201
        ],
        [
          48,
          32,
          143,
          202
        ],
        [
          48,
          33,
          139,
          201
        ],
        [
          50,
          32,
          141,
          201
        ],
        [
          48,
          33,
          137,
          201
        ],
        [
          48,
          35,
          137,
          202
        ]
      ]
    },
    "running": {
      "animation": "Interact",
      "normalization": "safe-max",
      "scale": 0.30456852791878175,
      "source_union_bbox": [
        238,
        54,
        580,
        621
      ],
      "target_union_size": [
        104,
        173
      ],
      "target_union_offset": [
        44,
        29
      ],
      "output_bboxes": [
        [
          66,
          29,
          148,
          202
        ],
        [
          49,
          29,
          145,
          202
        ],
        [
          44,
          32,
          146,
          202
        ],
        [
          49,
          35,
          141,
          202
        ],
        [
          50,
          29,
          138,
          202
        ],
        [
          63,
          34,
          144,
          202
        ]
      ]
    },
    "review": {
      "animation": "Relax",
      "normalization": "safe-max",
      "scale": 0.30456852791878175,
      "source_union_bbox": [
        307,
        49,
        597,
        619
      ],
      "target_union_size": [
        88,
        174
      ],
      "target_union_offset": [
        52,
        28
      ],