{
  "ok": true,
  "normalization": "safe-max",
  "margin": 6,
  "safe_max": {
    "scale": 0.29850746268656714,
    "max_state_union_width": 603,
    "max_state_union_height": 586,
    "available_width": 180,
    "available_height": 196,
    "source_canvas": [
      768,
      832
    ],
    "registration": "pet-wide scale with per-state union registration"
  },
  "states": {
    "idle": {
      "animation": "Relax",
      "normalization": "safe-max",
      "scale": 0.29850746268656714,
      "source_union_bbox": [
        240,
        56,
        602,
        632
      ],
      "target_union_size": [
        108,
        172
      ],
      "target_union_offset": [
        42,
        30
      ],
      "output_bboxes": [
        [
          42,
          30,
          150,
          202
        ],
        [
          42,
          30,
          150,
          202
        ],
        [
          42,
          30,
          150,
          202
        ],
        [
          42,
          30,
          150,
          202
        ],
        [
          42,
          30,
          150,
          202
        ],
        [
          42,
          30,
          150,
          202
        ]
      ]
    },
    "running-right": {
      "animation": "Move",
      "normalization": "safe-max",
      "scale": 0.29850746268656714,
      "source_union_bbox": [
        234,
        50,
        605,
        629
      ],
      "target_union_size": [
        111,
        173
      ],
      "target_union_offset": [
        40,
        29
      ],
      "output_bboxes": [
        [
          41,
          29,
          151,
          202
        ],
        [
          40,
          29,
          151,
          202
        ],
        [
          40,
          29,
          151,
          202
        ],
        [
          40,
          29,
          151,
          202
        ],
        [
          42,
          29,
          151,
          202
        ],
        [
          45,
          29,
          151,
          202
        ],
        [
          45,
          29,
          151,
          202
        ],
        [
          44,
          29,
          151,
          202
        ]
      ]
    },
    "running-left": {
      "animation": "Move",
      "normalization": "safe-max",
      "scale": 0.29850746268656714,
      "source_union_bbox": [
        163,
        50,
        534,
        629
      ],
      "target_union_size": [
        111,
        173
      ],
      "target_union_offset": [
        40,
        29
      ],
      "output_bboxes": [
        [
          40,
          29,
          150,
          202
        ],
        [
          40,
          29,
          151,
          202
        ],
        [
          40,
          29,
          151,
          202
        ],
        [
          40,
          29,
          151,
          202
        ],
        [
          40,
          29,
          149,
          202
        ],
        [
          40,
          29,
          146,
          202
        ],
        [
          40,
          29,
          146,
          202
        ],
        [
          40,
          29,
          147,
          202
        ]
      ]
    },
    "waving": {
      "animation": "Interact",
      "normalization": "safe-max",
      "scale": 0.29850746268656714,
      "source_union_bbox": [
        239,
        54,
        602,
        625
      ],
      "target_union_size": [
        108,
        170
      ],
      "target_union_offset": [
        42,
        32
      ],
      "output_bboxes": [
        [
          42,
          32,
          150,
          202
        ],
        [
          42,
          32,
          146,
          202
        ],
        [
          42,
          32,
          146,
          202
        ],
        [
          43,
          32,
          150,
          202
        ]
      ]
    },
    "jumping": {
      "animation": "Relax",
      "normalization": "safe-max",
      "scale": 0.29850746268656714,
      "source_union_bbox": [
        240,
        42,
        602,
        628
      ],
      "target_union_size": [
        108,
        175
      ],
      "target_union_offset": [
        42,
        27
      ],
      "output_bboxes": [
        [
          42,
          29,
          150,
          202
        ],
        [
          42,
          27,
          150,
          202
        ],
        [
          42,
          27,
          150,
          201
        ],
        [
          42,
          27,
          150,
          202
        ],
        [
          42,
          29,
          150,
          202
        ]
      ]
    },
    "failed": {
      "animation": "Sleep",
      "normalization": "safe-max",
      "scale": 0.29850746268656714,
      "source_union_bbox": [
        83,
        401,
        686,
        642
      ],
      "target_union_size": [
        180,
        72
      ],
      "target_union_offset": [
        6,
        130
      ],
      "output_bboxes": [
        [
          6,
          130,
          186,
          202
        ],
        [
          6,
          130,
          186,
          202
        ],
        [
          6,
          130,
          186,
          202
        ],
        [
          6,
          130,
          186,
          202
        ],
        [
          6,
          130,
          186,
          202
        ],
        [
          6,
          130,
          186,
          202
        ],
        [
          6,
          130,
          186,
          202
        ],
        [
          6,
          130,
          186,
          202
        ]
      ]
    },
    "waiting": {
      "animation": "Sit",
      "normalization": "safe-max",
      "scale": 0.29850746268656714,
      "source_union_bbox": [
        228,
        248,
        582,
        782
      ],
      "target_union_size": [
        106,
        159
      ],
      "target_union_offset": [
        43,
        43
      ],
      "output_bboxes": [
        [
          43,
          43,
          149,
          202
        ],
        [
          43,
          43,
          149,
          202
        ],
        [
          43,
          43,
          149,
          202
        ],
        [
          43,
          43,
          149,
          202
        ],
        [
          43,
          43,
          149,
          202
        ],
        [
          43,
          43,
          149,
          202
        ]
      ]
    },
    "running": {
      "animation": "Interact",
      "normalization": "safe-max",
      "scale": 0.29850746268656714,
      "source_union_bbox": [
        218,
        54,
        602,
        626
      ],
      "target_union_size": [
        115,
        171
      ],
      "target_union_offset": [
        38,
        31
      ],
      "output_bboxes": [
        [
          44,
          31,
          153,
          202
        ],
        [
          38,
          31,
          150,
          202
        ],
        [
          42,
          31,
          149,
          202
        ],
        [
          40,
          31,
          149,
          202
        ],
        [
          44,
          31,
          149,
          202
        ],
        [
          45,
          31,
          153,
          202
        ]
      ]
    },
    "review": {
      "animation": "Relax",
      "normalization": "safe-max",
      "scale": 0.29850746268656714,
      "source_union_bbox": [
        240,
        56,
        602,
        636
      ],
      "target_union_size": [
        108,
        173
      ],
      "target_union_offset": [
        42,
        29
      ],