{
  "ok": true,
  "normalization": "safe-max",
  "margin": 6,
  "safe_max": {
    "scale": 0.2912621359223301,
    "max_state_union_width": 618,
    "max_state_union_height": 623,
    "available_width": 180,
    "available_height": 196,
    "source_canvas": [
      768,
      832
    ],
    "registration": "pet-wide scale with per-state union registration"
  },
  "states": {
    "idle": {
      "animation": "Relax",
      "normalization": "safe-max",
      "scale": 0.2912621359223301,
      "source_union_bbox": [
        243,
        52,
        587,
        660
      ],
      "target_union_size": [
        100,
        177
      ],
      "target_union_offset": [
        46,
        25
      ],
      "output_bboxes": [
        [
          47,
          25,
          145,
          202
        ],
        [
          51,
          25,
          143,
          202
        ],
        [
          49,
          25,
          144,
          202
        ],
        [
          46,
          25,
          143,
          202
        ],
        [
          47,
          25,
          143,
          202
        ],
        [
          46,
          25,
          146,
          202
        ]
      ]
    },
    "running-right": {
      "animation": "Move",
      "normalization": "safe-max",
      "scale": 0.2912621359223301,
      "source_union_bbox": [
        277,
        58,
        623,
        664
      ],
      "target_union_size": [
        101,
        177
      ],
      "target_union_offset": [
        45,
        25
      ],
      "output_bboxes": [
        [
          47,
          25,
          146,
          202
        ],
        [
          49,
          25,
          144,
          202
        ],
        [
          50,
          25,
          144,
          202
        ],
        [
          49,
          25,
          143,
          202
        ],
        [
          46,
          25,
          145,
          202
        ],
        [
          45,
          25,
          140,
          202
        ],
        [
          45,
          25,
          142,
          202
        ],
        [
          45,
          25,
          145,
          202
        ]
      ]
    },
    "running-left": {
      "animation": "Move",
      "normalization": "safe-max",
      "scale": 0.2912621359223301,
      "source_union_bbox": [
        145,
        58,
        491,
        664
      ],
      "target_union_size": [
        101,
        177
      ],
      "target_union_offset": [
        45,
        25
      ],
      "output_bboxes": [
        [
          45,
          25,
          144,
          202
        ],
        [
          47,
          25,
          142,
          202
        ],
        [
          47,
          25,
          141,
          202
        ],
        [
          48,
          25,
          142,
          202
        ],
        [
          46,
          25,
          145,
          202
        ],
        [
          51,
          25,
          146,
          202
        ],
        [
          49,
          25,
          146,
          202
        ],
        [
          46,
          25,
          146,
          202
        ]
      ]
    },
    "waving": {
      "animation": "Interact",
      "normalization": "safe-max",
      "scale": 0.2912621359223301,
      "source_union_bbox": [
        183,
        50,
        663,
        660
      ],
      "target_union_size": [
        140,
        178
      ],
      "target_union_offset": [
        26,
        24
      ],
      "output_bboxes": [
        [
          44,
          24,
          143,
          202
        ],
        [
          34,
          27,
          164,
          202
        ],
        [
          26,
          24,
          166,
          202
        ],
        [
          34,
          24,
          156,
          202
        ]
      ]
    },
    "jumping": {
      "animation": "Relax",
      "normalization": "safe-max",
      "scale": 0.2912621359223301,
      "source_union_bbox": [
        243,
        37,
        587,
        660
      ],
      "target_union_size": [
        100,
        181
      ],
      "target_union_offset": [
        46,
        21
      ],
      "output_bboxes": [
        [
          47,
          25,
          145,
          202
        ],
        [
          51,
          22,
          143,
          202
        ],
        [
          46,
          21,
          143,
          200
        ],
        [
          49,
          21,
          146,
          202
        ],
        [
          46,
          24,
          146,
          202
        ]
      ]
    },
    "failed": {
      "animation": "Sleep",
      "normalization": "safe-max",
      "scale": 0.2912621359223301,
      "source_union_bbox": [
        75,
        358,
        693,
        676
      ],
      "target_union_size": [
        180,
        93
      ],
      "target_union_offset": [
        6,
        109
      ],
      "output_bboxes": [
        [
          6,
          109,
          186,
          202
        ],
        [
          6,
          109,
          186,
          202
        ],
        [
          6,
          109,
          186,
          202
        ],
        [
          6,
          109,
          186,
          202
        ],
        [
          6,
          109,
          186,
          202
        ],
        [
          6,
          109,
          186,
          202
        ],
        [
          6,
          109,
          186,
          202
        ],
        [
          6,
          109,
          186,
          202
        ]
      ]
    },
    "waiting": {
      "animation": "Sit",
      "normalization": "safe-max",
      "scale": 0.2912621359223301,
      "source_union_bbox": [
        223,
        227,
        576,
        782
      ],
      "target_union_size": [
        103,
        162
      ],
      "target_union_offset": [
        44,
        40
      ],
      "output_bboxes": [
        [
          45,
          40,
          147,
          202
        ],
        [
          49,
          40,
          147,
          202
        ],
        [
          46,
          40,
          147,
          202
        ],
        [
          44,
          40,
          147,
          202
        ],
        [
          46,
          40,
          147,
          202
        ],
        [
          44,
          40,
          147,
          202
        ]
      ]
    },
    "running": {
      "animation": "Interact",
      "normalization": "safe-max",
      "scale": 0.2912621359223301,
      "source_union_bbox": [
        183,
        50,
        665,
        660
      ],
      "target_union_size": [
        140,
        178
      ],
      "target_union_offset": [
        26,
        24
      ],
      "output_bboxes": [
        [
          44,
          24,
          142,
          202
        ],
        [
          51,
          25,
          152,
          202
        ],
        [
          34,
          27,
          163,
          202
        ],
        [
          32,
          24,
          166,
          202
        ],
        [
          26,
          24,
          166,
          202
        ],
        [
          34,
          24,
          156,
          202
        ]
      ]
    },
    "review": {
      "animation": "Relax",
      "normalization": "safe-max",
      "scale": 0.2912621359223301,
      "source_union_bbox": [
        243,
        52,
        587,
        660
      ],
      "target_union_size": [
        100,
        177
      ],
      "target_union_offset": [
        46,
        25
      ],