{
  "ok": true,
  "normalization": "safe-max",
  "margin": 6,
  "safe_max": {
    "scale": 0.30927835051546393,
    "max_state_union_width": 582,
    "max_state_union_height": 607,
    "available_width": 180,
    "available_height": 196,
    "source_canvas": [
      768,
      832
    ],
    "registration": "pet-wide scale with per-state union registration"
  },
  "states": {
    "idle": {
      "animation": "Relax",
      "normalization": "safe-max",
      "scale": 0.30927835051546393,
      "source_union_bbox": [
        197,
        50,
        586,
        606
      ],
      "target_union_size": [
        120,
        172
      ],
      "target_union_offset": [
        36,
        30
      ],
      "output_bboxes": [
        [
          36,
          30,
          156,
          202
        ],
        [
          36,
          30,
          156,
          202
        ],
        [
          36,
          30,
          156,
          202
        ],
        [
          36,
          30,
          156,
          202
        ],
        [
          36,
          30,
          156,
          202
        ],
        [
          36,
          30,
          156,
          202
        ]
      ]
    },
    "running-right": {
      "animation": "Move",
      "normalization": "safe-max",
      "scale": 0.30927835051546393,
      "source_union_bbox": [
        196,
        50,
        584,
        616
      ],
      "target_union_size": [
        120,
        175
      ],
      "target_union_offset": [
        36,
        27
      ],
      "output_bboxes": [
        [
          36,
          27,
          156,
          202
        ],
        [
          36,
          27,
          156,
          202
        ],
        [
          36,
          27,
          156,
          202
        ],
        [
          36,
          27,
          156,
          202
        ],
        [
          36,
          27,
          156,
          202
        ],
        [
          36,
          27,
          155,
          202
        ],
        [
          36,
          27,
          156,
          202
        ],
        [
          36,
          27,
          156,
          202
        ]
      ]
    },
    "running-left": {
      "animation": "Move",
      "normalization": "safe-max",
      "scale": 0.30927835051546393,
      "source_union_bbox": [
        184,
        50,
        572,
        616
      ],
      "target_union_size": [
        120,
        175
      ],
      "target_union_offset": [
        36,
        27
      ],
      "output_bboxes": [
        [
          36,
          27,
          156,
          202
        ],
        [
          36,
          27,
          156,
          202
        ],
        [
          36,
          27,
          156,
          202
        ],
        [
          36,
          27,
          156,
          202
        ],
        [
          36,
          27,
          156,
          202
        ],
        [
          37,
          27,
          156,
          202
        ],
        [
          36,
          27,
          156,
          202
        ],
        [
          36,
          27,
          156,
          202
        ]
      ]
    },
    "waving": {
      "animation": "Interact",
      "normalization": "safe-max",
      "scale": 0.30927835051546393,
      "source_union_bbox": [
        165,
        50,
        585,
        606
      ],
      "target_union_size": [
        130,
        172
      ],
      "target_union_offset": [
        31,
        30
      ],
      "output_bboxes": [
        [
          39,
          30,
          161,
          202
        ],
        [
          31,
          30,
          140,
          202
        ],
        [
          31,
          30,
          139,
          202
        ],
        [
          33,
          30,
          150,
          202
        ]
      ]
    },
    "jumping": {
      "animation": "Relax",
      "normalization": "safe-max",
      "scale": 0.30927835051546393,
      "source_union_bbox": [
        197,
        39,
        586,
        606
      ],
      "target_union_size": [
        120,
        175
      ],
      "target_union_offset": [
        36,
        27
      ],
      "output_bboxes": [
        [
          36,
          28,
          156,
          202
        ],
        [
          36,
          27,
          156,
          202
        ],
        [
          36,
          27,
          156,
          200
        ],
        [
          36,
          27,
          156,
          202
        ],
        [
          36,
          29,
          156,
          202
        ]
      ]
    },
    "failed": {
      "animation": "Sleep",
      "normalization": "safe-max",
      "scale": 0.30927835051546393,
      "source_union_bbox": [
        93,
        332,
        675,
        666
      ],
      "target_union_size": [
        180,
        103
      ],
      "target_union_offset": [
        6,
        99
      ],
      "output_bboxes": [
        [
          10,
          99,
          186,
          202
        ],
        [
          11,
          99,
          186,
          202
        ],
        [
          10,
          99,
          186,
          202
        ],
        [
          7,
          99,
          186,
          202
        ],
        [
          6,
          99,
          186,
          202
        ],
        [
          6,
          100,
          186,
          202
        ],
        [
          6,
          100,
          186,
          202
        ],
        [
          8,
          99,
          186,
          202
        ]
      ]
    },
    "waiting": {
      "animation": "Sit",
      "normalization": "safe-max",
      "scale": 0.30927835051546393,
      "source_union_bbox": [
        223,
        175,
        586,
        782
      ],
      "target_union_size": [
        112,
        188
      ],
      "target_union_offset": [
        40,
        14
      ],
      "output_bboxes": [
        [
          40,
          14,
          145,
          202
        ],
        [
          40,
          14,
          152,
          202
        ],
        [
          40,
          14,
          145,
          202
        ],
        [
          40,
          14,
          145,
          202
        ],
        [
          40,
          14,
          145,
          202
        ],
        [
          40,
          14,
          152,
          202
        ]
      ]
    },
    "running": {
      "animation": "Interact",
      "normalization": "safe-max",
      "scale": 0.30927835051546393,
      "source_union_bbox": [
        153,
        50,
        585,
        619
      ],
      "target_union_size": [
        134,
        176
      ],
      "target_union_offset": [
        29,
        26
      ],
      "output_bboxes": [
        [
          40,
          26,
          163,
          200
        ],
        [
          40,
          26,
          145,
          202
        ],
        [
          31,
          26,
          142,
          200
        ],
        [
          29,
          26,
          139,
          200
        ],
        [
          31,
          26,
          141,
          200
        ],
        [
          35,
          26,
          152,
          200
        ]
      ]
    },
    "review": {
      "animation": "Relax",
      "normalization": "safe-max",
      "scale": 0.30927835051546393,
      "source_union_bbox": [
        197,
        50,
        586,
        606
      ],
      "target_union_size": [
        120,
        172
      ],
      "target_union_offset": [
        36,
        30
      ],