{
  "ok": true,
  "normalization": "safe-max",
  "margin": 6,
  "safe_max": {
    "scale": 0.31141868512110726,
    "max_state_union_width": 578,
    "max_state_union_height": 568,
    "available_width": 180,
    "available_height": 196,
    "source_canvas": [
      768,
      832
    ],
    "registration": "pet-wide scale with per-state union registration"
  },
  "states": {
    "idle": {
      "animation": "Relax",
      "normalization": "safe-max",
      "scale": 0.31141868512110726,
      "source_union_bbox": [
        159,
        59,
        629,
        614
      ],
      "target_union_size": [
        146,
        173
      ],
      "target_union_offset": [
        23,
        29
      ],
      "output_bboxes": [
        [
          23,
          29,
          169,
          202
        ],
        [
          23,
          29,
          169,
          202
        ],
        [
          23,
          29,
          168,
          202
        ],
        [
          25,
          29,
          167,
          202
        ],
        [
          23,
          29,
          169,
          202
        ],
        [
          25,
          29,
          167,
          202
        ]
      ]
    },
    "running-right": {
      "animation": "Move",
      "normalization": "safe-max",
      "scale": 0.31141868512110726,
      "source_union_bbox": [
        142,
        66,
        650,
        617
      ],
      "target_union_size": [
        158,
        172
      ],
      "target_union_offset": [
        17,
        30
      ],
      "output_bboxes": [
        [
          22,
          30,
          172,
          202
        ],
        [
          25,
          30,
          175,
          202
        ],
        [
          23,
          30,
          175,
          202
        ],
        [
          19,
          30,
          172,
          202
        ],
        [
          17,
          30,
          169,
          202
        ],
        [
          17,
          30,
          169,
          202
        ],
        [
          17,
          30,
          170,
          202
        ],
        [
          18,
          30,
          170,
          202
        ]
      ]
    },
    "running-left": {
      "animation": "Move",
      "normalization": "safe-max",
      "scale": 0.31141868512110726,
      "source_union_bbox": [
        118,
        66,
        626,
        617
      ],
      "target_union_size": [
        158,
        172
      ],
      "target_union_offset": [
        17,
        30
      ],
      "output_bboxes": [
        [
          20,
          30,
          170,
          202
        ],
        [
          17,
          30,
          167,
          202
        ],
        [
          17,
          30,
          169,
          202
        ],
        [
          20,
          30,
          173,
          202
        ],
        [
          23,
          30,
          175,
          202
        ],
        [
          23,
          30,
          175,
          202
        ],
        [
          22,
          30,
          175,
          202
        ],
        [
          22,
          30,
          174,
          202
        ]
      ]
    },
    "waving": {
      "animation": "Interact",
      "normalization": "safe-max",
      "scale": 0.31141868512110726,
      "source_union_bbox": [
        98,
        60,
        625,
        616
      ],
      "target_union_size": [
        164,
        173
      ],
      "target_union_offset": [
        14,
        29
      ],
      "output_bboxes": [
        [
          33,
          29,
          178,
          202
        ],
        [
          32,
          29,
          178,
          202
        ],
        [
          14,
          29,
          166,
          202
        ],
        [
          28,
          29,
          178,
          202
        ]
      ]
    },
    "jumping": {
      "animation": "Relax",
      "normalization": "safe-max",
      "scale": 0.31141868512110726,
      "source_union_bbox": [
        159,
        46,
        629,
        614
      ],
      "target_union_size": [
        146,
        177
      ],
      "target_union_offset": [
        23,
        25
      ],
      "output_bboxes": [
        [
          23,
          27,
          169,
          202
        ],
        [
          23,
          25,
          169,
          202
        ],
        [
          25,
          25,
          167,
          199
        ],
        [
          23,
          25,
          169,
          202
        ],
        [
          25,
          28,
          167,
          202
        ]
      ]
    },
    "failed": {
      "animation": "Sleep",
      "normalization": "safe-max",
      "scale": 0.31141868512110726,
      "source_union_bbox": [
        95,
        426,
        673,
        645
      ],
      "target_union_size": [
        180,
        68
      ],
      "target_union_offset": [
        6,
        134
      ],
      "output_bboxes": [
        [
          6,
          134,
          186,
          202
        ],
        [
          6,
          134,
          186,
          201
        ],
        [
          6,
          134,
          186,
          202
        ],
        [
          6,
          134,
          186,
          202
        ],
        [
          6,
          134,
          186,
          202
        ],
        [
          6,
          134,
          186,
          202
        ],
        [
          6,
          134,
          186,
          202
        ],
        [
          6,
          134,
          186,
          202
        ]
      ]
    },
    "waiting": {
      "animation": "Sit",
      "normalization": "safe-max",
      "scale": 0.31141868512110726,
      "source_union_bbox": [
        290,
        244,
        619,
        782
      ],
      "target_union_size": [
        102,
        168
      ],
      "target_union_offset": [
        45,
        34
      ],
      "output_bboxes": [
        [
          46,
          34,
          147,
          202
        ],
        [
          45,
          34,
          147,
          202
        ],
        [
          45,
          34,
          144,
          202
        ],
        [
          45,
          34,
          147,
          202
        ],
        [
          45,
          34,
          144,
          202
        ],
        [
          48,
          34,
          146,
          202
        ]
      ]
    },
    "running": {
      "animation": "Interact",
      "normalization": "safe-max",
      "scale": 0.31141868512110726,
      "source_union_bbox": [
        98,
        60,
        638,
        616
      ],
      "target_union_size": [
        168,
        173
      ],
      "target_union_offset": [
        12,
        29
      ],
      "output_bboxes": [
        [
          31,
          29,
          178,
          202
        ],
        [
          38,
          29,
          180,
          202
        ],
        [
          30,
          29,
          178,
          202
        ],
        [
          19,
          29,
          164,
          202
        ],
        [
          12,
          29,
          164,
          202
        ],
        [
          26,
          29,
          177,
          202
        ]
      ]
    },
    "review": {
      "animation": "Relax",
      "normalization": "safe-max",
      "scale": 0.31141868512110726,
      "source_union_bbox": [
        159,
        59,
        629,
        614
      ],
      "target_union_size": [
        146,
        173
      ],
      "target_union_offset": [
        23,
        29
      ],