{
  "ok": true,
  "normalization": "safe-max",
  "margin": 6,
  "safe_max": {
    "scale": 0.2808022922636103,
    "max_state_union_width": 569,
    "max_state_union_height": 698,
    "available_width": 180,
    "available_height": 196,
    "source_canvas": [
      768,
      832
    ],
    "registration": "pet-wide scale with per-state union registration"
  },
  "states": {
    "idle": {
      "animation": "Relax",
      "normalization": "safe-max",
      "scale": 0.2808022922636103,
      "source_union_bbox": [
        116,
        188,
        520,
        747
      ],
      "target_union_size": [
        113,
        157
      ],
      "target_union_offset": [
        39,
        45
      ],
      "output_bboxes": [
        [
          39,
          45,
          149,
          202
        ],
        [
          39,
          45,
          149,
          202
        ],
        [
          39,
          45,
          152,
          202
        ],
        [
          39,
          45,
          152,
          202
        ],
        [
          39,
          45,
          150,
          202
        ],
        [
          39,
          45,
          152,
          202
        ]
      ]
    },
    "running-right": {
      "animation": "Move",
      "normalization": "safe-max",
      "scale": 0.2808022922636103,
      "source_union_bbox": [
        126,
        191,
        529,
        747
      ],
      "target_union_size": [
        113,
        156
      ],
      "target_union_offset": [
        39,
        46
      ],
      "output_bboxes": [
        [
          39,
          46,
          150,
          202
        ],
        [
          39,
          46,
          146,
          202
        ],
        [
          40,
          46,
          146,
          202
        ],
        [
          41,
          46,
          150,
          202
        ],
        [
          44,
          46,
          152,
          202
        ],
        [
          43,
          46,
          152,
          202
        ],
        [
          42,
          46,
          149,
          202
        ],
        [
          39,
          46,
          147,
          202
        ]
      ]
    },
    "running-left": {
      "animation": "Move",
      "normalization": "safe-max",
      "scale": 0.2808022922636103,
      "source_union_bbox": [
        239,
        191,
        642,
        747
      ],
      "target_union_size": [
        113,
        156
      ],
      "target_union_offset": [
        39,
        46
      ],
      "output_bboxes": [
        [
          41,
          46,
          152,
          202
        ],
        [
          45,
          46,
          152,
          202
        ],
        [
          45,
          46,
          151,
          202
        ],
        [
          41,
          46,
          150,
          202
        ],
        [
          39,
          46,
          147,
          202
        ],
        [
          39,
          46,
          148,
          202
        ],
        [
          42,
          46,
          149,
          202
        ],
        [
          44,
          46,
          152,
          202
        ]
      ]
    },
    "waving": {
      "animation": "Interact",
      "normalization": "safe-max",
      "scale": 0.2808022922636103,
      "source_union_bbox": [
        117,
        49,
        517,
        747
      ],
      "target_union_size": [
        112,
        196
      ],
      "target_union_offset": [
        40,
        6
      ],
      "output_bboxes": [
        [
          40,
          45,
          150,
          202
        ],
        [
          55,
          33,
          150,
          202
        ],
        [
          50,
          6,
          152,
          202
        ],
        [
          40,
          11,
          150,
          202
        ]
      ]
    },
    "jumping": {
      "animation": "Relax",
      "normalization": "safe-max",
      "scale": 0.2808022922636103,
      "source_union_bbox": [
        116,
        174,
        520,
        747
      ],
      "target_union_size": [
        113,
        161
      ],
      "target_union_offset": [
        39,
        41
      ],
      "output_bboxes": [
        [
          39,
          45,
          149,
          202
        ],
        [
          39,
          42,
          149,
          202
        ],
        [
          39,
          41,
          152,
          200
        ],
        [
          39,
          41,
          149,
          202
        ],
        [
          39,
          43,
          152,
          202
        ]
      ]
    },
    "failed": {
      "animation": "Sleep",
      "normalization": "safe-max",
      "scale": 0.2808022922636103,
      "source_union_bbox": [
        100,
        502,
        669,
        782
      ],
      "target_union_size": [
        160,
        79
      ],
      "target_union_offset": [
        16,
        123
      ],
      "output_bboxes": [
        [
          16,
          123,
          176,
          202
        ],
        [
          16,
          123,
          176,
          202
        ],
        [
          16,
          124,
          176,
          202
        ],
        [
          16,
          123,
          176,
          202
        ],
        [
          16,
          123,
          176,
          202
        ],
        [
          16,
          123,
          176,
          202
        ],
        [
          16,
          124,
          176,
          202
        ],
        [
          16,
          123,
          176,
          202
        ]
      ]
    },
    "waiting": {
      "animation": "Sit",
      "normalization": "safe-max",
      "scale": 0.2808022922636103,
      "source_union_bbox": [
        184,
        340,
        531,
        768
      ],
      "target_union_size": [
        97,
        120
      ],
      "target_union_offset": [
        47,
        82
      ],
      "output_bboxes": [
        [
          47,
          82,
          144,
          202
        ],
        [
          49,
          82,
          144,
          202
        ],
        [
          47,
          82,
          144,
          202
        ],
        [
          47,
          82,
          144,
          202
        ],
        [
          47,
          82,
          144,
          202
        ],
        [
          50,
          82,
          144,
          202
        ]
      ]
    },
    "running": {
      "animation": "Interact",
      "normalization": "safe-max",
      "scale": 0.2808022922636103,
      "source_union_bbox": [
        117,
        49,
        517,
        747
      ],
      "target_union_size": [
        112,
        196
      ],
      "target_union_offset": [
        40,
        6
      ],
      "output_bboxes": [
        [
          40,
          45,
          150,
          202
        ],
        [
          49,
          44,
          150,
          202
        ],
        [
          55,
          33,
          150,
          202
        ],
        [
          53,
          6,
          152,
          202
        ],
        [
          50,
          6,
          152,
          202
        ],
        [
          40,
          11,
          150,
          202
        ]
      ]
    },
    "review": {
      "animation": "Relax",
      "normalization": "safe-max",
      "scale": 0.2808022922636103,
      "source_union_bbox": [
        116,
        188,
        520,
        747
      ],
      "target_union_size": [
        113,
        157
      ],
      "target_union_offset": [
        39,
        45
      ],