{
  "ok": true,
  "normalization": "safe-max",
  "margin": 6,
  "safe_max": {
    "scale": 0.27993779160186627,
    "max_state_union_width": 643,
    "max_state_union_height": 576,
    "available_width": 180,
    "available_height": 196,
    "source_canvas": [
      768,
      832
    ],
    "registration": "pet-wide scale with per-state union registration"
  },
  "states": {
    "idle": {
      "animation": "Relax",
      "normalization": "safe-max",
      "scale": 0.27993779160186627,
      "source_union_bbox": [
        91,
        52,
        718,
        612
      ],
      "target_union_size": [
        176,
        157
      ],
      "target_union_offset": [
        8,
        45
      ],
      "output_bboxes": [
        [
          8,
          45,
          184,
          202
        ],
        [
          8,
          45,
          184,
          202
        ],
        [
          8,
          45,
          184,
          202
        ],
        [
          8,
          45,
          184,
          202
        ],
        [
          8,
          45,
          184,
          202
        ],
        [
          8,
          45,
          184,
          202
        ]
      ]
    },
    "running-right": {
      "animation": "Move",
      "normalization": "safe-max",
      "scale": 0.27993779160186627,
      "source_union_bbox": [
        83,
        50,
        588,
        615
      ],
      "target_union_size": [
        141,
        158
      ],
      "target_union_offset": [
        25,
        44
      ],
      "output_bboxes": [
        [
          27,
          44,
          166,
          202
        ],
        [
          28,
          44,
          166,
          202
        ],
        [
          25,
          44,
          166,
          202
        ],
        [
          29,
          44,
          166,
          202
        ],
        [
          26,
          44,
          166,
          202
        ],
        [
          25,
          44,
          166,
          202
        ],
        [
          30,
          44,
          166,
          202
        ],
        [
          25,
          44,
          166,
          202
        ]
      ]
    },
    "running-left": {
      "animation": "Move",
      "normalization": "safe-max",
      "scale": 0.27993779160186627,
      "source_union_bbox": [
        180,
        50,
        685,
        615
      ],
      "target_union_size": [
        141,
        158
      ],
      "target_union_offset": [
        25,
        44
      ],
      "output_bboxes": [
        [
          25,
          44,
          164,
          202
        ],
        [
          25,
          44,
          163,
          202
        ],
        [
          25,
          44,
          166,
          202
        ],
        [
          25,
          44,
          162,
          202
        ],
        [
          25,
          44,
          165,
          202
        ],
        [
          25,
          44,
          166,
          202
        ],
        [
          25,
          44,
          161,
          202
        ],
        [
          25,
          44,
          166,
          202
        ]
      ]
    },
    "waving": {
      "animation": "Interact",
      "normalization": "safe-max",
      "scale": 0.27993779160186627,
      "source_union_bbox": [
        88,
        51,
        718,
        612
      ],
      "target_union_size": [
        176,
        157
      ],
      "target_union_offset": [
        8,
        45
      ],
      "output_bboxes": [
        [
          8,
          45,
          184,
          202
        ],
        [
          13,
          45,
          184,
          202
        ],
        [
          8,
          45,
          180,
          202
        ],
        [
          9,
          45,
          183,
          202
        ]
      ]
    },
    "jumping": {
      "animation": "Relax",
      "normalization": "safe-max",
      "scale": 0.27993779160186627,
      "source_union_bbox": [
        91,
        36,
        718,
        612
      ],
      "target_union_size": [
        176,
        161
      ],
      "target_union_offset": [
        8,
        41
      ],
      "output_bboxes": [
        [
          8,
          44,
          184,
          202
        ],
        [
          8,
          41,
          184,
          202
        ],
        [
          8,
          41,
          184,
          200
        ],
        [
          8,
          41,
          184,
          202
        ],
        [
          8,
          43,
          184,
          202
        ]
      ]
    },
    "failed": {
      "animation": "Sleep",
      "normalization": "safe-max",
      "scale": 0.27993779160186627,
      "source_union_bbox": [
        46,
        237,
        600,
        617
      ],
      "target_union_size": [
        155,
        106
      ],
      "target_union_offset": [
        18,
        96
      ],
      "output_bboxes": [
        [
          20,
          96,
          157,
          202
        ],
        [
          18,
          96,
          170,
          202
        ],
        [
          25,
          96,
          173,
          202
        ],
        [
          20,
          96,
          157,
          202
        ],
        [
          18,
          96,
          173,
          202
        ],
        [
          24,
          96,
          168,
          202
        ],
        [
          18,
          96,
          157,
          202
        ],
        [
          22,
          96,
          173,
          202
        ]
      ]
    },
    "waiting": {
      "animation": "Sit",
      "normalization": "safe-max",
      "scale": 0.27993779160186627,
      "source_union_bbox": [
        177,
        235,
        584,
        782
      ],
      "target_union_size": [
        114,
        153
      ],
      "target_union_offset": [
        39,
        49
      ],
      "output_bboxes": [
        [
          40,
          49,
          153,
          202
        ],
        [
          41,
          49,
          153,
          202
        ],
        [
          39,
          49,
          152,
          202
        ],
        [
          39,
          49,
          152,
          202
        ],
        [
          42,
          49,
          153,
          202
        ],
        [
          39,
          49,
          152,
          202
        ]
      ]
    },
    "running": {
      "animation": "Interact",
      "normalization": "safe-max",
      "scale": 0.27993779160186627,
      "source_union_bbox": [
        79,
        51,
        722,
        612
      ],
      "target_union_size": [
        180,
        157
      ],
      "target_union_offset": [
        6,
        45
      ],
      "output_bboxes": [
        [
          8,
          45,
          185,
          202
        ],
        [
          6,
          45,
          186,
          202
        ],
        [
          13,
          45,
          185,
          202
        ],
        [
          11,
          45,
          181,
          202
        ],
        [
          6,
          45,
          181,
          202
        ],
        [
          10,
          45,
          185,
          202
        ]
      ]
    },
    "review": {
      "animation": "Relax",
      "normalization": "safe-max",
      "scale": 0.27993779160186627,
      "source_union_bbox": [
        91,
        53,
        718,
        612
      ],
      "target_union_size": [
        176,
        156
      ],
      "target_union_offset": [
        8,
        46
      ],