{
  "ok": true,
  "normalization": "safe-max",
  "margin": 6,
  "safe_max": {
    "scale": 0.2912621359223301,
    "max_state_union_width": 618,
    "max_state_union_height": 585,
    "available_width": 180,
    "available_height": 196,
    "source_canvas": [
      768,
      832
    ],
    "registration": "pet-wide scale with per-state union registration"
  },
  "states": {
    "idle": {
      "animation": "Relax",
      "normalization": "safe-max",
      "scale": 0.2912621359223301,
      "source_union_bbox": [
        146,
        57,
        515,
        629
      ],
      "target_union_size": [
        107,
        167
      ],
      "target_union_offset": [
        42,
        35
      ],
      "output_bboxes": [
        [
          56,
          35,
          149,
          202
        ],
        [
          42,
          35,
          149,
          200
        ],
        [
          45,
          35,
          149,
          200
        ],
        [
          47,
          35,
          149,
          201
        ],
        [
          56,
          35,
          149,
          202
        ],
        [
          47,
          35,
          149,
          201
        ]
      ],
      "counter_mirror_regions": []
    },
    "running-right": {
      "animation": "Move",
      "normalization": "safe-max",
      "scale": 0.2912621359223301,
      "source_union_bbox": [
        122,
        50,
        521,
        620
      ],
      "target_union_size": [
        116,
        166
      ],
      "target_union_offset": [
        38,
        36
      ],
      "output_bboxes": [
        [
          38,
          39,
          154,
          202
        ],
        [
          39,
          36,
          154,
          202
        ],
        [
          44,
          36,
          154,
          202
        ],
        [
          48,
          36,
          154,
          202
        ],
        [
          48,
          37,
          154,
          202
        ],
        [
          45,
          36,
          154,
          202
        ],
        [
          42,
          36,
          154,
          202
        ],
        [
          38,
          36,
          154,
          202
        ]
      ],
      "counter_mirror_regions": []
    },
    "running-left": {
      "animation": "Move",
      "normalization": "safe-max",
      "scale": 0.2912621359223301,
      "source_union_bbox": [
        247,
        50,
        646,
        620
      ],
      "target_union_size": [
        116,
        166
      ],
      "target_union_offset": [
        38,
        36
      ],
      "output_bboxes": [
        [
          38,
          39,
          154,
          202
        ],
        [
          38,
          36,
          153,
          202
        ],
        [
          38,
          36,
          148,
          202
        ],
        [
          38,
          36,
          144,
          202
        ],
        [
          38,
          37,
          144,
          202
        ],
        [
          38,
          36,
          147,
          202
        ],
        [
          38,
          36,
          150,
          202
        ],
        [
          38,
          36,
          154,
          202
        ]
      ],
      "counter_mirror_regions": []
    },
    "waving": {
      "animation": "Interact",
      "normalization": "safe-max",
      "scale": 0.2912621359223301,
      "source_union_bbox": [
        143,
        52,
        545,
        629
      ],
      "target_union_size": [
        117,
        168
      ],
      "target_union_offset": [
        37,
        34
      ],
      "output_bboxes": [
        [
          51,
          35,
          148,
          202
        ],
        [
          37,
          37,
          154,
          200
        ],
        [
          41,
          34,
          153,
          200
        ],
        [
          37,
          37,
          154,
          200
        ]
      ],
      "counter_mirror_regions": []
    },
    "jumping": {
      "animation": "Relax",
      "normalization": "safe-max",
      "scale": 0.2912621359223301,
      "source_union_bbox": [
        146,
        44,
        591,
        629
      ],
      "target_union_size": [
        130,
        170
      ],
      "target_union_offset": [
        31,
        32
      ],
      "output_bboxes": [
        [
          45,
          36,
          141,
          202
        ],
        [
          31,
          32,
          141,
          198
        ],
        [
          36,
          32,
          141,
          196
        ],
        [
          43,
          32,
          161,
          198
        ],
        [
          36,
          35,
          141,
          201
        ]
      ],
      "counter_mirror_regions": []
    },
    "failed": {
      "animation": "Sleep",
      "normalization": "safe-max",
      "scale": 0.2912621359223301,
      "source_union_bbox": [
        75,
        380,
        693,
        663
      ],
      "target_union_size": [
        180,
        82
      ],
      "target_union_offset": [
        6,
        120
      ],
      "output_bboxes": [
        [
          6,
          120,
          186,
          202
        ],
        [
          6,
          120,
          186,
          202
        ],
        [
          6,
          120,
          186,
          202
        ],
        [
          6,
          120,
          186,
          202
        ],
        [
          6,
          120,
          186,
          202
        ],
        [
          6,
          120,
          186,
          202
        ],
        [
          6,
          120,
          186,
          202
        ],
        [
          6,
          120,
          186,
          202
        ]
      ],
      "counter_mirror_regions": []
    },
    "waiting": {
      "animation": "Sit",
      "normalization": "safe-max",
      "scale": 0.2912621359223301,
      "source_union_bbox": [
        164,
        236,
        540,
        782
      ],
      "target_union_size": [
        110,
        159
      ],
      "target_union_offset": [
        41,
        43
      ],
      "output_bboxes": [
        [
          50,
          43,
          147,
          202
        ],
        [
          48,
          43,
          148,
          202
        ],
        [
          41,
          43,
          151,
          202
        ],
        [
          50,
          43,
          147,
          202
        ],
        [
          41,
          43,
          151,
          202
        ],
        [
          41,
          43,
          148,
          202
        ]
      ],
      "counter_mirror_regions": []
    },
    "running": {
      "animation": "Interact",
      "normalization": "safe-max",
      "scale": 0.2912621359223301,
      "source_union_bbox": [
        143,
        52,
        545,
        629
      ],
      "target_union_size": [
        117,
        168
      ],
      "target_union_offset": [
        37,
        34
      ],
      "output_bboxes": [
        [
          51,
          35,
          148,
          202
        ],
        [
          37,
          37,
          154,
          200
        ],
        [
          41,
          34,
          153,
          200
        ],
        [
          43,
          35,
          148,
          201
        ],
        [
          41,
          34,
          153,
          200
        ],
        [
          37,
          37,
          154,
          200
        ]
      ],
      "counter_mirror_regions": []
    },
    "review": {
      "animation": "Relax",
      "normalization": "safe-max",
      "scale": 0.2912621359223301,
      "source_union_bbox": [
        146,
        57,
        591,
        629
      ],
      "target_union_size": [
        130,
        167
      ],
      "target_union_offset": [
        31,
        35
      ],