{
  "ok": true,
  "normalization": "safe-max",
  "margin": 6,
  "safe_max": {
    "scale": 0.3119584055459272,
    "max_state_union_width": 577,
    "max_state_union_height": 567,
    "available_width": 180,
    "available_height": 196,
    "source_canvas": [
      768,
      832
    ],
    "registration": "pet-wide scale with per-state union registration"
  },
  "states": {
    "idle": {
      "animation": "Relax",
      "normalization": "safe-max",
      "scale": 0.3119584055459272,
      "source_union_bbox": [
        160,
        58,
        701,
        611
      ],
      "target_union_size": [
        169,
        173
      ],
      "target_union_offset": [
        11,
        29
      ],
      "output_bboxes": [
        [
          11,
          29,
          180,
          202
        ],
        [
          11,
          29,
          180,
          202
        ],
        [
          11,
          29,
          180,
          202
        ],
        [
          11,
          29,
          180,
          202
        ],
        [
          11,
          29,
          180,
          202
        ],
        [
          11,
          29,
          180,
          202
        ]
      ]
    },
    "running-right": {
      "animation": "Move",
      "normalization": "safe-max",
      "scale": 0.3119584055459272,
      "source_union_bbox": [
        158,
        50,
        699,
        617
      ],
      "target_union_size": [
        169,
        177
      ],
      "target_union_offset": [
        11,
        25
      ],
      "output_bboxes": [
        [
          11,
          26,
          180,
          202
        ],
        [
          11,
          25,
          180,
          202
        ],
        [
          11,
          27,
          180,
          202
        ],
        [
          11,
          25,
          180,
          202
        ],
        [
          11,
          26,
          180,
          202
        ],
        [
          11,
          25,
          180,
          202
        ],
        [
          11,
          27,
          180,
          202
        ],
        [
          11,
          25,
          180,
          202
        ]
      ]
    },
    "running-left": {
      "animation": "Move",
      "normalization": "safe-max",
      "scale": 0.3119584055459272,
      "source_union_bbox": [
        69,
        50,
        610,
        617
      ],
      "target_union_size": [
        169,
        177
      ],
      "target_union_offset": [
        11,
        25
      ],
      "output_bboxes": [
        [
          11,
          26,
          180,
          202
        ],
        [
          11,
          25,
          180,
          202
        ],
        [
          11,
          27,
          180,
          202
        ],
        [
          11,
          25,
          180,
          202
        ],
        [
          11,
          26,
          180,
          202
        ],
        [
          11,
          25,
          180,
          202
        ],
        [
          11,
          27,
          180,
          202
        ],
        [
          11,
          25,
          180,
          202
        ]
      ]
    },
    "waving": {
      "animation": "Interact",
      "normalization": "safe-max",
      "scale": 0.3119584055459272,
      "source_union_bbox": [
        119,
        56,
        696,
        611
      ],
      "target_union_size": [
        180,
        173
      ],
      "target_union_offset": [
        6,
        29
      ],
      "output_bboxes": [
        [
          16,
          29,
          186,
          202
        ],
        [
          6,
          29,
          185,
          202
        ],
        [
          6,
          29,
          177,
          202
        ],
        [
          16,
          29,
          186,
          202
        ]
      ]
    },
    "jumping": {
      "animation": "Relax",
      "normalization": "safe-max",
      "scale": 0.3119584055459272,
      "source_union_bbox": [
        160,
        50,
        701,
        611
      ],
      "target_union_size": [
        169,
        175
      ],
      "target_union_offset": [
        11,
        27
      ],
      "output_bboxes": [
        [
          11,
          27,
          180,
          202
        ],
        [
          11,
          27,
          180,
          202
        ],
        [
          11,
          27,
          180,
          199
        ],
        [
          11,
          27,
          180,
          202
        ],
        [
          11,
          30,
          180,
          202
        ]
      ]
    },
    "failed": {
      "animation": "Sleep",
      "normalization": "safe-max",
      "scale": 0.3119584055459272,
      "source_union_bbox": [
        67,
        406,
        634,
        666
      ],
      "target_union_size": [
        177,
        81
      ],
      "target_union_offset": [
        7,
        121
      ],
      "output_bboxes": [
        [
          7,
          121,
          183,
          202
        ],
        [
          7,
          121,
          183,
          202
        ],
        [
          8,
          121,
          184,
          202
        ],
        [
          7,
          121,
          184,
          202
        ],
        [
          7,
          121,
          183,
          202
        ],
        [
          7,
          121,
          183,
          202
        ],
        [
          8,
          121,
          184,
          202
        ],
        [
          7,
          121,
          184,
          202
        ]
      ]
    },
    "waiting": {
      "animation": "Sit",
      "normalization": "safe-max",
      "scale": 0.3119584055459272,
      "source_union_bbox": [
        194,
        237,
        647,
        782
      ],
      "target_union_size": [
        141,
        170
      ],
      "target_union_offset": [
        25,
        32
      ],
      "output_bboxes": [
        [
          25,
          32,
          166,
          202
        ],
        [
          25,
          32,
          165,
          201
        ],
        [
          25,
          32,
          157,
          199
        ],
        [
          26,
          32,
          166,
          202
        ],
        [
          27,
          33,
          156,
          200
        ],
        [
          26,
          33,
          161,
          196
        ]
      ]
    },
    "running": {
      "animation": "Interact",
      "normalization": "safe-max",
      "scale": 0.3119584055459272,
      "source_union_bbox": [
        119,
        56,
        696,
        611
      ],
      "target_union_size": [
        180,
        173
      ],
      "target_union_offset": [
        6,
        29
      ],
      "output_bboxes": [
        [
          16,
          29,
          186,
          202
        ],
        [
          16,
          34,
          186,
          202
        ],
        [
          6,
          29,
          185,
          202
        ],
        [
          7,
          29,
          180,
          202
        ],
        [
          6,
          29,
          177,
          202
        ],
        [
          16,
          29,
          186,
          202
        ]
      ]
    },
    "review": {
      "animation": "Relax",
      "normalization": "safe-max",
      "scale": 0.3119584055459272,
      "source_union_bbox": [
        160,
        58,
        701,
        611
      ],
      "target_union_size": [
        169,
        173
      ],
      "target_union_offset": [
        11,
        29
      ],