{
  "ok": true,
  "normalization": "safe-max",
  "margin": 6,
  "safe_max": {
    "scale": 0.30456852791878175,
    "max_state_union_width": 591,
    "max_state_union_height": 585,
    "available_width": 180,
    "available_height": 196,
    "source_canvas": [
      768,
      832
    ],
    "registration": "pet-wide scale with per-state union registration"
  },
  "states": {
    "idle": {
      "animation": "Relax",
      "normalization": "safe-max",
      "scale": 0.30456852791878175,
      "source_union_bbox": [
        185,
        50,
        641,
        622
      ],
      "target_union_size": [
        139,
        174
      ],
      "target_union_offset": [
        26,
        28
      ],
      "output_bboxes": [
        [
          30,
          28,
          156,
          202
        ],
        [
          26,
          28,
          165,
          202
        ],
        [
          29,
          28,
          165,
          202
        ],
        [
          35,
          28,
          152,
          202
        ],
        [
          30,
          28,
          156,
          202
        ],
        [
          35,
          28,
          152,
          202
        ]
      ]
    },
    "running-right": {
      "animation": "Move",
      "normalization": "safe-max",
      "scale": 0.30456852791878175,
      "source_union_bbox": [
        166,
        52,
        610,
        624
      ],
      "target_union_size": [
        135,
        174
      ],
      "target_union_offset": [
        28,
        28
      ],
      "output_bboxes": [
        [
          48,
          29,
          160,
          202
        ],
        [
          50,
          30,
          155,
          202
        ],
        [
          47,
          28,
          161,
          201
        ],
        [
          43,
          28,
          163,
          202
        ],
        [
          32,
          29,
          158,
          202
        ],
        [
          28,
          30,
          148,
          202
        ],
        [
          32,
          28,
          151,
          201
        ],
        [
          44,
          28,
          152,
          202
        ]
      ]
    },
    "running-left": {
      "animation": "Move",
      "normalization": "safe-max",
      "scale": 0.30456852791878175,
      "source_union_bbox": [
        158,
        52,
        602,
        624
      ],
      "target_union_size": [
        135,
        174
      ],
      "target_union_offset": [
        28,
        28
      ],
      "output_bboxes": [
        [
          31,
          29,
          143,
          202
        ],
        [
          36,
          30,
          141,
          202
        ],
        [
          30,
          28,
          144,
          201
        ],
        [
          28,
          28,
          148,
          202
        ],
        [
          33,
          29,
          159,
          202
        ],
        [
          43,
          30,
          163,
          202
        ],
        [
          40,
          28,
          159,
          201
        ],
        [
          39,
          28,
          147,
          202
        ]
      ]
    },
    "waving": {
      "animation": "Interact",
      "normalization": "safe-max",
      "scale": 0.30456852791878175,
      "source_union_bbox": [
        127,
        50,
        644,
        624
      ],
      "target_union_size": [
        157,
        175
      ],
      "target_union_offset": [
        17,
        27
      ],
      "output_bboxes": [
        [
          39,
          27,
          164,
          201
        ],
        [
          17,
          32,
          174,
          201
        ],
        [
          46,
          31,
          168,
          201
        ],
        [
          22,
          29,
          153,
          202
        ]
      ]
    },
    "jumping": {
      "animation": "Relax",
      "normalization": "safe-max",
      "scale": 0.30456852791878175,
      "source_union_bbox": [
        185,
        37,
        641,
        622
      ],
      "target_union_size": [
        139,
        178
      ],
      "target_union_offset": [
        26,
        24
      ],
      "output_bboxes": [
        [
          30,
          26,
          156,
          202
        ],
        [
          26,
          24,
          165,
          202
        ],
        [
          35,
          24,
          152,
          199
        ],
        [
          26,
          24,
          165,
          202
        ],
        [
          35,
          26,
          152,
          202
        ]
      ]
    },
    "failed": {
      "animation": "Sleep",
      "normalization": "safe-max",
      "scale": 0.30456852791878175,
      "source_union_bbox": [
        89,
        391,
        680,
        639
      ],
      "target_union_size": [
        180,
        76
      ],
      "target_union_offset": [
        6,
        126
      ],
      "output_bboxes": [
        [
          6,
          126,
          186,
          202
        ],
        [
          6,
          126,
          186,
          202
        ],
        [
          6,
          126,
          186,
          202
        ],
        [
          6,
          126,
          186,
          202
        ],
        [
          6,
          126,
          186,
          202
        ],
        [
          6,
          126,
          186,
          202
        ],
        [
          6,
          126,
          186,
          202
        ],
        [
          6,
          126,
          186,
          202
        ]
      ]
    },
    "waiting": {
      "animation": "Sit",
      "normalization": "safe-max",
      "scale": 0.30456852791878175,
      "source_union_bbox": [
        246,
        232,
        574,
        782
      ],
      "target_union_size": [
        100,
        168
      ],
      "target_union_offset": [
        46,
        34
      ],
      "output_bboxes": [
        [
          46,
          34,
          146,
          202
        ],
        [
          46,
          34,
          146,
          202
        ],
        [
          46,
          34,
          146,
          202
        ],
        [
          46,
          34,
          146,
          202
        ],
        [
          46,
          34,
          146,
          202
        ],
        [
          46,
          34,
          146,
          202
        ]
      ]
    },
    "running": {
      "animation": "Interact",
      "normalization": "safe-max",
      "scale": 0.30456852791878175,
      "source_union_bbox": [
        127,
        50,
        667,
        624
      ],
      "target_union_size": [
        164,
        175
      ],
      "target_union_offset": [
        14,
        27
      ],
      "output_bboxes": [
        [
          36,
          27,
          161,
          201
        ],
        [
          14,
          27,
          152,
          202
        ],
        [
          14,
          32,
          173,
          201
        ],
        [
          28,
          31,
          178,
          201
        ],
        [
          43,
          31,
          165,
          201
        ],
        [
          19,
          29,
          150,
          202
        ]
      ]
    },
    "review": {
      "animation": "Relax",
      "normalization": "safe-max",
      "scale": 0.30456852791878175,
      "source_union_bbox": [
        185,
        50,
        641,
        622
      ],
      "target_union_size": [
        139,
        174
      ],
      "target_union_offset": [
        26,
        28
      ],