{
  "ok": true,
  "normalization": "safe-max",
  "margin": 6,
  "safe_max": {
    "scale": 0.29900332225913623,
    "max_state_union_width": 602,
    "max_state_union_height": 604,
    "available_width": 180,
    "available_height": 196,
    "source_canvas": [
      768,
      832
    ],
    "registration": "pet-wide scale with per-state union registration"
  },
  "states": {
    "idle": {
      "animation": "Relax",
      "normalization": "safe-max",
      "scale": 0.29900332225913623,
      "source_union_bbox": [
        225,
        51,
        567,
        643
      ],
      "target_union_size": [
        102,
        177
      ],
      "target_union_offset": [
        45,
        25
      ],
      "output_bboxes": [
        [
          45,
          25,
          147,
          202
        ],
        [
          45,
          25,
          147,
          202
        ],
        [
          45,
          25,
          147,
          202
        ],
        [
          45,
          25,
          147,
          202
        ],
        [
          47,
          25,
          147,
          202
        ],
        [
          45,
          25,
          147,
          202
        ]
      ]
    },
    "running-right": {
      "animation": "Move",
      "normalization": "safe-max",
      "scale": 0.29900332225913623,
      "source_union_bbox": [
        221,
        51,
        591,
        643
      ],
      "target_union_size": [
        111,
        177
      ],
      "target_union_offset": [
        40,
        25
      ],
      "output_bboxes": [
        [
          40,
          26,
          148,
          202
        ],
        [
          40,
          25,
          150,
          202
        ],
        [
          40,
          25,
          151,
          202
        ],
        [
          41,
          25,
          151,
          202
        ],
        [
          40,
          26,
          148,
          202
        ],
        [
          40,
          25,
          150,
          202
        ],
        [
          40,
          25,
          151,
          202
        ],
        [
          42,
          25,
          151,
          202
        ]
      ]
    },
    "running-left": {
      "animation": "Move",
      "normalization": "safe-max",
      "scale": 0.29900332225913623,
      "source_union_bbox": [
        177,
        51,
        547,
        643
      ],
      "target_union_size": [
        111,
        177
      ],
      "target_union_offset": [
        40,
        25
      ],
      "output_bboxes": [
        [
          43,
          26,
          151,
          202
        ],
        [
          41,
          25,
          151,
          202
        ],
        [
          40,
          25,
          151,
          202
        ],
        [
          40,
          25,
          150,
          202
        ],
        [
          43,
          26,
          151,
          202
        ],
        [
          41,
          25,
          151,
          202
        ],
        [
          40,
          25,
          151,
          202
        ],
        [
          40,
          25,
          149,
          202
        ]
      ]
    },
    "waving": {
      "animation": "Interact",
      "normalization": "safe-max",
      "scale": 0.29900332225913623,
      "source_union_bbox": [
        241,
        52,
        571,
        643
      ],
      "target_union_size": [
        99,
        177
      ],
      "target_union_offset": [
        46,
        25
      ],
      "output_bboxes": [
        [
          48,
          25,
          145,
          202
        ],
        [
          46,
          25,
          145,
          202
        ],
        [
          46,
          25,
          141,
          202
        ],
        [
          46,
          25,
          145,
          202
        ]
      ]
    },
    "jumping": {
      "animation": "Relax",
      "normalization": "safe-max",
      "scale": 0.29900332225913623,
      "source_union_bbox": [
        225,
        39,
        567,
        643
      ],
      "target_union_size": [
        102,
        181
      ],
      "target_union_offset": [
        45,
        21
      ],
      "output_bboxes": [
        [
          45,
          23,
          147,
          202
        ],
        [
          45,
          22,
          147,
          202
        ],
        [
          45,
          21,
          147,
          199
        ],
        [
          45,
          22,
          147,
          202
        ],
        [
          45,
          23,
          147,
          202
        ]
      ]
    },
    "failed": {
      "animation": "Sleep",
      "normalization": "safe-max",
      "scale": 0.29900332225913623,
      "source_union_bbox": [
        83,
        431,
        685,
        679
      ],
      "target_union_size": [
        180,
        74
      ],
      "target_union_offset": [
        6,
        128
      ],
      "output_bboxes": [
        [
          6,
          128,
          186,
          202
        ],
        [
          6,
          128,
          186,
          202
        ],
        [
          6,
          128,
          186,
          202
        ],
        [
          6,
          128,
          186,
          202
        ],
        [
          6,
          128,
          186,
          202
        ],
        [
          6,
          128,
          186,
          202
        ],
        [
          6,
          128,
          186,
          202
        ],
        [
          6,
          128,
          186,
          202
        ]
      ]
    },
    "waiting": {
      "animation": "Sit",
      "normalization": "safe-max",
      "scale": 0.29900332225913623,
      "source_union_bbox": [
        209,
        190,
        604,
        782
      ],
      "target_union_size": [
        118,
        177
      ],
      "target_union_offset": [
        37,
        25
      ],
      "output_bboxes": [
        [
          38,
          26,
          154,
          202
        ],
        [
          39,
          25,
          152,
          202
        ],
        [
          41,
          25,
          149,
          202
        ],
        [
          41,
          25,
          153,
          202
        ],
        [
          37,
          25,
          155,
          202
        ],
        [
          37,
          25,
          153,
          202
        ]
      ]
    },
    "running": {
      "animation": "Interact",
      "normalization": "safe-max",
      "scale": 0.29900332225913623,
      "source_union_bbox": [
        241,
        52,
        571,
        643
      ],
      "target_union_size": [
        99,
        177
      ],
      "target_union_offset": [
        46,
        25
      ],
      "output_bboxes": [
        [
          48,
          25,
          145,
          202
        ],
        [
          46,
          25,
          145,
          202
        ],
        [
          46,
          25,
          141,
          202
        ],
        [
          46,
          26,
          145,
          202
        ],
        [
          46,
          25,
          141,
          202
        ],
        [
          46,
          25,
          145,
          202
        ]
      ]
    },
    "review": {
      "animation": "Relax",
      "normalization": "safe-max",
      "scale": 0.29900332225913623,
      "source_union_bbox": [
        221,
        50,
        567,
        643
      ],
      "target_union_size": [
        103,
        177
      ],
      "target_union_offset": [
        44,
        25
      ],