{
  "ok": true,
  "normalization": "safe-max",
  "margin": 6,
  "safe_max": {
    "scale": 0.2773497688751926,
    "max_state_union_width": 649,
    "max_state_union_height": 594,
    "available_width": 180,
    "available_height": 196,
    "source_canvas": [
      768,
      832
    ],
    "registration": "pet-wide scale with per-state union registration"
  },
  "states": {
    "idle": {
      "animation": "Relax",
      "normalization": "safe-max",
      "scale": 0.2773497688751926,
      "source_union_bbox": [
        151,
        64,
        579,
        639
      ],
      "target_union_size": [
        119,
        159
      ],
      "target_union_offset": [
        36,
        43
      ],
      "output_bboxes": [
        [
          36,
          43,
          155,
          202
        ],
        [
          37,
          43,
          155,
          202
        ],
        [
          36,
          43,
          155,
          202
        ],
        [
          36,
          43,
          155,
          202
        ],
        [
          36,
          43,
          155,
          202
        ],
        [
          36,
          43,
          155,
          202
        ]
      ]
    },
    "running-right": {
      "animation": "Move",
      "normalization": "safe-max",
      "scale": 0.2773497688751926,
      "source_union_bbox": [
        157,
        49,
        594,
        643
      ],
      "target_union_size": [
        121,
        165
      ],
      "target_union_offset": [
        35,
        37
      ],
      "output_bboxes": [
        [
          35,
          39,
          156,
          202
        ],
        [
          35,
          39,
          153,
          202
        ],
        [
          35,
          38,
          151,
          202
        ],
        [
          35,
          37,
          147,
          202
        ],
        [
          35,
          37,
          151,
          202
        ],
        [
          35,
          37,
          149,
          202
        ],
        [
          35,
          38,
          153,
          202
        ],
        [
          35,
          37,
          153,
          202
        ]
      ]
    },
    "running-left": {
      "animation": "Move",
      "normalization": "safe-max",
      "scale": 0.2773497688751926,
      "source_union_bbox": [
        174,
        49,
        611,
        643
      ],
      "target_union_size": [
        121,
        165
      ],
      "target_union_offset": [
        35,
        37
      ],
      "output_bboxes": [
        [
          35,
          39,
          156,
          202
        ],
        [
          38,
          39,
          156,
          202
        ],
        [
          40,
          38,
          156,
          202
        ],
        [
          44,
          37,
          156,
          202
        ],
        [
          40,
          37,
          156,
          202
        ],
        [
          42,
          37,
          156,
          202
        ],
        [
          38,
          38,
          156,
          202
        ],
        [
          38,
          37,
          156,
          202
        ]
      ]
    },
    "waving": {
      "animation": "Interact",
      "normalization": "safe-max",
      "scale": 0.2773497688751926,
      "source_union_bbox": [
        111,
        64,
        592,
        639
      ],
      "target_union_size": [
        133,
        159
      ],
      "target_union_offset": [
        29,
        43
      ],
      "output_bboxes": [
        [
          39,
          43,
          161,
          202
        ],
        [
          29,
          47,
          161,
          202
        ],
        [
          41,
          45,
          162,
          202
        ],
        [
          39,
          43,
          161,
          202
        ]
      ]
    },
    "jumping": {
      "animation": "Relax",
      "normalization": "safe-max",
      "scale": 0.2773497688751926,
      "source_union_bbox": [
        151,
        51,
        579,
        639
      ],
      "target_union_size": [
        119,
        163
      ],
      "target_union_offset": [
        36,
        39
      ],
      "output_bboxes": [
        [
          36,
          40,
          155,
          202
        ],
        [
          37,
          39,
          155,
          202
        ],
        [
          36,
          39,
          155,
          200
        ],
        [
          36,
          39,
          155,
          202
        ],
        [
          36,
          41,
          155,
          202
        ]
      ]
    },
    "failed": {
      "animation": "Sleep",
      "normalization": "safe-max",
      "scale": 0.2773497688751926,
      "source_union_bbox": [
        60,
        432,
        709,
        657
      ],
      "target_union_size": [
        180,
        62
      ],
      "target_union_offset": [
        6,
        140
      ],
      "output_bboxes": [
        [
          6,
          141,
          186,
          202
        ],
        [
          6,
          141,
          186,
          202
        ],
        [
          6,
          140,
          186,
          202
        ],
        [
          6,
          140,
          186,
          202
        ],
        [
          6,
          140,
          186,
          202
        ],
        [
          6,
          140,
          186,
          202
        ],
        [
          6,
          140,
          186,
          202
        ],
        [
          6,
          141,
          186,
          202
        ]
      ]
    },
    "waiting": {
      "animation": "Sit",
      "normalization": "safe-max",
      "scale": 0.2773497688751926,
      "source_union_bbox": [
        161,
        221,
        616,
        782
      ],
      "target_union_size": [
        126,
        156
      ],
      "target_union_offset": [
        33,
        46
      ],
      "output_bboxes": [
        [
          33,
          46,
          159,
          202
        ],
        [
          36,
          46,
          159,
          202
        ],
        [
          33,
          46,
          159,
          202
        ],
        [
          33,
          46,
          159,
          202
        ],
        [
          33,
          46,
          158,
          202
        ],
        [
          33,
          46,
          158,
          202
        ]
      ]
    },
    "running": {
      "animation": "Interact",
      "normalization": "safe-max",
      "scale": 0.2773497688751926,
      "source_union_bbox": [
        109,
        54,
        592,
        639
      ],
      "target_union_size": [
        134,
        162
      ],
      "target_union_offset": [
        29,
        40
      ],
      "output_bboxes": [
        [
          40,
          40,
          162,
          202
        ],
        [
          32,
          40,
          162,
          202
        ],
        [
          29,
          46,
          162,
          202
        ],
        [
          29,
          46,
          162,
          202
        ],
        [
          42,
          45,
          163,
          202
        ],
        [
          40,
          40,
          162,
          202
        ]
      ]
    },
    "review": {
      "animation": "Relax",
      "normalization": "safe-max",
      "scale": 0.2773497688751926,
      "source_union_bbox": [
        151,
        64,
        579,
        639
      ],
      "target_union_size": [
        119,
        159
      ],
      "target_union_offset": [
        36,
        43
      ],