{
  "ok": true,
  "normalization": "safe-max",
  "margin": 6,
  "safe_max": {
    "scale": 0.3249097472924188,
    "max_state_union_width": 554,
    "max_state_union_height": 577,
    "available_width": 180,
    "available_height": 196,
    "source_canvas": [
      768,
      832
    ],
    "registration": "pet-wide scale with per-state union registration"
  },
  "states": {
    "idle": {
      "animation": "Relax",
      "normalization": "safe-max",
      "scale": 0.3249097472924188,
      "source_union_bbox": [
        224,
        94,
        583,
        629
      ],
      "target_union_size": [
        117,
        174
      ],
      "target_union_offset": [
        37,
        28
      ],
      "output_bboxes": [
        [
          37,
          29,
          154,
          202
        ],
        [
          37,
          28,
          154,
          202
        ],
        [
          37,
          28,
          154,
          202
        ],
        [
          37,
          28,
          154,
          202
        ],
        [
          37,
          29,
          154,
          202
        ],
        [
          37,
          28,
          154,
          202
        ]
      ]
    },
    "running-right": {
      "animation": "Move",
      "normalization": "safe-max",
      "scale": 0.3249097472924188,
      "source_union_bbox": [
        181,
        50,
        602,
        627
      ],
      "target_union_size": [
        137,
        187
      ],
      "target_union_offset": [
        27,
        15
      ],
      "output_bboxes": [
        [
          32,
          16,
          161,
          202
        ],
        [
          32,
          17,
          161,
          202
        ],
        [
          32,
          16,
          161,
          202
        ],
        [
          32,
          16,
          161,
          202
        ],
        [
          32,
          17,
          161,
          202
        ],
        [
          32,
          19,
          161,
          202
        ],
        [
          27,
          15,
          164,
          202
        ],
        [
          27,
          22,
          161,
          202
        ]
      ]
    },
    "running-left": {
      "animation": "Move",
      "normalization": "safe-max",
      "scale": 0.3249097472924188,
      "source_union_bbox": [
        166,
        50,
        587,
        627
      ],
      "target_union_size": [
        137,
        187
      ],
      "target_union_offset": [
        27,
        15
      ],
      "output_bboxes": [
        [
          30,
          16,
          159,
          202
        ],
        [
          30,
          17,
          159,
          202
        ],
        [
          30,
          16,
          159,
          202
        ],
        [
          30,
          16,
          159,
          202
        ],
        [
          30,
          17,
          159,
          202
        ],
        [
          30,
          19,
          159,
          202
        ],
        [
          27,
          15,
          164,
          202
        ],
        [
          30,
          22,
          164,
          202
        ]
      ]
    },
    "waving": {
      "animation": "Interact",
      "normalization": "safe-max",
      "scale": 0.3249097472924188,
      "source_union_bbox": [
        229,
        86,
        583,
        629
      ],
      "target_union_size": [
        115,
        176
      ],
      "target_union_offset": [
        38,
        26
      ],
      "output_bboxes": [
        [
          38,
          30,
          153,
          202
        ],
        [
          38,
          26,
          149,
          202
        ],
        [
          38,
          26,
          146,
          202
        ],
        [
          38,
          27,
          152,
          202
        ]
      ]
    },
    "jumping": {
      "animation": "Relax",
      "normalization": "safe-max",
      "scale": 0.3249097472924188,
      "source_union_bbox": [
        224,
        83,
        583,
        629
      ],
      "target_union_size": [
        117,
        177
      ],
      "target_union_offset": [
        37,
        25
      ],
      "output_bboxes": [
        [
          37,
          30,
          154,
          202
        ],
        [
          37,
          26,
          154,
          201
        ],
        [
          37,
          25,
          154,
          198
        ],
        [
          37,
          26,
          154,
          201
        ],
        [
          37,
          28,
          154,
          202
        ]
      ]
    },
    "failed": {
      "animation": "Sleep",
      "normalization": "safe-max",
      "scale": 0.3249097472924188,
      "source_union_bbox": [
        107,
        364,
        661,
        625
      ],
      "target_union_size": [
        180,
        85
      ],
      "target_union_offset": [
        6,
        117
      ],
      "output_bboxes": [
        [
          6,
          117,
          186,
          202
        ],
        [
          6,
          117,
          186,
          202
        ],
        [
          7,
          117,
          186,
          202
        ],
        [
          8,
          117,
          186,
          202
        ],
        [
          8,
          117,
          186,
          202
        ],
        [
          7,
          117,
          186,
          202
        ],
        [
          6,
          117,
          186,
          202
        ],
        [
          6,
          117,
          186,
          202
        ]
      ]
    },
    "waiting": {
      "animation": "Sit",
      "normalization": "safe-max",
      "scale": 0.3249097472924188,
      "source_union_bbox": [
        146,
        282,
        610,
        782
      ],
      "target_union_size": [
        151,
        162
      ],
      "target_union_offset": [
        20,
        40
      ],
      "output_bboxes": [
        [
          20,
          40,
          171,
          202
        ],
        [
          20,
          40,
          171,
          201
        ],
        [
          20,
          40,
          171,
          202
        ],
        [
          20,
          40,
          171,
          202
        ],
        [
          20,
          40,
          171,
          202
        ],
        [
          20,
          40,
          171,
          201
        ]
      ]
    },
    "running": {
      "animation": "Interact",
      "normalization": "safe-max",
      "scale": 0.3249097472924188,
      "source_union_bbox": [
        228,
        86,
        583,
        629
      ],
      "target_union_size": [
        115,
        176
      ],
      "target_union_offset": [
        38,
        26
      ],
      "output_bboxes": [
        [
          38,
          30,
          153,
          202
        ],
        [
          38,
          28,
          153,
          202
        ],
        [
          38,
          26,
          149,
          202
        ],
        [
          38,
          26,
          145,
          202
        ],
        [
          38,
          26,
          146,
          202
        ],
        [
          38,
          27,
          152,
          202
        ]
      ]
    },
    "review": {
      "animation": "Relax",
      "normalization": "safe-max",
      "scale": 0.3249097472924188,
      "source_union_bbox": [
        224,
        94,
        583,
        629
      ],
      "target_union_size": [
        117,
        174
      ],
      "target_union_offset": [
        37,
        28
      ],