{
  "ok": true,
  "normalization": "safe-max",
  "margin": 6,
  "safe_max": {
    "scale": 0.31511254019292606,
    "max_state_union_width": 434,
    "max_state_union_height": 622,
    "available_width": 180,
    "available_height": 196,
    "source_canvas": [
      768,
      832
    ],
    "registration": "pet-wide scale with per-state union registration"
  },
  "states": {
    "idle": {
      "animation": "Relax",
      "normalization": "safe-max",
      "scale": 0.31511254019292606,
      "source_union_bbox": [
        233,
        51,
        561,
        661
      ],
      "target_union_size": [
        103,
        192
      ],
      "target_union_offset": [
        44,
        10
      ],
      "output_bboxes": [
        [
          48,
          10,
          147,
          202
        ],
        [
          45,
          10,
          147,
          202
        ],
        [
          47,
          10,
          147,
          202
        ],
        [
          45,
          10,
          147,
          202
        ],
        [
          44,
          10,
          147,
          202
        ],
        [
          44,
          10,
          147,
          202
        ]
      ]
    },
    "running-right": {
      "animation": "Move",
      "normalization": "safe-max",
      "scale": 0.31511254019292606,
      "source_union_bbox": [
        256,
        50,
        574,
        667
      ],
      "target_union_size": [
        100,
        194
      ],
      "target_union_offset": [
        46,
        8
      ],
      "output_bboxes": [
        [
          47,
          8,
          146,
          202
        ],
        [
          46,
          8,
          145,
          201
        ],
        [
          46,
          8,
          146,
          202
        ],
        [
          46,
          8,
          146,
          202
        ],
        [
          46,
          8,
          146,
          202
        ],
        [
          46,
          8,
          145,
          201
        ],
        [
          47,
          8,
          146,
          202
        ],
        [
          46,
          8,
          146,
          202
        ]
      ]
    },
    "running-left": {
      "animation": "Move",
      "normalization": "safe-max",
      "scale": 0.31511254019292606,
      "source_union_bbox": [
        194,
        50,
        512,
        667
      ],
      "target_union_size": [
        100,
        194
      ],
      "target_union_offset": [
        46,
        8
      ],
      "output_bboxes": [
        [
          46,
          8,
          145,
          202
        ],
        [
          47,
          8,
          146,
          201
        ],
        [
          46,
          8,
          146,
          202
        ],
        [
          46,
          8,
          146,
          202
        ],
        [
          46,
          8,
          146,
          202
        ],
        [
          47,
          8,
          146,
          201
        ],
        [
          46,
          8,
          145,
          202
        ],
        [
          46,
          8,
          146,
          202
        ]
      ]
    },
    "waving": {
      "animation": "Interact",
      "normalization": "safe-max",
      "scale": 0.31511254019292606,
      "source_union_bbox": [
        216,
        52,
        562,
        661
      ],
      "target_union_size": [
        109,
        192
      ],
      "target_union_offset": [
        41,
        10
      ],
      "output_bboxes": [
        [
          50,
          10,
          150,
          202
        ],
        [
          41,
          10,
          150,
          202
        ],
        [
          51,
          10,
          150,
          202
        ],
        [
          51,
          10,
          150,
          202
        ]
      ]
    },
    "jumping": {
      "animation": "Relax",
      "normalization": "safe-max",
      "scale": 0.31511254019292606,
      "source_union_bbox": [
        233,
        39,
        561,
        661
      ],
      "target_union_size": [
        103,
        196
      ],
      "target_union_offset": [
        44,
        6
      ],
      "output_bboxes": [
        [
          48,
          9,
          147,
          202
        ],
        [
          45,
          6,
          147,
          201
        ],
        [
          45,
          6,
          147,
          199
        ],
        [
          44,
          6,
          147,
          201
        ],
        [
          44,
          8,
          147,
          202
        ]
      ]
    },
    "failed": {
      "animation": "Sleep",
      "normalization": "safe-max",
      "scale": 0.31511254019292606,
      "source_union_bbox": [
        156,
        232,
        590,
        695
      ],
      "target_union_size": [
        137,
        146
      ],
      "target_union_offset": [
        27,
        56
      ],
      "output_bboxes": [
        [
          27,
          56,
          164,
          200
        ],
        [
          27,
          56,
          164,
          200
        ],
        [
          27,
          56,
          164,
          198
        ],
        [
          27,
          57,
          164,
          200
        ],
        [
          27,
          56,
          164,
          199
        ],
        [
          27,
          56,
          164,
          199
        ],
        [
          27,
          57,
          164,
          201
        ],
        [
          27,
          56,
          164,
          202
        ]
      ]
    },
    "waiting": {
      "animation": "Sit",
      "normalization": "safe-max",
      "scale": 0.31511254019292606,
      "source_union_bbox": [
        230,
        225,
        613,
        782
      ],
      "target_union_size": [
        121,
        176
      ],
      "target_union_offset": [
        35,
        26
      ],
      "output_bboxes": [
        [
          35,
          26,
          156,
          202
        ],
        [
          35,
          26,
          156,
          202
        ],
        [
          35,
          26,
          156,
          202
        ],
        [
          35,
          26,
          156,
          202
        ],
        [
          35,
          26,
          156,
          202
        ],
        [
          35,
          26,
          156,
          202
        ]
      ]
    },
    "running": {
      "animation": "Interact",
      "normalization": "safe-max",
      "scale": 0.31511254019292606,
      "source_union_bbox": [
        216,
        50,
        562,
        661
      ],
      "target_union_size": [
        109,
        193
      ],
      "target_union_offset": [
        41,
        9
      ],
      "output_bboxes": [
        [
          50,
          9,
          150,
          202
        ],
        [
          46,
          9,
          149,
          202
        ],
        [
          41,
          9,
          150,
          202
        ],
        [
          46,
          9,
          150,
          202
        ],
        [
          51,
          9,
          150,
          202
        ],
        [
          51,
          9,
          150,
          202
        ]
      ]
    },
    "review": {
      "animation": "Relax",
      "normalization": "safe-max",
      "scale": 0.31511254019292606,
      "source_union_bbox": [
        233,
        51,
        561,
        661
      ],
      "target_union_size": [
        103,
        192
      ],
      "target_union_offset": [
        44,
        10
      ],