{
  "ok": true,
  "normalization": "safe-max",
  "margin": 6,
  "safe_max": {
    "scale": 0.30201342281879195,
    "max_state_union_width": 596,
    "max_state_union_height": 590,
    "available_width": 180,
    "available_height": 196,
    "source_canvas": [
      768,
      832
    ],
    "registration": "pet-wide scale with per-state union registration"
  },
  "states": {
    "idle": {
      "animation": "Relax",
      "normalization": "safe-max",
      "scale": 0.30201342281879195,
      "source_union_bbox": [
        165,
        55,
        506,
        629
      ],
      "target_union_size": [
        103,
        173
      ],
      "target_union_offset": [
        44,
        29
      ],
      "output_bboxes": [
        [
          44,
          29,
          147,
          202
        ],
        [
          44,
          29,
          147,
          202
        ],
        [
          44,
          29,
          147,
          202
        ],
        [
          44,
          29,
          147,
          202
        ],
        [
          44,
          29,
          147,
          202
        ],
        [
          44,
          29,
          147,
          202
        ]
      ]
    },
    "running-right": {
      "animation": "Move",
      "normalization": "safe-max",
      "scale": 0.30201342281879195,
      "source_union_bbox": [
        121,
        50,
        519,
        630
      ],
      "target_union_size": [
        120,
        175
      ],
      "target_union_offset": [
        36,
        27
      ],
      "output_bboxes": [
        [
          48,
          27,
          156,
          202
        ],
        [
          52,
          27,
          155,
          202
        ],
        [
          51,
          27,
          154,
          202
        ],
        [
          46,
          27,
          154,
          202
        ],
        [
          39,
          27,
          155,
          202
        ],
        [
          36,
          27,
          155,
          202
        ],
        [
          36,
          27,
          154,
          202
        ],
        [
          40,
          27,
          154,
          202
        ]
      ]
    },
    "running-left": {
      "animation": "Move",
      "normalization": "safe-max",
      "scale": 0.30201342281879195,
      "source_union_bbox": [
        249,
        50,
        647,
        630
      ],
      "target_union_size": [
        120,
        175
      ],
      "target_union_offset": [
        36,
        27
      ],
      "output_bboxes": [
        [
          36,
          27,
          144,
          202
        ],
        [
          37,
          27,
          140,
          202
        ],
        [
          38,
          27,
          141,
          202
        ],
        [
          38,
          27,
          146,
          202
        ],
        [
          37,
          27,
          153,
          202
        ],
        [
          37,
          27,
          156,
          202
        ],
        [
          38,
          27,
          156,
          202
        ],
        [
          38,
          27,
          152,
          202
        ]
      ]
    },
    "waving": {
      "animation": "Interact",
      "normalization": "safe-max",
      "scale": 0.30201342281879195,
      "source_union_bbox": [
        122,
        55,
        512,
        629
      ],
      "target_union_size": [
        118,
        173
      ],
      "target_union_offset": [
        37,
        29
      ],
      "output_bboxes": [
        [
          49,
          29,
          155,
          202
        ],
        [
          41,
          29,
          154,
          202
        ],
        [
          37,
          29,
          155,
          202
        ],
        [
          47,
          29,
          154,
          202
        ]
      ]
    },
    "jumping": {
      "animation": "Relax",
      "normalization": "safe-max",
      "scale": 0.30201342281879195,
      "source_union_bbox": [
        165,
        39,
        506,
        629
      ],
      "target_union_size": [
        103,
        178
      ],
      "target_union_offset": [
        44,
        24
      ],
      "output_bboxes": [
        [
          44,
          27,
          147,
          202
        ],
        [
          44,
          24,
          147,
          202
        ],
        [
          44,
          24,
          147,
          199
        ],
        [
          44,
          24,
          147,
          202
        ],
        [
          44,
          27,
          147,
          202
        ]
      ]
    },
    "failed": {
      "animation": "Sleep",
      "normalization": "safe-max",
      "scale": 0.30201342281879195,
      "source_union_bbox": [
        86,
        380,
        682,
        665
      ],
      "target_union_size": [
        180,
        86
      ],
      "target_union_offset": [
        6,
        116
      ],
      "output_bboxes": [
        [
          6,
          116,
          186,
          202
        ],
        [
          6,
          116,
          186,
          202
        ],
        [
          6,
          116,
          186,
          202
        ],
        [
          6,
          116,
          186,
          202
        ],
        [
          6,
          116,
          186,
          202
        ],
        [
          6,
          116,
          186,
          202
        ],
        [
          6,
          116,
          186,
          202
        ],
        [
          6,
          116,
          186,
          202
        ]
      ]
    },
    "waiting": {
      "animation": "Sit",
      "normalization": "safe-max",
      "scale": 0.30201342281879195,
      "source_union_bbox": [
        164,
        257,
        602,
        782
      ],
      "target_union_size": [
        132,
        159
      ],
      "target_union_offset": [
        30,
        43
      ],
      "output_bboxes": [
        [
          30,
          43,
          162,
          202
        ],
        [
          30,
          43,
          162,
          202
        ],
        [
          30,
          43,
          162,
          202
        ],
        [
          30,
          43,
          162,
          202
        ],
        [
          30,
          43,
          162,
          202
        ],
        [
          30,
          43,
          162,
          202
        ]
      ]
    },
    "running": {
      "animation": "Interact",
      "normalization": "safe-max",
      "scale": 0.30201342281879195,
      "source_union_bbox": [
        104,
        55,
        512,
        629
      ],
      "target_union_size": [
        123,
        173
      ],
      "target_union_offset": [
        34,
        29
      ],
      "output_bboxes": [
        [
          51,
          29,
          157,
          202
        ],
        [
          51,
          29,
          156,
          202
        ],
        [
          43,
          29,
          156,
          202
        ],
        [
          34,
          29,
          157,
          202
        ],
        [
          38,
          29,
          157,
          202
        ],
        [
          49,
          29,
          156,
          202
        ]
      ]
    },
    "review": {
      "animation": "Relax",
      "normalization": "safe-max",
      "scale": 0.30201342281879195,
      "source_union_bbox": [
        165,
        55,
        506,
        629
      ],
      "target_union_size": [
        103,
        173
      ],
      "target_union_offset": [
        44,
        29
      ],