{
  "ok": true,
  "normalization": "safe-max",
  "margin": 6,
  "safe_max": {
    "scale": 0.29654036243822074,
    "max_state_union_width": 607,
    "max_state_union_height": 577,
    "available_width": 180,
    "available_height": 196,
    "source_canvas": [
      768,
      832
    ],
    "registration": "pet-wide scale with per-state union registration"
  },
  "states": {
    "idle": {
      "animation": "Relax",
      "normalization": "safe-max",
      "scale": 0.29654036243822074,
      "source_union_bbox": [
        148,
        53,
        516,
        621
      ],
      "target_union_size": [
        109,
        168
      ],
      "target_union_offset": [
        41,
        34
      ],
      "output_bboxes": [
        [
          41,
          34,
          150,
          202
        ],
        [
          46,
          34,
          150,
          202
        ],
        [
          41,
          34,
          150,
          202
        ],
        [
          46,
          34,
          150,
          202
        ],
        [
          41,
          34,
          150,
          202
        ],
        [
          46,
          34,
          150,
          202
        ]
      ]
    },
    "running-right": {
      "animation": "Move",
      "normalization": "safe-max",
      "scale": 0.29654036243822074,
      "source_union_bbox": [
        145,
        50,
        514,
        623
      ],
      "target_union_size": [
        109,
        170
      ],
      "target_union_offset": [
        41,
        32
      ],
      "output_bboxes": [
        [
          41,
          32,
          150,
          202
        ],
        [
          41,
          32,
          150,
          202
        ],
        [
          42,
          32,
          150,
          202
        ],
        [
          45,
          32,
          149,
          202
        ],
        [
          46,
          32,
          150,
          202
        ],
        [
          47,
          32,
          149,
          202
        ],
        [
          47,
          32,
          149,
          202
        ],
        [
          44,
          32,
          150,
          202
        ]
      ]
    },
    "running-left": {
      "animation": "Move",
      "normalization": "safe-max",
      "scale": 0.29654036243822074,
      "source_union_bbox": [
        254,
        50,
        623,
        623
      ],
      "target_union_size": [
        109,
        170
      ],
      "target_union_offset": [
        41,
        32
      ],
      "output_bboxes": [
        [
          41,
          32,
          150,
          202
        ],
        [
          41,
          32,
          150,
          202
        ],
        [
          41,
          32,
          149,
          202
        ],
        [
          42,
          32,
          146,
          202
        ],
        [
          41,
          32,
          145,
          202
        ],
        [
          42,
          32,
          144,
          202
        ],
        [
          42,
          32,
          144,
          202
        ],
        [
          41,
          32,
          147,
          202
        ]
      ]
    },
    "waving": {
      "animation": "Interact",
      "normalization": "safe-max",
      "scale": 0.29654036243822074,
      "source_union_bbox": [
        83,
        51,
        517,
        621
      ],
      "target_union_size": [
        129,
        169
      ],
      "target_union_offset": [
        31,
        33
      ],
      "output_bboxes": [
        [
          45,
          33,
          160,
          202
        ],
        [
          44,
          33,
          156,
          202
        ],
        [
          31,
          33,
          155,
          202
        ],
        [
          44,
          33,
          156,
          202
        ]
      ]
    },
    "jumping": {
      "animation": "Relax",
      "normalization": "safe-max",
      "scale": 0.29654036243822074,
      "source_union_bbox": [
        148,
        44,
        516,
        621
      ],
      "target_union_size": [
        109,
        171
      ],
      "target_union_offset": [
        41,
        31
      ],
      "output_bboxes": [
        [
          41,
          31,
          150,
          202
        ],
        [
          46,
          31,
          150,
          202
        ],
        [
          46,
          31,
          150,
          200
        ],
        [
          46,
          31,
          150,
          202
        ],
        [
          46,
          33,
          150,
          202
        ]
      ]
    },
    "failed": {
      "animation": "Sleep",
      "normalization": "safe-max",
      "scale": 0.29654036243822074,
      "source_union_bbox": [
        80,
        385,
        687,
        645
      ],
      "target_union_size": [
        180,
        77
      ],
      "target_union_offset": [
        6,
        125
      ],
      "output_bboxes": [
        [
          6,
          125,
          186,
          202
        ],
        [
          6,
          125,
          186,
          202
        ],
        [
          6,
          125,
          186,
          202
        ],
        [
          6,
          125,
          186,
          202
        ],
        [
          6,
          125,
          186,
          202
        ],
        [
          6,
          125,
          186,
          202
        ],
        [
          6,
          125,
          186,
          202
        ],
        [
          6,
          125,
          186,
          202
        ]
      ]
    },
    "waiting": {
      "animation": "Sit",
      "normalization": "safe-max",
      "scale": 0.29654036243822074,
      "source_union_bbox": [
        164,
        223,
        553,
        783
      ],
      "target_union_size": [
        115,
        166
      ],
      "target_union_offset": [
        38,
        36
      ],
      "output_bboxes": [
        [
          38,
          36,
          151,
          202
        ],
        [
          38,
          36,
          152,
          201
        ],
        [
          42,
          36,
          153,
          202
        ],
        [
          38,
          36,
          151,
          202
        ],
        [
          42,
          36,
          153,
          202
        ],
        [
          42,
          36,
          153,
          201
        ]
      ]
    },
    "running": {
      "animation": "Interact",
      "normalization": "safe-max",
      "scale": 0.29654036243822074,
      "source_union_bbox": [
        83,
        51,
        517,
        621
      ],
      "target_union_size": [
        129,
        169
      ],
      "target_union_offset": [
        31,
        33
      ],
      "output_bboxes": [
        [
          45,
          33,
          160,
          202
        ],
        [
          44,
          33,
          156,
          202
        ],
        [
          31,
          33,
          155,
          202
        ],
        [
          31,
          33,
          155,
          202
        ],
        [
          31,
          33,
          155,
          202
        ],
        [
          44,
          33,
          156,
          202
        ]
      ]
    },
    "review": {
      "animation": "Relax",
      "normalization": "safe-max",
      "scale": 0.29654036243822074,
      "source_union_bbox": [
        148,
        53,
        516,
        621
      ],
      "target_union_size": [
        109,
        168
      ],
      "target_union_offset": [
        41,
        34
      ],