{
  "ok": true,
  "normalization": "safe-max",
  "margin": 6,
  "safe_max": {
    "scale": 0.30201342281879195,
    "max_state_union_width": 596,
    "max_state_union_height": 546,
    "available_width": 180,
    "available_height": 196,
    "source_canvas": [
      768,
      832
    ],
    "registration": "pet-wide scale with per-state union registration"
  },
  "states": {
    "idle": {
      "animation": "Relax",
      "normalization": "safe-max",
      "scale": 0.30201342281879195,
      "source_union_bbox": [
        199,
        54,
        549,
        587
      ],
      "target_union_size": [
        106,
        161
      ],
      "target_union_offset": [
        43,
        41
      ],
      "output_bboxes": [
        [
          43,
          41,
          149,
          202
        ],
        [
          43,
          41,
          149,
          202
        ],
        [
          43,
          41,
          149,
          202
        ],
        [
          43,
          41,
          149,
          202
        ],
        [
          43,
          41,
          149,
          202
        ],
        [
          43,
          41,
          149,
          202
        ]
      ]
    },
    "running-right": {
      "animation": "Move",
      "normalization": "safe-max",
      "scale": 0.30201342281879195,
      "source_union_bbox": [
        207,
        56,
        564,
        589
      ],
      "target_union_size": [
        108,
        161
      ],
      "target_union_offset": [
        42,
        41
      ],
      "output_bboxes": [
        [
          42,
          41,
          147,
          202
        ],
        [
          42,
          41,
          149,
          202
        ],
        [
          42,
          41,
          148,
          202
        ],
        [
          42,
          41,
          147,
          202
        ],
        [
          42,
          41,
          150,
          202
        ],
        [
          42,
          41,
          150,
          202
        ],
        [
          42,
          41,
          150,
          202
        ],
        [
          42,
          41,
          148,
          202
        ]
      ]
    },
    "running-left": {
      "animation": "Move",
      "normalization": "safe-max",
      "scale": 0.30201342281879195,
      "source_union_bbox": [
        204,
        56,
        561,
        589
      ],
      "target_union_size": [
        108,
        161
      ],
      "target_union_offset": [
        42,
        41
      ],
      "output_bboxes": [
        [
          45,
          41,
          150,
          202
        ],
        [
          43,
          41,
          150,
          202
        ],
        [
          44,
          41,
          150,
          202
        ],
        [
          45,
          41,
          150,
          202
        ],
        [
          42,
          41,
          150,
          202
        ],
        [
          42,
          41,
          150,
          202
        ],
        [
          42,
          41,
          150,
          202
        ],
        [
          44,
          41,
          150,
          202
        ]
      ]
    },
    "waving": {
      "animation": "Interact",
      "normalization": "safe-max",
      "scale": 0.30201342281879195,
      "source_union_bbox": [
        143,
        51,
        547,
        588
      ],
      "target_union_size": [
        122,
        162
      ],
      "target_union_offset": [
        35,
        40
      ],
      "output_bboxes": [
        [
          50,
          40,
          157,
          202
        ],
        [
          38,
          40,
          144,
          202
        ],
        [
          35,
          40,
          143,
          202
        ],
        [
          49,
          40,
          154,
          202
        ]
      ]
    },
    "jumping": {
      "animation": "Relax",
      "normalization": "safe-max",
      "scale": 0.30201342281879195,
      "source_union_bbox": [
        199,
        41,
        549,
        587
      ],
      "target_union_size": [
        106,
        165
      ],
      "target_union_offset": [
        43,
        37
      ],
      "output_bboxes": [
        [
          43,
          38,
          149,
          202
        ],
        [
          43,
          37,
          149,
          202
        ],
        [
          43,
          37,
          149,
          200
        ],
        [
          43,
          37,
          149,
          202
        ],
        [
          43,
          39,
          149,
          202
        ]
      ]
    },
    "failed": {
      "animation": "Sleep",
      "normalization": "safe-max",
      "scale": 0.30201342281879195,
      "source_union_bbox": [
        86,
        341,
        682,
        608
      ],
      "target_union_size": [
        180,
        81
      ],
      "target_union_offset": [
        6,
        121
      ],
      "output_bboxes": [
        [
          6,
          121,
          186,
          202
        ],
        [
          6,
          121,
          186,
          202
        ],
        [
          6,
          121,
          186,
          202
        ],
        [
          6,
          121,
          186,
          202
        ],
        [
          6,
          121,
          186,
          202
        ],
        [
          6,
          121,
          186,
          202
        ],
        [
          6,
          121,
          186,
          202
        ],
        [
          6,
          121,
          186,
          202
        ]
      ]
    },
    "waiting": {
      "animation": "Sit",
      "normalization": "safe-max",
      "scale": 0.30201342281879195,
      "source_union_bbox": [
        211,
        265,
        555,
        782
      ],
      "target_union_size": [
        104,
        156
      ],
      "target_union_offset": [
        44,
        46
      ],
      "output_bboxes": [
        [
          44,
          46,
          148,
          202
        ],
        [
          44,
          46,
          148,
          202
        ],
        [
          44,
          46,
          148,
          202
        ],
        [
          44,
          46,
          148,
          202
        ],
        [
          44,
          46,
          148,
          202
        ],
        [
          44,
          46,
          148,
          202
        ]
      ]
    },
    "running": {
      "animation": "Interact",
      "normalization": "safe-max",
      "scale": 0.30201342281879195,
      "source_union_bbox": [
        128,
        51,
        560,
        588
      ],
      "target_union_size": [
        130,
        162
      ],
      "target_union_offset": [
        31,
        40
      ],
      "output_bboxes": [
        [
          50,
          40,
          159,
          202
        ],
        [
          47,
          40,
          161,
          202
        ],
        [
          38,
          40,
          144,
          202
        ],
        [
          31,
          42,
          142,
          202
        ],
        [
          34,
          40,
          143,
          202
        ],
        [
          49,
          40,
          154,
          202
        ]
      ]
    },
    "review": {
      "animation": "Relax",
      "normalization": "safe-max",
      "scale": 0.30201342281879195,
      "source_union_bbox": [
        199,
        54,
        549,
        587
      ],
      "target_union_size": [
        106,
        161
      ],
      "target_union_offset": [
        43,
        41
      ],