{
  "ok": true,
  "normalization": "safe-max",
  "margin": 6,
  "safe_max": {
    "scale": 0.26627218934911245,
    "max_state_union_width": 676,
    "max_state_union_height": 694,
    "available_width": 180,
    "available_height": 196,
    "source_canvas": [
      768,
      832
    ],
    "registration": "pet-wide scale with per-state union registration"
  },
  "states": {
    "idle": {
      "animation": "Relax",
      "normalization": "safe-max",
      "scale": 0.26627218934911245,
      "source_union_bbox": [
        46,
        138,
        722,
        763
      ],
      "target_union_size": [
        180,
        166
      ],
      "target_union_offset": [
        6,
        36
      ],
      "output_bboxes": [
        [
          6,
          36,
          186,
          202
        ],
        [
          6,
          36,
          186,
          202
        ],
        [
          6,
          36,
          185,
          202
        ],
        [
          6,
          36,
          184,
          202
        ],
        [
          6,
          36,
          185,
          202
        ],
        [
          6,
          36,
          186,
          202
        ]
      ]
    },
    "running-right": {
      "animation": "Move",
      "normalization": "safe-max",
      "scale": 0.26627218934911245,
      "source_union_bbox": [
        46,
        138,
        721,
        763
      ],
      "target_union_size": [
        180,
        166
      ],
      "target_union_offset": [
        6,
        36
      ],
      "output_bboxes": [
        [
          6,
          36,
          186,
          202
        ],
        [
          6,
          36,
          185,
          202
        ],
        [
          6,
          36,
          185,
          202
        ],
        [
          6,
          36,
          186,
          202
        ],
        [
          6,
          36,
          186,
          202
        ],
        [
          6,
          36,
          185,
          202
        ],
        [
          6,
          36,
          185,
          202
        ],
        [
          6,
          36,
          186,
          202
        ]
      ]
    },
    "running-left": {
      "animation": "Move",
      "normalization": "safe-max",
      "scale": 0.26627218934911245,
      "source_union_bbox": [
        47,
        138,
        722,
        763
      ],
      "target_union_size": [
        180,
        166
      ],
      "target_union_offset": [
        6,
        36
      ],
      "output_bboxes": [
        [
          6,
          36,
          186,
          202
        ],
        [
          7,
          36,
          186,
          202
        ],
        [
          7,
          36,
          186,
          202
        ],
        [
          6,
          36,
          186,
          202
        ],
        [
          6,
          36,
          186,
          202
        ],
        [
          7,
          36,
          186,
          202
        ],
        [
          7,
          36,
          186,
          202
        ],
        [
          6,
          36,
          186,
          202
        ]
      ]
    },
    "waving": {
      "animation": "Interact",
      "normalization": "safe-max",
      "scale": 0.26627218934911245,
      "source_union_bbox": [
        46,
        138,
        722,
        763
      ],
      "target_union_size": [
        180,
        166
      ],
      "target_union_offset": [
        6,
        36
      ],
      "output_bboxes": [
        [
          6,
          36,
          186,
          202
        ],
        [
          6,
          36,
          183,
          202
        ],
        [
          6,
          36,
          186,
          202
        ],
        [
          6,
          36,
          185,
          202
        ]
      ]
    },
    "jumping": {
      "animation": "Relax",
      "normalization": "safe-max",
      "scale": 0.26627218934911245,
      "source_union_bbox": [
        46,
        128,
        722,
        763
      ],
      "target_union_size": [
        180,
        169
      ],
      "target_union_offset": [
        6,
        33
      ],
      "output_bboxes": [
        [
          6,
          33,
          186,
          202
        ],
        [
          6,
          33,
          186,
          202
        ],
        [
          6,
          33,
          184,
          200
        ],
        [
          6,
          33,
          186,
          202
        ],
        [
          6,
          33,
          186,
          202
        ]
      ]
    },
    "failed": {
      "animation": "Relax",
      "normalization": "safe-max",
      "scale": 0.26627218934911245,
      "source_union_bbox": [
        106,
        78,
        731,
        754
      ],
      "target_union_size": [
        166,
        180
      ],
      "target_union_offset": [
        13,
        22
      ],
      "output_bboxes": [
        [
          13,
          22,
          179,
          202
        ],
        [
          13,
          22,
          179,
          202
        ],
        [
          13,
          23,
          179,
          202
        ],
        [
          13,
          24,
          179,
          202
        ],
        [
          13,
          23,
          179,
          202
        ],
        [
          13,
          22,
          179,
          202
        ],
        [
          13,
          22,
          179,
          202
        ],
        [
          13,
          22,
          179,
          202
        ]
      ]
    },
    "waiting": {
      "animation": "Relax",
      "normalization": "safe-max",
      "scale": 0.26627218934911245,
      "source_union_bbox": [
        46,
        138,
        722,
        763
      ],
      "target_union_size": [
        180,
        166
      ],
      "target_union_offset": [
        6,
        36
      ],
      "output_bboxes": [
        [
          6,
          36,
          186,
          202
        ],
        [
          6,
          36,
          186,
          202
        ],
        [
          6,
          36,
          185,
          202
        ],
        [
          6,
          36,
          185,
          202
        ],
        [
          6,
          36,
          186,
          202
        ],
        [
          6,
          36,
          186,
          202
        ]
      ]
    },
    "running": {
      "animation": "Interact",
      "normalization": "safe-max",
      "scale": 0.26627218934911245,
      "source_union_bbox": [
        46,
        69,
        722,
        763
      ],
      "target_union_size": [
        180,
        185
      ],
      "target_union_offset": [
        6,
        17
      ],
      "output_bboxes": [
        [
          6,
          33,
          186,
          202
        ],
        [
          6,
          17,
          178,
          185
        ],
        [
          6,
          34,
          183,
          202
        ],
        [
          6,
          33,
          181,
          202
        ],
        [
          6,
          33,
          186,
          202
        ],
        [
          6,
          34,
          185,
          202
        ]
      ]
    },
    "review": {
      "animation": "Relax",
      "normalization": "safe-max",
      "scale": 0.26627218934911245,
      "source_union_bbox": [
        46,
        138,
        722,
        763
      ],
      "target_union_size": [
        180,
        166
      ],
      "target_union_offset": [
        6,
        36
      ],