{
  "ok": true,
  "normalization": "safe-max",
  "margin": 6,
  "safe_max": {
    "scale": 0.31413612565445026,
    "max_state_union_width": 573,
    "max_state_union_height": 595,
    "available_width": 180,
    "available_height": 196,
    "source_canvas": [
      768,
      832
    ],
    "registration": "pet-wide scale with per-state union registration"
  },
  "states": {
    "idle": {
      "animation": "Relax",
      "normalization": "safe-max",
      "scale": 0.31413612565445026,
      "source_union_bbox": [
        267,
        55,
        557,
        636
      ],
      "target_union_size": [
        91,
        183
      ],
      "target_union_offset": [
        50,
        19
      ],
      "output_bboxes": [
        [
          50,
          19,
          141,
          202
        ],
        [
          50,
          19,
          141,
          202
        ],
        [
          50,
          19,
          141,
          202
        ],
        [
          50,
          19,
          141,
          202
        ],
        [
          50,
          19,
          141,
          202
        ],
        [
          50,
          19,
          141,
          202
        ]
      ]
    },
    "running-right": {
      "animation": "Move",
      "normalization": "safe-max",
      "scale": 0.31413612565445026,
      "source_union_bbox": [
        270,
        50,
        574,
        637
      ],
      "target_union_size": [
        95,
        184
      ],
      "target_union_offset": [
        48,
        18
      ],
      "output_bboxes": [
        [
          49,
          18,
          142,
          202
        ],
        [
          48,
          18,
          140,
          202
        ],
        [
          48,
          18,
          143,
          202
        ],
        [
          48,
          18,
          140,
          202
        ],
        [
          49,
          18,
          142,
          201
        ],
        [
          48,
          19,
          141,
          202
        ],
        [
          48,
          18,
          140,
          202
        ],
        [
          48,
          19,
          141,
          202
        ]
      ]
    },
    "running-left": {
      "animation": "Move",
      "normalization": "safe-max",
      "scale": 0.31413612565445026,
      "source_union_bbox": [
        194,
        50,
        498,
        637
      ],
      "target_union_size": [
        95,
        184
      ],
      "target_union_offset": [
        48,
        18
      ],
      "output_bboxes": [
        [
          49,
          18,
          142,
          202
        ],
        [
          51,
          18,
          143,
          202
        ],
        [
          48,
          18,
          143,
          202
        ],
        [
          51,
          18,
          143,
          202
        ],
        [
          49,
          18,
          142,
          201
        ],
        [
          50,
          19,
          143,
          202
        ],
        [
          51,
          18,
          143,
          202
        ],
        [
          50,
          19,
          143,
          202
        ]
      ]
    },
    "waving": {
      "animation": "Interact",
      "normalization": "safe-max",
      "scale": 0.31413612565445026,
      "source_union_bbox": [
        225,
        56,
        554,
        636
      ],
      "target_union_size": [
        103,
        182
      ],
      "target_union_offset": [
        44,
        20
      ],
      "output_bboxes": [
        [
          56,
          20,
          147,
          202
        ],
        [
          44,
          21,
          143,
          202
        ],
        [
          44,
          21,
          141,
          202
        ],
        [
          54,
          20,
          147,
          202
        ]
      ]
    },
    "jumping": {
      "animation": "Relax",
      "normalization": "safe-max",
      "scale": 0.31413612565445026,
      "source_union_bbox": [
        267,
        41,
        557,
        636
      ],
      "target_union_size": [
        91,
        187
      ],
      "target_union_offset": [
        50,
        15
      ],
      "output_bboxes": [
        [
          50,
          18,
          141,
          202
        ],
        [
          50,
          15,
          141,
          202
        ],
        [
          50,
          15,
          141,
          199
        ],
        [
          50,
          16,
          141,
          202
        ],
        [
          50,
          18,
          141,
          202
        ]
      ]
    },
    "failed": {
      "animation": "Sleep",
      "normalization": "safe-max",
      "scale": 0.31413612565445026,
      "source_union_bbox": [
        98,
        405,
        671,
        664
      ],
      "target_union_size": [
        180,
        81
      ],
      "target_union_offset": [
        6,
        121
      ],
      "output_bboxes": [
        [
          6,
          121,
          186,
          202
        ],
        [
          6,
          121,
          186,
          202
        ],
        [
          6,
          122,
          186,
          202
        ],
        [
          6,
          121,
          186,
          202
        ],
        [
          6,
          121,
          186,
          202
        ],
        [
          6,
          121,
          186,
          202
        ],
        [
          6,
          122,
          186,
          202
        ],
        [
          6,
          121,
          186,
          202
        ]
      ]
    },
    "waiting": {
      "animation": "Sit",
      "normalization": "safe-max",
      "scale": 0.31413612565445026,
      "source_union_bbox": [
        276,
        236,
        567,
        783
      ],
      "target_union_size": [
        91,
        172
      ],
      "target_union_offset": [
        50,
        30
      ],
      "output_bboxes": [
        [
          50,
          31,
          141,
          202
        ],
        [
          50,
          31,
          141,
          202
        ],
        [
          50,
          30,
          141,
          202
        ],
        [
          50,
          30,
          141,
          202
        ],
        [
          50,
          30,
          141,
          202
        ],
        [
          50,
          30,
          141,
          202
        ]
      ]
    },
    "running": {
      "animation": "Interact",
      "normalization": "safe-max",
      "scale": 0.31413612565445026,
      "source_union_bbox": [
        220,
        56,
        562,
        636
      ],
      "target_union_size": [
        107,
        182
      ],
      "target_union_offset": [
        42,
        20
      ],
      "output_bboxes": [
        [
          56,
          20,
          149,
          202
        ],
        [
          56,
          21,
          149,
          202
        ],
        [
          43,
          20,
          142,
          202
        ],
        [
          42,
          21,
          140,
          202
        ],
        [
          42,
          21,
          140,
          202
        ],
        [
          54,
          20,
          147,
          202
        ]
      ]
    },
    "review": {
      "animation": "Relax",
      "normalization": "safe-max",
      "scale": 0.31413612565445026,
      "source_union_bbox": [
        267,
        55,
        557,
        636
      ],
      "target_union_size": [
        91,
        183
      ],
      "target_union_offset": [
        50,
        19
      ],