{
  "ok": true,
  "normalization": "safe-max",
  "margin": 6,
  "safe_max": {
    "scale": 0.3076923076923077,
    "max_state_union_width": 585,
    "max_state_union_height": 572,
    "available_width": 180,
    "available_height": 196,
    "source_canvas": [
      768,
      832
    ],
    "registration": "pet-wide scale with per-state union registration"
  },
  "states": {
    "idle": {
      "animation": "Relax",
      "normalization": "safe-max",
      "scale": 0.3076923076923077,
      "source_union_bbox": [
        154,
        66,
        530,
        621
      ],
      "target_union_size": [
        116,
        171
      ],
      "target_union_offset": [
        38,
        31
      ],
      "output_bboxes": [
        [
          68,
          31,
          154,
          202
        ],
        [
          39,
          31,
          154,
          202
        ],
        [
          49,
          31,
          154,
          202
        ],
        [
          66,
          31,
          154,
          202
        ],
        [
          38,
          32,
          154,
          202
        ],
        [
          39,
          31,
          154,
          202
        ]
      ]
    },
    "running-right": {
      "animation": "Move",
      "normalization": "safe-max",
      "scale": 0.3076923076923077,
      "source_union_bbox": [
        220,
        50,
        535,
        622
      ],
      "target_union_size": [
        97,
        176
      ],
      "target_union_offset": [
        47,
        26
      ],
      "output_bboxes": [
        [
          56,
          26,
          144,
          202
        ],
        [
          59,
          26,
          144,
          202
        ],
        [
          48,
          26,
          144,
          202
        ],
        [
          50,
          26,
          144,
          202
        ],
        [
          59,
          26,
          144,
          202
        ],
        [
          62,
          26,
          144,
          202
        ],
        [
          47,
          26,
          144,
          202
        ],
        [
          47,
          26,
          144,
          202
        ]
      ]
    },
    "running-left": {
      "animation": "Move",
      "normalization": "safe-max",
      "scale": 0.3076923076923077,
      "source_union_bbox": [
        233,
        50,
        548,
        622
      ],
      "target_union_size": [
        97,
        176
      ],
      "target_union_offset": [
        47,
        26
      ],
      "output_bboxes": [
        [
          47,
          26,
          135,
          202
        ],
        [
          47,
          26,
          132,
          202
        ],
        [
          47,
          26,
          143,
          202
        ],
        [
          47,
          26,
          141,
          202
        ],
        [
          47,
          26,
          132,
          202
        ],
        [
          47,
          26,
          129,
          202
        ],
        [
          47,
          26,
          144,
          202
        ],
        [
          47,
          26,
          144,
          202
        ]
      ]
    },
    "waving": {
      "animation": "Interact",
      "normalization": "safe-max",
      "scale": 0.3076923076923077,
      "source_union_bbox": [
        144,
        66,
        530,
        621
      ],
      "target_union_size": [
        119,
        171
      ],
      "target_union_offset": [
        36,
        31
      ],
      "output_bboxes": [
        [
          69,
          31,
          155,
          202
        ],
        [
          36,
          32,
          155,
          202
        ],
        [
          61,
          32,
          155,
          202
        ],
        [
          65,
          31,
          155,
          202
        ]
      ]
    },
    "jumping": {
      "animation": "Relax",
      "normalization": "safe-max",
      "scale": 0.3076923076923077,
      "source_union_bbox": [
        164,
        52,
        530,
        621
      ],
      "target_union_size": [
        113,
        175
      ],
      "target_union_offset": [
        39,
        27
      ],
      "output_bboxes": [
        [
          66,
          29,
          152,
          202
        ],
        [
          39,
          29,
          152,
          201
        ],
        [
          64,
          27,
          152,
          199
        ],
        [
          62,
          27,
          152,
          202
        ],
        [
          39,
          32,
          152,
          202
        ]
      ]
    },
    "failed": {
      "animation": "Sleep",
      "normalization": "safe-max",
      "scale": 0.3076923076923077,
      "source_union_bbox": [
        92,
        380,
        677,
        636
      ],
      "target_union_size": [
        180,
        79
      ],
      "target_union_offset": [
        6,
        123
      ],
      "output_bboxes": [
        [
          6,
          123,
          186,
          202
        ],
        [
          6,
          123,
          186,
          202
        ],
        [
          6,
          123,
          186,
          202
        ],
        [
          6,
          123,
          186,
          202
        ],
        [
          6,
          123,
          186,
          202
        ],
        [
          6,
          123,
          186,
          202
        ],
        [
          6,
          123,
          186,
          202
        ],
        [
          6,
          123,
          186,
          202
        ]
      ]
    },
    "waiting": {
      "animation": "Sit",
      "normalization": "safe-max",
      "scale": 0.3076923076923077,
      "source_union_bbox": [
        126,
        250,
        525,
        783
      ],
      "target_union_size": [
        123,
        164
      ],
      "target_union_offset": [
        34,
        38
      ],
      "output_bboxes": [
        [
          67,
          38,
          157,
          202
        ],
        [
          37,
          38,
          157,
          201
        ],
        [
          44,
          38,
          157,
          202
        ],
        [
          34,
          38,
          157,
          202
        ],
        [
          51,
          38,
          157,
          202
        ],
        [
          34,
          38,
          157,
          202
        ]
      ]
    },
    "running": {
      "animation": "Interact",
      "normalization": "safe-max",
      "scale": 0.3076923076923077,
      "source_union_bbox": [
        144,
        66,
        530,
        621
      ],
      "target_union_size": [
        119,
        171
      ],
      "target_union_offset": [
        36,
        31
      ],
      "output_bboxes": [
        [
          69,
          31,
          155,
          202
        ],
        [
          59,
          31,
          155,
          202
        ],
        [
          36,
          32,
          155,
          202
        ],
        [
          40,
          32,
          155,
          202
        ],
        [
          61,
          32,
          155,
          202
        ],
        [
          65,
          31,
          155,
          202
        ]
      ]
    },
    "review": {
      "animation": "Relax",
      "normalization": "safe-max",
      "scale": 0.3076923076923077,
      "source_union_bbox": [
        154,
        66,
        530,
        621
      ],
      "target_union_size": [
        116,
        171
      ],
      "target_union_offset": [
        38,
        31
      ],