{
  "ok": true,
  "normalization": "safe-max",
  "margin": 6,
  "safe_max": {
    "scale": 0.2803738317757009,
    "max_state_union_width": 642,
    "max_state_union_height": 611,
    "available_width": 180,
    "available_height": 196,
    "source_canvas": [
      768,
      832
    ],
    "registration": "pet-wide scale with per-state union registration"
  },
  "states": {
    "idle": {
      "animation": "Relax",
      "normalization": "safe-max",
      "scale": 0.2803738317757009,
      "source_union_bbox": [
        206,
        59,
        597,
        655
      ],
      "target_union_size": [
        110,
        167
      ],
      "target_union_offset": [
        41,
        35
      ],
      "output_bboxes": [
        [
          41,
          35,
          151,
          202
        ],
        [
          41,
          35,
          151,
          202
        ],
        [
          41,
          35,
          151,
          202
        ],
        [
          41,
          35,
          151,
          202
        ],
        [
          41,
          35,
          151,
          202
        ],
        [
          41,
          35,
          151,
          202
        ]
      ]
    },
    "running-right": {
      "animation": "Move",
      "normalization": "safe-max",
      "scale": 0.2803738317757009,
      "source_union_bbox": [
        208,
        50,
        606,
        660
      ],
      "target_union_size": [
        112,
        171
      ],
      "target_union_offset": [
        40,
        31
      ],
      "output_bboxes": [
        [
          40,
          31,
          152,
          202
        ],
        [
          40,
          31,
          152,
          202
        ],
        [
          40,
          31,
          152,
          202
        ],
        [
          40,
          31,
          152,
          202
        ],
        [
          40,
          31,
          152,
          202
        ],
        [
          40,
          31,
          152,
          202
        ],
        [
          40,
          31,
          152,
          202
        ],
        [
          40,
          31,
          152,
          202
        ]
      ]
    },
    "running-left": {
      "animation": "Move",
      "normalization": "safe-max",
      "scale": 0.2803738317757009,
      "source_union_bbox": [
        162,
        50,
        560,
        660
      ],
      "target_union_size": [
        112,
        171
      ],
      "target_union_offset": [
        40,
        31
      ],
      "output_bboxes": [
        [
          40,
          31,
          152,
          202
        ],
        [
          40,
          31,
          152,
          202
        ],
        [
          40,
          31,
          152,
          202
        ],
        [
          40,
          31,
          152,
          202
        ],
        [
          40,
          31,
          152,
          202
        ],
        [
          40,
          31,
          152,
          202
        ],
        [
          40,
          31,
          152,
          202
        ],
        [
          40,
          31,
          152,
          202
        ]
      ]
    },
    "waving": {
      "animation": "Interact",
      "normalization": "safe-max",
      "scale": 0.2803738317757009,
      "source_union_bbox": [
        163,
        59,
        597,
        655
      ],
      "target_union_size": [
        122,
        167
      ],
      "target_union_offset": [
        35,
        35
      ],
      "output_bboxes": [
        [
          45,
          35,
          157,
          202
        ],
        [
          35,
          37,
          149,
          202
        ],
        [
          35,
          37,
          146,
          202
        ],
        [
          42,
          35,
          155,
          202
        ]
      ]
    },
    "jumping": {
      "animation": "Relax",
      "normalization": "safe-max",
      "scale": 0.2803738317757009,
      "source_union_bbox": [
        207,
        44,
        597,
        655
      ],
      "target_union_size": [
        109,
        171
      ],
      "target_union_offset": [
        41,
        31
      ],
      "output_bboxes": [
        [
          41,
          33,
          150,
          202
        ],
        [
          41,
          31,
          150,
          202
        ],
        [
          41,
          31,
          150,
          200
        ],
        [
          41,
          31,
          150,
          202
        ],
        [
          41,
          33,
          150,
          202
        ]
      ]
    },
    "failed": {
      "animation": "Sleep",
      "normalization": "safe-max",
      "scale": 0.2803738317757009,
      "source_union_bbox": [
        63,
        422,
        705,
        684
      ],
      "target_union_size": [
        180,
        73
      ],
      "target_union_offset": [
        6,
        129
      ],
      "output_bboxes": [
        [
          6,
          129,
          186,
          202
        ],
        [
          6,
          129,
          186,
          202
        ],
        [
          6,
          129,
          186,
          202
        ],
        [
          6,
          129,
          186,
          202
        ],
        [
          6,
          129,
          186,
          202
        ],
        [
          6,
          129,
          186,
          202
        ],
        [
          6,
          129,
          186,
          202
        ],
        [
          6,
          129,
          186,
          202
        ]
      ]
    },
    "waiting": {
      "animation": "Sit",
      "normalization": "safe-max",
      "scale": 0.2803738317757009,
      "source_union_bbox": [
        219,
        262,
        612,
        782
      ],
      "target_union_size": [
        110,
        146
      ],
      "target_union_offset": [
        41,
        56
      ],
      "output_bboxes": [
        [
          41,
          56,
          151,
          202
        ],
        [
          41,
          56,
          151,
          202
        ],
        [
          41,
          56,
          151,
          202
        ],
        [
          41,
          56,
          151,
          202
        ],
        [
          41,
          56,
          151,
          202
        ],
        [
          41,
          56,
          151,
          202
        ]
      ]
    },
    "running": {
      "animation": "Interact",
      "normalization": "safe-max",
      "scale": 0.2803738317757009,
      "source_union_bbox": [
        163,
        59,
        607,
        655
      ],
      "target_union_size": [
        124,
        167
      ],
      "target_union_offset": [
        34,
        35
      ],
      "output_bboxes": [
        [
          44,
          35,
          157,
          202
        ],
        [
          39,
          38,
          158,
          202
        ],
        [
          34,
          37,
          147,
          202
        ],
        [
          34,
          37,
          139,
          202
        ],
        [
          34,
          37,
          144,
          202
        ],
        [
          41,
          35,
          153,
          202
        ]
      ]
    },
    "review": {
      "animation": "Relax",
      "normalization": "safe-max",
      "scale": 0.2803738317757009,
      "source_union_bbox": [
        206,
        59,
        597,
        655
      ],
      "target_union_size": [
        110,
        167
      ],
      "target_union_offset": [
        41,
        35
      ],