{
  "ok": true,
  "normalization": "safe-max",
  "margin": 6,
  "safe_max": {
    "scale": 0.3050847457627119,
    "max_state_union_width": 590,
    "max_state_union_height": 591,
    "available_width": 180,
    "available_height": 196,
    "source_canvas": [
      768,
      832
    ],
    "registration": "pet-wide scale with per-state union registration"
  },
  "states": {
    "idle": {
      "animation": "Relax",
      "normalization": "safe-max",
      "scale": 0.3050847457627119,
      "source_union_bbox": [
        246,
        53,
        602,
        629
      ],
      "target_union_size": [
        109,
        176
      ],
      "target_union_offset": [
        41,
        26
      ],
      "output_bboxes": [
        [
          41,
          26,
          146,
          202
        ],
        [
          41,
          26,
          144,
          202
        ],
        [
          41,
          26,
          149,
          202
        ],
        [
          41,
          26,
          150,
          202
        ],
        [
          41,
          26,
          145,
          202
        ],
        [
          41,
          26,
          150,
          202
        ]
      ]
    },
    "running-right": {
      "animation": "Move",
      "normalization": "safe-max",
      "scale": 0.3050847457627119,
      "source_union_bbox": [
        238,
        53,
        610,
        630
      ],
      "target_union_size": [
        113,
        176
      ],
      "target_union_offset": [
        39,
        26
      ],
      "output_bboxes": [
        [
          41,
          28,
          140,
          202
        ],
        [
          40,
          27,
          140,
          202
        ],
        [
          39,
          26,
          144,
          202
        ],
        [
          39,
          26,
          150,
          202
        ],
        [
          39,
          30,
          152,
          202
        ],
        [
          39,
          28,
          152,
          202
        ],
        [
          39,
          26,
          151,
          202
        ],
        [
          40,
          26,
          145,
          202
        ]
      ]
    },
    "running-left": {
      "animation": "Move",
      "normalization": "safe-max",
      "scale": 0.3050847457627119,
      "source_union_bbox": [
        158,
        53,
        530,
        630
      ],
      "target_union_size": [
        113,
        176
      ],
      "target_union_offset": [
        39,
        26
      ],
      "output_bboxes": [
        [
          51,
          28,
          150,
          202
        ],
        [
          51,
          27,
          151,
          202
        ],
        [
          47,
          26,
          152,
          202
        ],
        [
          41,
          26,
          152,
          202
        ],
        [
          39,
          30,
          152,
          202
        ],
        [
          39,
          28,
          152,
          202
        ],
        [
          40,
          26,
          152,
          202
        ],
        [
          46,
          26,
          151,
          202
        ]
      ]
    },
    "waving": {
      "animation": "Interact",
      "normalization": "safe-max",
      "scale": 0.3050847457627119,
      "source_union_bbox": [
        178,
        51,
        606,
        629
      ],
      "target_union_size": [
        131,
        176
      ],
      "target_union_offset": [
        30,
        26
      ],
      "output_bboxes": [
        [
          50,
          26,
          156,
          202
        ],
        [
          30,
          26,
          141,
          202
        ],
        [
          41,
          26,
          147,
          202
        ],
        [
          54,
          26,
          161,
          202
        ]
      ]
    },
    "jumping": {
      "animation": "Relax",
      "normalization": "safe-max",
      "scale": 0.3050847457627119,
      "source_union_bbox": [
        247,
        38,
        602,
        629
      ],
      "target_union_size": [
        108,
        180
      ],
      "target_union_offset": [
        42,
        22
      ],
      "output_bboxes": [
        [
          42,
          26,
          146,
          202
        ],
        [
          42,
          23,
          144,
          202
        ],
        [
          42,
          22,
          150,
          199
        ],
        [
          42,
          23,
          144,
          202
        ],
        [
          42,
          25,
          150,
          202
        ]
      ]
    },
    "failed": {
      "animation": "Sleep",
      "normalization": "safe-max",
      "scale": 0.3050847457627119,
      "source_union_bbox": [
        89,
        377,
        679,
        673
      ],
      "target_union_size": [
        180,
        90
      ],
      "target_union_offset": [
        6,
        112
      ],
      "output_bboxes": [
        [
          6,
          112,
          186,
          202
        ],
        [
          6,
          112,
          186,
          202
        ],
        [
          6,
          112,
          186,
          202
        ],
        [
          6,
          112,
          186,
          202
        ],
        [
          6,
          112,
          186,
          202
        ],
        [
          6,
          112,
          186,
          202
        ],
        [
          6,
          112,
          186,
          202
        ],
        [
          6,
          112,
          186,
          202
        ]
      ]
    },
    "waiting": {
      "animation": "Sit",
      "normalization": "safe-max",
      "scale": 0.3050847457627119,
      "source_union_bbox": [
        294,
        225,
        613,
        782
      ],
      "target_union_size": [
        97,
        170
      ],
      "target_union_offset": [
        47,
        32
      ],
      "output_bboxes": [
        [
          47,
          32,
          142,
          202
        ],
        [
          47,
          32,
          143,
          202
        ],
        [
          47,
          32,
          144,
          202
        ],
        [
          47,
          32,
          144,
          202
        ],
        [
          47,
          32,
          144,
          202
        ],
        [
          47,
          32,
          144,
          202
        ]
      ]
    },
    "running": {
      "animation": "Interact",
      "normalization": "safe-max",
      "scale": 0.3050847457627119,
      "source_union_bbox": [
        151,
        51,
        606,
        629
      ],
      "target_union_size": [
        139,
        176
      ],
      "target_union_offset": [
        26,
        26
      ],
      "output_bboxes": [
        [
          54,
          26,
          160,
          202
        ],
        [
          39,
          26,
          152,
          202
        ],
        [
          32,
          26,
          145,
          202
        ],
        [
          26,
          26,
          150,
          202
        ],
        [
          45,
          26,
          151,
          202
        ],
        [
          58,
          26,
          165,
          202
        ]
      ]
    },
    "review": {
      "animation": "Relax",
      "normalization": "safe-max",
      "scale": 0.3050847457627119,
      "source_union_bbox": [
        246,
        53,
        602,
        629
      ],
      "target_union_size": [
        109,
        176
      ],
      "target_union_offset": [
        41,
        26
      ],