{
  "ok": true,
  "normalization": "safe-max",
  "margin": 6,
  "safe_max": {
    "scale": 0.3157894736842105,
    "max_state_union_width": 570,
    "max_state_union_height": 474,
    "available_width": 180,
    "available_height": 196,
    "source_canvas": [
      768,
      832
    ],
    "registration": "pet-wide scale with per-state union registration"
  },
  "states": {
    "idle": {
      "animation": "Relax",
      "normalization": "safe-max",
      "scale": 0.3157894736842105,
      "source_union_bbox": [
        151,
        134,
        637,
        608
      ],
      "target_union_size": [
        153,
        150
      ],
      "target_union_offset": [
        19,
        52
      ],
      "output_bboxes": [
        [
          27,
          52,
          172,
          200
        ],
        [
          27,
          52,
          172,
          200
        ],
        [
          27,
          52,
          172,
          200
        ],
        [
          27,
          52,
          172,
          200
        ],
        [
          27,
          52,
          172,
          202
        ],
        [
          19,
          52,
          172,
          200
        ]
      ]
    },
    "running-right": {
      "animation": "Move",
      "normalization": "safe-max",
      "scale": 0.3157894736842105,
      "source_union_bbox": [
        165,
        125,
        722,
        593
      ],
      "target_union_size": [
        176,
        148
      ],
      "target_union_offset": [
        8,
        54
      ],
      "output_bboxes": [
        [
          16,
          54,
          171,
          202
        ],
        [
          16,
          54,
          182,
          202
        ],
        [
          8,
          54,
          184,
          202
        ],
        [
          8,
          54,
          184,
          202
        ],
        [
          8,
          54,
          174,
          202
        ],
        [
          12,
          54,
          162,
          202
        ],
        [
          16,
          54,
          157,
          202
        ],
        [
          16,
          54,
          160,
          202
        ]
      ]
    },
    "running-left": {
      "animation": "Move",
      "normalization": "safe-max",
      "scale": 0.3157894736842105,
      "source_union_bbox": [
        46,
        125,
        603,
        593
      ],
      "target_union_size": [
        176,
        148
      ],
      "target_union_offset": [
        8,
        54
      ],
      "output_bboxes": [
        [
          21,
          54,
          176,
          202
        ],
        [
          10,
          54,
          176,
          202
        ],
        [
          8,
          54,
          184,
          202
        ],
        [
          8,
          54,
          184,
          202
        ],
        [
          18,
          54,
          184,
          202
        ],
        [
          30,
          54,
          180,
          202
        ],
        [
          35,
          54,
          176,
          202
        ],
        [
          32,
          54,
          176,
          202
        ]
      ]
    },
    "waving": {
      "animation": "Interact",
      "normalization": "safe-max",
      "scale": 0.3157894736842105,
      "source_union_bbox": [
        140,
        126,
        710,
        593
      ],
      "target_union_size": [
        180,
        147
      ],
      "target_union_offset": [
        6,
        55
      ],
      "output_bboxes": [
        [
          17,
          55,
          165,
          202
        ],
        [
          13,
          55,
          163,
          202
        ],
        [
          6,
          63,
          150,
          202
        ],
        [
          10,
          55,
          186,
          202
        ]
      ]
    },
    "jumping": {
      "animation": "Relax",
      "normalization": "safe-max",
      "scale": 0.3157894736842105,
      "source_union_bbox": [
        151,
        122,
        637,
        593
      ],
      "target_union_size": [
        153,
        149
      ],
      "target_union_offset": [
        19,
        53
      ],
      "output_bboxes": [
        [
          27,
          54,
          172,
          202
        ],
        [
          27,
          53,
          172,
          202
        ],
        [
          27,
          53,
          172,
          199
        ],
        [
          27,
          53,
          172,
          202
        ],
        [
          19,
          55,
          172,
          202
        ]
      ]
    },
    "failed": {
      "animation": "Sleep",
      "normalization": "safe-max",
      "scale": 0.3157894736842105,
      "source_union_bbox": [
        46,
        342,
        575,
        605
      ],
      "target_union_size": [
        167,
        83
      ],
      "target_union_offset": [
        12,
        119
      ],
      "output_bboxes": [
        [
          12,
          119,
          169,
          202
        ],
        [
          12,
          119,
          164,
          202
        ],
        [
          12,
          119,
          165,
          202
        ],
        [
          13,
          119,
          170,
          202
        ],
        [
          12,
          119,
          179,
          202
        ],
        [
          12,
          119,
          170,
          202
        ],
        [
          12,
          119,
          168,
          202
        ],
        [
          13,
          119,
          176,
          202
        ]
      ]
    },
    "waiting": {
      "animation": "Sit",
      "normalization": "safe-max",
      "scale": 0.3157894736842105,
      "source_union_bbox": [
        182,
        261,
        653,
        707
      ],
      "target_union_size": [
        149,
        141
      ],
      "target_union_offset": [
        21,
        61
      ],
      "output_bboxes": [
        [
          21,
          61,
          170,
          202
        ],
        [
          21,
          61,
          170,
          202
        ],
        [
          22,
          61,
          170,
          202
        ],
        [
          21,
          61,
          170,
          202
        ],
        [
          22,
          61,
          170,
          202
        ],
        [
          21,
          61,
          170,
          202
        ]
      ]
    },
    "running": {
      "animation": "Interact",
      "normalization": "safe-max",
      "scale": 0.3157894736842105,
      "source_union_bbox": [
        140,
        126,
        710,
        593
      ],
      "target_union_size": [
        180,
        147
      ],
      "target_union_offset": [
        6,
        55
      ],
      "output_bboxes": [
        [
          17,
          55,
          165,
          202
        ],
        [
          9,
          55,
          172,
          202
        ],
        [
          13,
          55,
          163,
          202
        ],
        [
          10,
          56,
          156,
          202
        ],
        [
          6,
          63,
          150,
          202
        ],
        [
          10,
          55,
          186,
          202
        ]
      ]
    },
    "review": {
      "animation": "Relax",
      "normalization": "safe-max",
      "scale": 0.3157894736842105,
      "source_union_bbox": [
        151,
        134,
        637,
        608
      ],
      "target_union_size": [
        153,
        150
      ],
      "target_union_offset": [
        19,
        52
      ],