{
  "ok": true,
  "normalization": "safe-max",
  "margin": 6,
  "safe_max": {
    "scale": 0.32085561497326204,
    "max_state_union_width": 561,
    "max_state_union_height": 579,
    "available_width": 180,
    "available_height": 196,
    "source_canvas": [
      768,
      832
    ],
    "registration": "pet-wide scale with per-state union registration"
  },
  "states": {
    "idle": {
      "animation": "Relax",
      "normalization": "safe-max",
      "scale": 0.32085561497326204,
      "source_union_bbox": [
        138,
        50,
        546,
        616
      ],
      "target_union_size": [
        131,
        182
      ],
      "target_union_offset": [
        30,
        20
      ],
      "output_bboxes": [
        [
          31,
          21,
          161,
          202
        ],
        [
          30,
          20,
          161,
          202
        ],
        [
          30,
          20,
          161,
          202
        ],
        [
          30,
          20,
          161,
          202
        ],
        [
          30,
          20,
          161,
          202
        ],
        [
          30,
          20,
          161,
          202
        ]
      ]
    },
    "running-right": {
      "animation": "Move",
      "normalization": "safe-max",
      "scale": 0.32085561497326204,
      "source_union_bbox": [
        124,
        52,
        639,
        618
      ],
      "target_union_size": [
        165,
        182
      ],
      "target_union_offset": [
        13,
        20
      ],
      "output_bboxes": [
        [
          13,
          25,
          158,
          202
        ],
        [
          15,
          21,
          154,
          201
        ],
        [
          19,
          20,
          157,
          202
        ],
        [
          21,
          20,
          165,
          202
        ],
        [
          19,
          24,
          158,
          202
        ],
        [
          15,
          23,
          152,
          202
        ],
        [
          13,
          21,
          170,
          202
        ],
        [
          13,
          24,
          178,
          202
        ]
      ]
    },
    "running-left": {
      "animation": "Move",
      "normalization": "safe-max",
      "scale": 0.32085561497326204,
      "source_union_bbox": [
        129,
        52,
        644,
        618
      ],
      "target_union_size": [
        165,
        182
      ],
      "target_union_offset": [
        13,
        20
      ],
      "output_bboxes": [
        [
          33,
          25,
          178,
          202
        ],
        [
          37,
          21,
          176,
          201
        ],
        [
          34,
          20,
          172,
          202
        ],
        [
          26,
          20,
          170,
          202
        ],
        [
          33,
          24,
          172,
          202
        ],
        [
          39,
          23,
          176,
          202
        ],
        [
          21,
          21,
          178,
          202
        ],
        [
          13,
          24,
          178,
          202
        ]
      ]
    },
    "waving": {
      "animation": "Interact",
      "normalization": "safe-max",
      "scale": 0.32085561497326204,
      "source_union_bbox": [
        119,
        64,
        549,
        619
      ],
      "target_union_size": [
        138,
        178
      ],
      "target_union_offset": [
        27,
        24
      ],
      "output_bboxes": [
        [
          29,
          24,
          165,
          202
        ],
        [
          27,
          24,
          165,
          202
        ],
        [
          27,
          24,
          165,
          202
        ],
        [
          27,
          24,
          165,
          202
        ]
      ]
    },
    "jumping": {
      "animation": "Relax",
      "normalization": "safe-max",
      "scale": 0.32085561497326204,
      "source_union_bbox": [
        139,
        37,
        546,
        616
      ],
      "target_union_size": [
        131,
        186
      ],
      "target_union_offset": [
        30,
        16
      ],
      "output_bboxes": [
        [
          31,
          21,
          161,
          202
        ],
        [
          30,
          17,
          161,
          202
        ],
        [
          30,
          16,
          161,
          199
        ],
        [
          30,
          17,
          161,
          202
        ],
        [
          31,
          21,
          161,
          202
        ]
      ]
    },
    "failed": {
      "animation": "Sleep",
      "normalization": "safe-max",
      "scale": 0.32085561497326204,
      "source_union_bbox": [
        104,
        287,
        665,
        633
      ],
      "target_union_size": [
        180,
        111
      ],
      "target_union_offset": [
        6,
        91
      ],
      "output_bboxes": [
        [
          6,
          91,
          186,
          202
        ],
        [
          6,
          91,
          186,
          202
        ],
        [
          6,
          91,
          186,
          202
        ],
        [
          6,
          91,
          186,
          202
        ],
        [
          6,
          91,
          186,
          202
        ],
        [
          6,
          91,
          186,
          202
        ],
        [
          6,
          91,
          186,
          202
        ],
        [
          6,
          91,
          186,
          202
        ]
      ]
    },
    "waiting": {
      "animation": "Sit",
      "normalization": "safe-max",
      "scale": 0.32085561497326204,
      "source_union_bbox": [
        157,
        240,
        650,
        782
      ],
      "target_union_size": [
        158,
        174
      ],
      "target_union_offset": [
        17,
        28
      ],
      "output_bboxes": [
        [
          22,
          28,
          175,
          202
        ],
        [
          22,
          28,
          171,
          202
        ],
        [
          23,
          28,
          164,
          202
        ],
        [
          23,
          28,
          159,
          201
        ],
        [
          23,
          28,
          164,
          202
        ],
        [
          22,
          28,
          171,
          202
        ]
      ]
    },
    "running": {
      "animation": "Interact",
      "normalization": "safe-max",
      "scale": 0.32085561497326204,
      "source_union_bbox": [
        119,
        52,
        625,
        619
      ],
      "target_union_size": [
        162,
        182
      ],
      "target_union_offset": [
        15,
        20
      ],
      "output_bboxes": [
        [
          38,
          20,
          177,
          202
        ],
        [
          16,
          22,
          155,
          202
        ],
        [
          15,
          22,
          154,
          202
        ],
        [
          15,
          22,
          155,
          202
        ],
        [
          15,
          22,
          154,
          202
        ],
        [
          16,
          22,
          155,
          202
        ]
      ]
    },
    "review": {
      "animation": "Relax",
      "normalization": "safe-max",
      "scale": 0.32085561497326204,
      "source_union_bbox": [
        138,
        50,
        545,
        615
      ],
      "target_union_size": [
        131,
        181
      ],
      "target_union_offset": [
        30,
        21
      ],