{
  "ok": true,
  "normalization": "safe-max",
  "margin": 6,
  "safe_max": {
    "scale": 0.31088082901554404,
    "max_state_union_width": 579,
    "max_state_union_height": 586,
    "available_width": 180,
    "available_height": 196,
    "source_canvas": [
      768,
      832
    ],
    "registration": "pet-wide scale with per-state union registration"
  },
  "states": {
    "idle": {
      "animation": "Relax",
      "normalization": "safe-max",
      "scale": 0.31088082901554404,
      "source_union_bbox": [
        54,
        55,
        576,
        609
      ],
      "target_union_size": [
        162,
        172
      ],
      "target_union_offset": [
        15,
        30
      ],
      "output_bboxes": [
        [
          23,
          30,
          177,
          202
        ],
        [
          24,
          30,
          177,
          202
        ],
        [
          15,
          30,
          177,
          202
        ],
        [
          15,
          30,
          177,
          202
        ],
        [
          15,
          30,
          177,
          202
        ],
        [
          15,
          30,
          177,
          202
        ]
      ],
      "counter_mirror_regions": []
    },
    "running-right": {
      "animation": "Move",
      "normalization": "safe-max",
      "scale": 0.31088082901554404,
      "source_union_bbox": [
        53,
        50,
        578,
        612
      ],
      "target_union_size": [
        163,
        175
      ],
      "target_union_offset": [
        14,
        27
      ],
      "output_bboxes": [
        [
          22,
          27,
          177,
          202
        ],
        [
          20,
          27,
          177,
          202
        ],
        [
          14,
          27,
          177,
          201
        ],
        [
          24,
          27,
          177,
          202
        ],
        [
          15,
          27,
          177,
          202
        ],
        [
          17,
          27,
          177,
          202
        ],
        [
          25,
          27,
          177,
          201
        ],
        [
          14,
          27,
          177,
          202
        ]
      ],
      "counter_mirror_regions": []
    },
    "running-left": {
      "animation": "Move",
      "normalization": "safe-max",
      "scale": 0.31088082901554404,
      "source_union_bbox": [
        190,
        50,
        715,
        612
      ],
      "target_union_size": [
        163,
        175
      ],
      "target_union_offset": [
        14,
        27
      ],
      "output_bboxes": [
        [
          14,
          27,
          169,
          202
        ],
        [
          14,
          27,
          171,
          202
        ],
        [
          14,
          27,
          177,
          201
        ],
        [
          14,
          27,
          167,
          202
        ],
        [
          14,
          27,
          176,
          202
        ],
        [
          14,
          27,
          174,
          202
        ],
        [
          14,
          27,
          166,
          201
        ],
        [
          14,
          27,
          177,
          202
        ]
      ],
      "counter_mirror_regions": []
    },
    "waving": {
      "animation": "Interact",
      "normalization": "safe-max",
      "scale": 0.31088082901554404,
      "source_union_bbox": [
        52,
        55,
        631,
        609
      ],
      "target_union_size": [
        180,
        172
      ],
      "target_union_offset": [
        6,
        30
      ],
      "output_bboxes": [
        [
          14,
          30,
          171,
          202
        ],
        [
          6,
          30,
          186,
          202
        ],
        [
          15,
          30,
          185,
          202
        ],
        [
          6,
          30,
          171,
          202
        ]
      ],
      "counter_mirror_regions": []
    },
    "jumping": {
      "animation": "Relax",
      "normalization": "safe-max",
      "scale": 0.31088082901554404,
      "source_union_bbox": [
        54,
        41,
        576,
        609
      ],
      "target_union_size": [
        162,
        177
      ],
      "target_union_offset": [
        15,
        25
      ],
      "output_bboxes": [
        [
          23,
          27,
          177,
          202
        ],
        [
          24,
          25,
          177,
          202
        ],
        [
          15,
          25,
          177,
          199
        ],
        [
          24,
          25,
          177,
          202
        ],
        [
          15,
          28,
          177,
          202
        ]
      ],
      "counter_mirror_regions": []
    },
    "failed": {
      "animation": "Sleep",
      "normalization": "safe-max",
      "scale": 0.31088082901554404,
      "source_union_bbox": [
        141,
        174,
        716,
        633
      ],
      "target_union_size": [
        179,
        143
      ],
      "target_union_offset": [
        6,
        59
      ],
      "output_bboxes": [
        [
          7,
          59,
          185,
          202
        ],
        [
          16,
          59,
          185,
          202
        ],
        [
          13,
          59,
          185,
          202
        ],
        [
          6,
          59,
          185,
          202
        ],
        [
          7,
          59,
          185,
          202
        ],
        [
          16,
          59,
          185,
          202
        ],
        [
          13,
          59,
          185,
          202
        ],
        [
          6,
          59,
          185,
          202
        ]
      ],
      "counter_mirror_regions": []
    },
    "waiting": {
      "animation": "Sit",
      "normalization": "safe-max",
      "scale": 0.31088082901554404,
      "source_union_bbox": [
        119,
        196,
        640,
        782
      ],
      "target_union_size": [
        162,
        182
      ],
      "target_union_offset": [
        15,
        20
      ],
      "output_bboxes": [
        [
          20,
          20,
          177,
          202
        ],
        [
          21,
          20,
          177,
          202
        ],
        [
          15,
          20,
          177,
          202
        ],
        [
          20,
          20,
          177,
          202
        ],
        [
          15,
          20,
          177,
          202
        ],
        [
          15,
          20,
          177,
          202
        ]
      ],
      "counter_mirror_regions": []
    },
    "running": {
      "animation": "Interact",
      "normalization": "safe-max",
      "scale": 0.31088082901554404,
      "source_union_bbox": [
        52,
        53,
        631,
        609
      ],
      "target_union_size": [
        180,
        173
      ],
      "target_union_offset": [
        6,
        29
      ],
      "output_bboxes": [
        [
          14,
          29,
          171,
          202
        ],
        [
          17,
          29,
          186,
          202
        ],
        [
          6,
          29,
          186,
          202
        ],
        [
          6,
          29,
          186,
          202
        ],
        [
          15,
          29,
          185,
          202
        ],
        [
          6,
          29,
          171,
          202
        ]
      ],
      "counter_mirror_regions": []
    },
    "review": {
      "animation": "Relax",
      "normalization": "safe-max",
      "scale": 0.31088082901554404,
      "source_union_bbox": [
        54,
        55,
        576,
        609
      ],
      "target_union_size": [
        162,
        172
      ],
      "target_union_offset": [
        15,
        30
      ],