{
  "ok": true,
  "normalization": "safe-max",
  "margin": 6,
  "safe_max": {
    "scale": 0.29079159935379645,
    "max_state_union_width": 619,
    "max_state_union_height": 584,
    "available_width": 180,
    "available_height": 196,
    "source_canvas": [
      768,
      832
    ],
    "registration": "pet-wide scale with per-state union registration"
  },
  "states": {
    "idle": {
      "animation": "Relax",
      "normalization": "safe-max",
      "scale": 0.29079159935379645,
      "source_union_bbox": [
        252,
        50,
        571,
        626
      ],
      "target_union_size": [
        93,
        167
      ],
      "target_union_offset": [
        49,
        35
      ],
      "output_bboxes": [
        [
          49,
          35,
          142,
          202
        ],
        [
          52,
          35,
          142,
          202
        ],
        [
          53,
          35,
          142,
          202
        ],
        [
          51,
          36,
          142,
          202
        ],
        [
          49,
          35,
          142,
          202
        ],
        [
          51,
          36,
          142,
          202
        ]
      ]
    },
    "running-right": {
      "animation": "Move",
      "normalization": "safe-max",
      "scale": 0.29079159935379645,
      "source_union_bbox": [
        256,
        51,
        570,
        631
      ],
      "target_union_size": [
        91,
        169
      ],
      "target_union_offset": [
        50,
        33
      ],
      "output_bboxes": [
        [
          50,
          33,
          141,
          202
        ],
        [
          50,
          33,
          141,
          202
        ],
        [
          51,
          33,
          141,
          202
        ],
        [
          53,
          33,
          141,
          202
        ],
        [
          53,
          33,
          141,
          202
        ],
        [
          51,
          33,
          141,
          202
        ],
        [
          50,
          33,
          141,
          202
        ],
        [
          50,
          33,
          141,
          202
        ]
      ]
    },
    "running-left": {
      "animation": "Move",
      "normalization": "safe-max",
      "scale": 0.29079159935379645,
      "source_union_bbox": [
        198,
        51,
        512,
        631
      ],
      "target_union_size": [
        91,
        169
      ],
      "target_union_offset": [
        50,
        33
      ],
      "output_bboxes": [
        [
          50,
          33,
          141,
          202
        ],
        [
          50,
          33,
          141,
          202
        ],
        [
          50,
          33,
          140,
          202
        ],
        [
          50,
          33,
          138,
          202
        ],
        [
          50,
          33,
          138,
          202
        ],
        [
          50,
          33,
          140,
          202
        ],
        [
          50,
          33,
          141,
          202
        ],
        [
          50,
          33,
          141,
          202
        ]
      ]
    },
    "waving": {
      "animation": "Interact",
      "normalization": "safe-max",
      "scale": 0.29079159935379645,
      "source_union_bbox": [
        249,
        52,
        623,
        626
      ],
      "target_union_size": [
        109,
        167
      ],
      "target_union_offset": [
        41,
        35
      ],
      "output_bboxes": [
        [
          41,
          35,
          150,
          202
        ],
        [
          41,
          35,
          149,
          202
        ],
        [
          42,
          35,
          148,
          202
        ],
        [
          41,
          35,
          149,
          202
        ]
      ]
    },
    "jumping": {
      "animation": "Relax",
      "normalization": "safe-max",
      "scale": 0.29079159935379645,
      "source_union_bbox": [
        252,
        42,
        571,
        626
      ],
      "target_union_size": [
        93,
        170
      ],
      "target_union_offset": [
        49,
        32
      ],
      "output_bboxes": [
        [
          49,
          32,
          142,
          202
        ],
        [
          52,
          32,
          142,
          202
        ],
        [
          51,
          32,
          142,
          200
        ],
        [
          52,
          32,
          142,
          202
        ],
        [
          51,
          35,
          142,
          202
        ]
      ]
    },
    "failed": {
      "animation": "Sleep",
      "normalization": "safe-max",
      "scale": 0.29079159935379645,
      "source_union_bbox": [
        75,
        409,
        694,
        660
      ],
      "target_union_size": [
        180,
        73
      ],
      "target_union_offset": [
        6,
        129
      ],
      "output_bboxes": [
        [
          6,
          129,
          186,
          202
        ],
        [
          6,
          129,
          186,
          202
        ],
        [
          6,
          129,
          186,
          202
        ],
        [
          6,
          129,
          186,
          202
        ],
        [
          6,
          129,
          186,
          202
        ],
        [
          6,
          129,
          186,
          202
        ],
        [
          6,
          129,
          186,
          202
        ],
        [
          6,
          129,
          186,
          202
        ]
      ]
    },
    "waiting": {
      "animation": "Sit",
      "normalization": "safe-max",
      "scale": 0.29079159935379645,
      "source_union_bbox": [
        240,
        212,
        581,
        782
      ],
      "target_union_size": [
        99,
        166
      ],
      "target_union_offset": [
        46,
        36
      ],
      "output_bboxes": [
        [
          46,
          36,
          145,
          202
        ],
        [
          46,
          36,
          145,
          202
        ],
        [
          46,
          36,
          145,
          202
        ],
        [
          46,
          36,
          145,
          202
        ],
        [
          46,
          36,
          145,
          202
        ],
        [
          46,
          37,
          145,
          202
        ]
      ]
    },
    "running": {
      "animation": "Interact",
      "normalization": "safe-max",
      "scale": 0.29079159935379645,
      "source_union_bbox": [
        249,
        52,
        623,
        626
      ],
      "target_union_size": [
        109,
        167
      ],
      "target_union_offset": [
        41,
        35
      ],
      "output_bboxes": [
        [
          41,
          35,
          150,
          202
        ],
        [
          41,
          35,
          149,
          202
        ],
        [
          42,
          35,
          148,
          202
        ],
        [
          41,
          35,
          149,
          202
        ],
        [
          42,
          35,
          148,
          202
        ],
        [
          41,
          35,
          149,
          202
        ]
      ]
    },
    "review": {
      "animation": "Relax",
      "normalization": "safe-max",
      "scale": 0.29079159935379645,
      "source_union_bbox": [
        252,
        50,
        571,
        626
      ],
      "target_union_size": [
        93,
        167
      ],
      "target_union_offset": [
        49,
        35
      ],