{
  "ok": true,
  "normalization": "safe-max",
  "margin": 6,
  "safe_max": {
    "scale": 0.3228995057660626,
    "max_state_union_width": 546,
    "max_state_union_height": 607,
    "available_width": 180,
    "available_height": 196,
    "source_canvas": [
      768,
      832
    ],
    "registration": "pet-wide scale with per-state union registration"
  },
  "states": {
    "idle": {
      "animation": "Relax",
      "normalization": "safe-max",
      "scale": 0.3228995057660626,
      "source_union_bbox": [
        188,
        62,
        602,
        655
      ],
      "target_union_size": [
        134,
        191
      ],
      "target_union_offset": [
        29,
        11
      ],
      "output_bboxes": [
        [
          41,
          11,
          161,
          202
        ],
        [
          39,
          11,
          161,
          202
        ],
        [
          29,
          11,
          163,
          202
        ],
        [
          33,
          11,
          163,
          202
        ],
        [
          41,
          11,
          161,
          202
        ],
        [
          33,
          11,
          163,
          202
        ]
      ]
    },
    "running-right": {
      "animation": "Move",
      "normalization": "safe-max",
      "scale": 0.3228995057660626,
      "source_union_bbox": [
        160,
        50,
        583,
        656
      ],
      "target_union_size": [
        137,
        196
      ],
      "target_union_offset": [
        27,
        6
      ],
      "output_bboxes": [
        [
          47,
          6,
          164,
          202
        ],
        [
          55,
          6,
          159,
          202
        ],
        [
          49,
          6,
          155,
          201
        ],
        [
          40,
          6,
          160,
          202
        ],
        [
          29,
          6,
          163,
          202
        ],
        [
          27,
          7,
          160,
          202
        ],
        [
          31,
          6,
          157,
          202
        ],
        [
          46,
          6,
          157,
          202
        ]
      ]
    },
    "running-left": {
      "animation": "Move",
      "normalization": "safe-max",
      "scale": 0.3228995057660626,
      "source_union_bbox": [
        185,
        50,
        608,
        656
      ],
      "target_union_size": [
        137,
        196
      ],
      "target_union_offset": [
        27,
        6
      ],
      "output_bboxes": [
        [
          27,
          6,
          144,
          202
        ],
        [
          32,
          6,
          136,
          202
        ],
        [
          36,
          6,
          142,
          201
        ],
        [
          31,
          6,
          151,
          202
        ],
        [
          28,
          6,
          162,
          202
        ],
        [
          31,
          7,
          164,
          202
        ],
        [
          34,
          6,
          160,
          202
        ],
        [
          34,
          6,
          145,
          202
        ]
      ]
    },
    "waving": {
      "animation": "Interact",
      "normalization": "safe-max",
      "scale": 0.3228995057660626,
      "source_union_bbox": [
        125,
        62,
        650,
        656
      ],
      "target_union_size": [
        170,
        192
      ],
      "target_union_offset": [
        11,
        10
      ],
      "output_bboxes": [
        [
          44,
          10,
          164,
          202
        ],
        [
          11,
          15,
          179,
          202
        ],
        [
          24,
          10,
          181,
          202
        ],
        [
          43,
          10,
          163,
          202
        ]
      ]
    },
    "jumping": {
      "animation": "Relax",
      "normalization": "safe-max",
      "scale": 0.3228995057660626,
      "source_union_bbox": [
        209,
        48,
        596,
        655
      ],
      "target_union_size": [
        125,
        196
      ],
      "target_union_offset": [
        33,
        6
      ],
      "output_bboxes": [
        [
          38,
          8,
          158,
          202
        ],
        [
          36,
          6,
          158,
          202
        ],
        [
          33,
          6,
          158,
          199
        ],
        [
          36,
          6,
          158,
          202
        ],
        [
          33,
          9,
          158,
          202
        ]
      ]
    },
    "failed": {
      "animation": "Sleep",
      "normalization": "safe-max",
      "scale": 0.3228995057660626,
      "source_union_bbox": [
        96,
        414,
        634,
        690
      ],
      "target_union_size": [
        174,
        89
      ],
      "target_union_offset": [
        9,
        113
      ],
      "output_bboxes": [
        [
          9,
          113,
          183,
          202
        ],
        [
          9,
          113,
          183,
          202
        ],
        [
          9,
          113,
          183,
          202
        ],
        [
          9,
          113,
          183,
          202
        ],
        [
          9,
          113,
          183,
          202
        ],
        [
          9,
          113,
          183,
          202
        ],
        [
          9,
          113,
          183,
          202
        ],
        [
          9,
          113,
          183,
          202
        ]
      ]
    },
    "waiting": {
      "animation": "Sit",
      "normalization": "safe-max",
      "scale": 0.3228995057660626,
      "source_union_bbox": [
        189,
        258,
        606,
        782
      ],
      "target_union_size": [
        135,
        169
      ],
      "target_union_offset": [
        28,
        33
      ],
      "output_bboxes": [
        [
          31,
          33,
          163,
          202
        ],
        [
          28,
          33,
          163,
          202
        ],
        [
          28,
          33,
          163,
          202
        ],
        [
          31,
          33,
          163,
          202
        ],
        [
          28,
          33,
          163,
          202
        ],
        [
          34,
          33,
          163,
          202
        ]
      ]
    },
    "running": {
      "animation": "Interact",
      "normalization": "safe-max",
      "scale": 0.3228995057660626,
      "source_union_bbox": [
        125,
        62,
        671,
        656
      ],
      "target_union_size": [
        176,
        192
      ],
      "target_union_offset": [
        8,
        10
      ],
      "output_bboxes": [
        [
          40,
          10,
          160,
          202
        ],
        [
          11,
          10,
          152,
          202
        ],
        [
          8,
          15,
          175,
          202
        ],
        [
          16,
          12,
          184,
          202
        ],
        [
          22,
          10,
          179,
          202
        ],
        [
          40,
          10,
          160,
          202
        ]
      ]
    },
    "review": {
      "animation": "Relax",
      "normalization": "safe-max",
      "scale": 0.3228995057660626,
      "source_union_bbox": [
        188,
        62,
        602,
        655
      ],
      "target_union_size": [
        134,
        191
      ],
      "target_union_offset": [
        29,
        11
      ],