{
  "ok": true,
  "normalization": "safe-max",
  "margin": 6,
  "safe_max": {
    "scale": 0.2912621359223301,
    "max_state_union_width": 618,
    "max_state_union_height": 619,
    "available_width": 180,
    "available_height": 196,
    "source_canvas": [
      768,
      832
    ],
    "registration": "pet-wide scale with per-state union registration"
  },
  "states": {
    "idle": {
      "animation": "Relax",
      "normalization": "safe-max",
      "scale": 0.2912621359223301,
      "source_union_bbox": [
        190,
        50,
        592,
        657
      ],
      "target_union_size": [
        117,
        177
      ],
      "target_union_offset": [
        37,
        25
      ],
      "output_bboxes": [
        [
          38,
          25,
          153,
          202
        ],
        [
          37,
          25,
          154,
          202
        ],
        [
          37,
          25,
          154,
          202
        ],
        [
          41,
          25,
          154,
          202
        ],
        [
          37,
          25,
          154,
          202
        ],
        [
          37,
          25,
          154,
          202
        ]
      ]
    },
    "running-right": {
      "animation": "Move",
      "normalization": "safe-max",
      "scale": 0.2912621359223301,
      "source_union_bbox": [
        188,
        50,
        605,
        658
      ],
      "target_union_size": [
        121,
        177
      ],
      "target_union_offset": [
        35,
        25
      ],
      "output_bboxes": [
        [
          37,
          25,
          152,
          202
        ],
        [
          39,
          25,
          156,
          202
        ],
        [
          38,
          25,
          156,
          202
        ],
        [
          35,
          25,
          149,
          202
        ],
        [
          35,
          25,
          141,
          202
        ],
        [
          35,
          25,
          142,
          202
        ],
        [
          35,
          26,
          145,
          202
        ],
        [
          36,
          25,
          145,
          202
        ]
      ]
    },
    "running-left": {
      "animation": "Move",
      "normalization": "safe-max",
      "scale": 0.2912621359223301,
      "source_union_bbox": [
        163,
        50,
        580,
        658
      ],
      "target_union_size": [
        121,
        177
      ],
      "target_union_offset": [
        35,
        25
      ],
      "output_bboxes": [
        [
          39,
          25,
          154,
          202
        ],
        [
          35,
          25,
          152,
          202
        ],
        [
          35,
          25,
          153,
          202
        ],
        [
          42,
          25,
          156,
          202
        ],
        [
          50,
          25,
          156,
          202
        ],
        [
          49,
          25,
          156,
          202
        ],
        [
          46,
          26,
          156,
          202
        ],
        [
          46,
          25,
          155,
          202
        ]
      ]
    },
    "waving": {
      "animation": "Interact",
      "normalization": "safe-max",
      "scale": 0.2912621359223301,
      "source_union_bbox": [
        141,
        50,
        592,
        657
      ],
      "target_union_size": [
        131,
        177
      ],
      "target_union_offset": [
        30,
        25
      ],
      "output_bboxes": [
        [
          44,
          25,
          161,
          202
        ],
        [
          30,
          25,
          153,
          202
        ],
        [
          33,
          25,
          157,
          202
        ],
        [
          39,
          25,
          161,
          202
        ]
      ]
    },
    "jumping": {
      "animation": "Relax",
      "normalization": "safe-max",
      "scale": 0.2912621359223301,
      "source_union_bbox": [
        190,
        38,
        592,
        657
      ],
      "target_union_size": [
        117,
        180
      ],
      "target_union_offset": [
        37,
        22
      ],
      "output_bboxes": [
        [
          37,
          24,
          154,
          202
        ],
        [
          37,
          22,
          154,
          202
        ],
        [
          41,
          22,
          154,
          200
        ],
        [
          37,
          22,
          154,
          202
        ],
        [
          37,
          24,
          154,
          202
        ]
      ]
    },
    "failed": {
      "animation": "Sleep",
      "normalization": "safe-max",
      "scale": 0.2912621359223301,
      "source_union_bbox": [
        75,
        409,
        693,
        674
      ],
      "target_union_size": [
        180,
        77
      ],
      "target_union_offset": [
        6,
        125
      ],
      "output_bboxes": [
        [
          6,
          125,
          186,
          202
        ],
        [
          6,
          125,
          186,
          202
        ],
        [
          6,
          125,
          186,
          202
        ],
        [
          6,
          125,
          186,
          202
        ],
        [
          6,
          125,
          186,
          202
        ],
        [
          6,
          125,
          186,
          202
        ],
        [
          6,
          125,
          186,
          202
        ],
        [
          6,
          125,
          186,
          202
        ]
      ]
    },
    "waiting": {
      "animation": "Sit",
      "normalization": "safe-max",
      "scale": 0.2912621359223301,
      "source_union_bbox": [
        216,
        214,
        589,
        782
      ],
      "target_union_size": [
        109,
        165
      ],
      "target_union_offset": [
        41,
        37
      ],
      "output_bboxes": [
        [
          42,
          37,
          150,
          202
        ],
        [
          41,
          37,
          150,
          202
        ],
        [
          41,
          37,
          148,
          202
        ],
        [
          42,
          37,
          150,
          202
        ],
        [
          41,
          37,
          148,
          202
        ],
        [
          41,
          37,
          150,
          202
        ]
      ]
    },
    "running": {
      "animation": "Interact",
      "normalization": "safe-max",
      "scale": 0.2912621359223301,
      "source_union_bbox": [
        137,
        50,
        617,
        657
      ],
      "target_union_size": [
        140,
        177
      ],
      "target_union_offset": [
        26,
        25
      ],
      "output_bboxes": [
        [
          42,
          25,
          161,
          202
        ],
        [
          45,
          31,
          166,
          202
        ],
        [
          26,
          25,
          151,
          202
        ],
        [
          26,
          25,
          154,
          202
        ],
        [
          30,
          25,
          155,
          202
        ],
        [
          36,
          25,
          161,
          202
        ]
      ]
    },
    "review": {
      "animation": "Relax",
      "normalization": "safe-max",
      "scale": 0.2912621359223301,
      "source_union_bbox": [
        190,
        50,
        582,
        657
      ],
      "target_union_size": [
        114,
        177
      ],
      "target_union_offset": [
        39,
        25
      ],