{
  "ok": true,
  "normalization": "safe-max",
  "margin": 6,
  "safe_max": {
    "scale": 0.30201342281879195,
    "max_state_union_width": 596,
    "max_state_union_height": 599,
    "available_width": 180,
    "available_height": 196,
    "source_canvas": [
      768,
      832
    ],
    "registration": "pet-wide scale with per-state union registration"
  },
  "states": {
    "idle": {
      "animation": "Relax",
      "normalization": "safe-max",
      "scale": 0.30201342281879195,
      "source_union_bbox": [
        205,
        50,
        540,
        634
      ],
      "target_union_size": [
        101,
        176
      ],
      "target_union_offset": [
        45,
        26
      ],
      "output_bboxes": [
        [
          47,
          26,
          146,
          202
        ],
        [
          47,
          26,
          146,
          202
        ],
        [
          55,
          26,
          146,
          202
        ],
        [
          45,
          26,
          146,
          202
        ],
        [
          52,
          27,
          146,
          202
        ],
        [
          53,
          26,
          146,
          202
        ]
      ]
    },
    "running-right": {
      "animation": "Move",
      "normalization": "safe-max",
      "scale": 0.30201342281879195,
      "source_union_bbox": [
        220,
        57,
        563,
        634
      ],
      "target_union_size": [
        104,
        174
      ],
      "target_union_offset": [
        44,
        28
      ],
      "output_bboxes": [
        [
          44,
          28,
          148,
          202
        ],
        [
          48,
          28,
          143,
          202
        ],
        [
          49,
          29,
          145,
          202
        ],
        [
          45,
          28,
          148,
          202
        ],
        [
          44,
          28,
          148,
          202
        ],
        [
          48,
          28,
          144,
          201
        ],
        [
          51,
          28,
          145,
          202
        ],
        [
          44,
          28,
          148,
          202
        ]
      ]
    },
    "running-left": {
      "animation": "Move",
      "normalization": "safe-max",
      "scale": 0.30201342281879195,
      "source_union_bbox": [
        205,
        57,
        548,
        634
      ],
      "target_union_size": [
        104,
        174
      ],
      "target_union_offset": [
        44,
        28
      ],
      "output_bboxes": [
        [
          44,
          28,
          148,
          202
        ],
        [
          49,
          28,
          144,
          202
        ],
        [
          47,
          29,
          143,
          202
        ],
        [
          44,
          28,
          147,
          202
        ],
        [
          44,
          28,
          148,
          202
        ],
        [
          48,
          28,
          144,
          201
        ],
        [
          47,
          28,
          141,
          202
        ],
        [
          44,
          28,
          148,
          202
        ]
      ]
    },
    "waving": {
      "animation": "Interact",
      "normalization": "safe-max",
      "scale": 0.30201342281879195,
      "source_union_bbox": [
        114,
        50,
        538,
        635
      ],
      "target_union_size": [
        128,
        177
      ],
      "target_union_offset": [
        32,
        25
      ],
      "output_bboxes": [
        [
          61,
          25,
          160,
          202
        ],
        [
          36,
          31,
          140,
          202
        ],
        [
          32,
          31,
          140,
          202
        ],
        [
          47,
          28,
          145,
          202
        ]
      ]
    },
    "jumping": {
      "animation": "Relax",
      "normalization": "safe-max",
      "scale": 0.30201342281879195,
      "source_union_bbox": [
        205,
        35,
        540,
        634
      ],
      "target_union_size": [
        101,
        181
      ],
      "target_union_offset": [
        45,
        21
      ],
      "output_bboxes": [
        [
          47,
          23,
          146,
          202
        ],
        [
          47,
          23,
          146,
          202
        ],
        [
          45,
          21,
          146,
          199
        ],
        [
          52,
          22,
          146,
          202
        ],
        [
          53,
          26,
          146,
          202
        ]
      ]
    },
    "failed": {
      "animation": "Sleep",
      "normalization": "safe-max",
      "scale": 0.30201342281879195,
      "source_union_bbox": [
        86,
        405,
        682,
        670
      ],
      "target_union_size": [
        180,
        80
      ],
      "target_union_offset": [
        6,
        122
      ],
      "output_bboxes": [
        [
          6,
          122,
          186,
          202
        ],
        [
          6,
          122,
          186,
          202
        ],
        [
          6,
          122,
          186,
          202
        ],
        [
          6,
          122,
          186,
          202
        ],
        [
          6,
          122,
          186,
          202
        ],
        [
          6,
          122,
          186,
          202
        ],
        [
          6,
          122,
          186,
          202
        ],
        [
          6,
          122,
          186,
          202
        ]
      ]
    },
    "waiting": {
      "animation": "Sit",
      "normalization": "safe-max",
      "scale": 0.30201342281879195,
      "source_union_bbox": [
        217,
        228,
        555,
        782
      ],
      "target_union_size": [
        102,
        167
      ],
      "target_union_offset": [
        45,
        35
      ],
      "output_bboxes": [
        [
          45,
          35,
          147,
          202
        ],
        [
          51,
          35,
          147,
          202
        ],
        [
          45,
          35,
          147,
          202
        ],
        [
          45,
          35,
          147,
          202
        ],
        [
          45,
          35,
          147,
          202
        ],
        [
          51,
          35,
          147,
          202
        ]
      ]
    },
    "running": {
      "animation": "Interact",
      "normalization": "safe-max",
      "scale": 0.30201342281879195,
      "source_union_bbox": [
        114,
        50,
        538,
        635
      ],
      "target_union_size": [
        128,
        177
      ],
      "target_union_offset": [
        32,
        25
      ],
      "output_bboxes": [
        [
          61,
          25,
          160,
          202
        ],
        [
          37,
          30,
          144,
          202
        ],
        [
          36,
          31,
          140,
          202
        ],
        [
          32,
          28,
          140,
          202
        ],
        [
          32,
          31,
          140,
          202
        ],
        [
          47,
          28,
          145,
          202
        ]
      ]
    },
    "review": {
      "animation": "Relax",
      "normalization": "safe-max",
      "scale": 0.30201342281879195,
      "source_union_bbox": [
        218,
        50,
        540,
        634
      ],
      "target_union_size": [
        97,
        176
      ],
      "target_union_offset": [
        47,
        26
      ],