{
  "ok": true,
  "normalization": "safe-max",
  "margin": 6,
  "safe_max": {
    "scale": 0.3076923076923077,
    "max_state_union_width": 585,
    "max_state_union_height": 585,
    "available_width": 180,
    "available_height": 196,
    "source_canvas": [
      768,
      832
    ],
    "registration": "pet-wide scale with per-state union registration"
  },
  "states": {
    "idle": {
      "animation": "Relax",
      "normalization": "safe-max",
      "scale": 0.3076923076923077,
      "source_union_bbox": [
        257,
        53,
        568,
        627
      ],
      "target_union_size": [
        96,
        177
      ],
      "target_union_offset": [
        48,
        25
      ],
      "output_bboxes": [
        [
          52,
          25,
          138,
          202
        ],
        [
          58,
          25,
          144,
          202
        ],
        [
          58,
          25,
          144,
          202
        ],
        [
          59,
          25,
          139,
          202
        ],
        [
          51,
          25,
          140,
          202
        ],
        [
          48,
          25,
          138,
          202
        ]
      ]
    },
    "running-right": {
      "animation": "Move",
      "normalization": "safe-max",
      "scale": 0.3076923076923077,
      "source_union_bbox": [
        226,
        58,
        594,
        629
      ],
      "target_union_size": [
        113,
        176
      ],
      "target_union_offset": [
        39,
        26
      ],
      "output_bboxes": [
        [
          51,
          26,
          152,
          202
        ],
        [
          48,
          26,
          146,
          202
        ],
        [
          46,
          26,
          146,
          202
        ],
        [
          46,
          26,
          146,
          202
        ],
        [
          43,
          26,
          149,
          202
        ],
        [
          39,
          26,
          144,
          202
        ],
        [
          39,
          26,
          146,
          202
        ],
        [
          44,
          26,
          148,
          202
        ]
      ]
    },
    "running-left": {
      "animation": "Move",
      "normalization": "safe-max",
      "scale": 0.3076923076923077,
      "source_union_bbox": [
        174,
        58,
        542,
        629
      ],
      "target_union_size": [
        113,
        176
      ],
      "target_union_offset": [
        39,
        26
      ],
      "output_bboxes": [
        [
          39,
          26,
          140,
          202
        ],
        [
          45,
          26,
          143,
          202
        ],
        [
          45,
          26,
          145,
          202
        ],
        [
          45,
          26,
          145,
          202
        ],
        [
          42,
          26,
          148,
          202
        ],
        [
          47,
          26,
          152,
          202
        ],
        [
          45,
          26,
          152,
          202
        ],
        [
          43,
          26,
          147,
          202
        ]
      ]
    },
    "waving": {
      "animation": "Interact",
      "normalization": "safe-max",
      "scale": 0.3076923076923077,
      "source_union_bbox": [
        132,
        50,
        541,
        629
      ],
      "target_union_size": [
        126,
        178
      ],
      "target_union_offset": [
        33,
        24
      ],
      "output_bboxes": [
        [
          75,
          24,
          159,
          202
        ],
        [
          65,
          24,
          159,
          202
        ],
        [
          33,
          26,
          141,
          202
        ],
        [
          67,
          24,
          159,
          202
        ]
      ]
    },
    "jumping": {
      "animation": "Relax",
      "normalization": "safe-max",
      "scale": 0.3076923076923077,
      "source_union_bbox": [
        255,
        42,
        568,
        627
      ],
      "target_union_size": [
        96,
        180
      ],
      "target_union_offset": [
        48,
        22
      ],
      "output_bboxes": [
        [
          52,
          23,
          138,
          202
        ],
        [
          58,
          22,
          144,
          202
        ],
        [
          59,
          22,
          139,
          200
        ],
        [
          48,
          22,
          139,
          202
        ],
        [
          48,
          23,
          138,
          202
        ]
      ]
    },
    "failed": {
      "animation": "Sleep",
      "normalization": "safe-max",
      "scale": 0.3076923076923077,
      "source_union_bbox": [
        91,
        406,
        676,
        640
      ],
      "target_union_size": [
        180,
        72
      ],
      "target_union_offset": [
        6,
        130
      ],
      "output_bboxes": [
        [
          6,
          130,
          186,
          202
        ],
        [
          6,
          130,
          186,
          202
        ],
        [
          6,
          130,
          186,
          202
        ],
        [
          6,
          130,
          186,
          202
        ],
        [
          6,
          130,
          186,
          202
        ],
        [
          6,
          130,
          186,
          202
        ],
        [
          6,
          130,
          186,
          202
        ],
        [
          6,
          130,
          186,
          202
        ]
      ]
    },
    "waiting": {
      "animation": "Sit",
      "normalization": "safe-max",
      "scale": 0.3076923076923077,
      "source_union_bbox": [
        285,
        249,
        573,
        782
      ],
      "target_union_size": [
        89,
        164
      ],
      "target_union_offset": [
        51,
        38
      ],
      "output_bboxes": [
        [
          51,
          38,
          136,
          202
        ],
        [
          51,
          38,
          133,
          202
        ],
        [
          51,
          38,
          139,
          202
        ],
        [
          51,
          38,
          136,
          202
        ],
        [
          51,
          38,
          139,
          202
        ],
        [
          51,
          38,
          140,
          202
        ]
      ]
    },
    "running": {
      "animation": "Interact",
      "normalization": "safe-max",
      "scale": 0.3076923076923077,
      "source_union_bbox": [
        132,
        50,
        563,
        629
      ],
      "target_union_size": [
        133,
        178
      ],
      "target_union_offset": [
        29,
        24
      ],
      "output_bboxes": [
        [
          71,
          24,
          157,
          202
        ],
        [
          74,
          25,
          162,
          202
        ],
        [
          61,
          24,
          157,
          202
        ],
        [
          42,
          26,
          144,
          202
        ],
        [
          29,
          26,
          137,
          202
        ],
        [
          63,
          24,
          155,
          202
        ]
      ]
    },
    "review": {
      "animation": "Relax",
      "normalization": "safe-max",
      "scale": 0.3076923076923077,
      "source_union_bbox": [
        255,
        53,
        568,
        627
      ],
      "target_union_size": [
        96,
        177
      ],
      "target_union_offset": [
        48,
        25
      ],