{
  "ok": true,
  "normalization": "safe-max",
  "margin": 6,
  "safe_max": {
    "scale": 0.2931596091205212,
    "max_state_union_width": 614,
    "max_state_union_height": 564,
    "available_width": 180,
    "available_height": 196,
    "source_canvas": [
      768,
      832
    ],
    "registration": "pet-wide scale with per-state union registration"
  },
  "states": {
    "idle": {
      "animation": "Relax",
      "normalization": "safe-max",
      "scale": 0.2931596091205212,
      "source_union_bbox": [
        234,
        50,
        552,
        601
      ],
      "target_union_size": [
        93,
        162
      ],
      "target_union_offset": [
        49,
        40
      ],
      "output_bboxes": [
        [
          49,
          40,
          142,
          202
        ],
        [
          49,
          40,
          140,
          202
        ],
        [
          49,
          40,
          142,
          202
        ],
        [
          49,
          40,
          142,
          202
        ],
        [
          49,
          40,
          142,
          202
        ],
        [
          49,
          40,
          142,
          202
        ]
      ]
    },
    "running-right": {
      "animation": "Move",
      "normalization": "safe-max",
      "scale": 0.2931596091205212,
      "source_union_bbox": [
        212,
        59,
        577,
        604
      ],
      "target_union_size": [
        107,
        160
      ],
      "target_union_offset": [
        42,
        42
      ],
      "output_bboxes": [
        [
          42,
          42,
          149,
          202
        ],
        [
          42,
          42,
          145,
          202
        ],
        [
          42,
          42,
          149,
          202
        ],
        [
          42,
          42,
          149,
          202
        ],
        [
          42,
          42,
          147,
          202
        ],
        [
          42,
          42,
          143,
          202
        ],
        [
          42,
          42,
          148,
          202
        ],
        [
          42,
          42,
          149,
          202
        ]
      ]
    },
    "running-left": {
      "animation": "Move",
      "normalization": "safe-max",
      "scale": 0.2931596091205212,
      "source_union_bbox": [
        191,
        59,
        556,
        604
      ],
      "target_union_size": [
        107,
        160
      ],
      "target_union_offset": [
        42,
        42
      ],
      "output_bboxes": [
        [
          42,
          42,
          149,
          202
        ],
        [
          46,
          42,
          149,
          202
        ],
        [
          42,
          42,
          149,
          202
        ],
        [
          42,
          42,
          149,
          202
        ],
        [
          44,
          42,
          149,
          202
        ],
        [
          48,
          42,
          149,
          202
        ],
        [
          43,
          42,
          149,
          202
        ],
        [
          42,
          42,
          149,
          202
        ]
      ]
    },
    "waving": {
      "animation": "Interact",
      "normalization": "safe-max",
      "scale": 0.2931596091205212,
      "source_union_bbox": [
        173,
        52,
        546,
        601
      ],
      "target_union_size": [
        109,
        161
      ],
      "target_union_offset": [
        41,
        41
      ],
      "output_bboxes": [
        [
          58,
          41,
          150,
          202
        ],
        [
          41,
          42,
          149,
          202
        ],
        [
          41,
          42,
          147,
          202
        ],
        [
          55,
          41,
          150,
          202
        ]
      ]
    },
    "jumping": {
      "animation": "Relax",
      "normalization": "safe-max",
      "scale": 0.2931596091205212,
      "source_union_bbox": [
        234,
        37,
        552,
        601
      ],
      "target_union_size": [
        93,
        165
      ],
      "target_union_offset": [
        49,
        37
      ],
      "output_bboxes": [
        [
          49,
          39,
          142,
          202
        ],
        [
          49,
          37,
          140,
          202
        ],
        [
          49,
          37,
          142,
          200
        ],
        [
          50,
          38,
          142,
          202
        ],
        [
          49,
          40,
          142,
          202
        ]
      ]
    },
    "failed": {
      "animation": "Sleep",
      "normalization": "safe-max",
      "scale": 0.2931596091205212,
      "source_union_bbox": [
        77,
        333,
        691,
        630
      ],
      "target_union_size": [
        180,
        87
      ],
      "target_union_offset": [
        6,
        115
      ],
      "output_bboxes": [
        [
          6,
          115,
          186,
          202
        ],
        [
          6,
          115,
          186,
          202
        ],
        [
          6,
          115,
          186,
          202
        ],
        [
          6,
          115,
          186,
          202
        ],
        [
          6,
          115,
          186,
          202
        ],
        [
          6,
          115,
          186,
          202
        ],
        [
          6,
          115,
          186,
          202
        ],
        [
          6,
          115,
          186,
          202
        ]
      ]
    },
    "waiting": {
      "animation": "Sit",
      "normalization": "safe-max",
      "scale": 0.2931596091205212,
      "source_union_bbox": [
        253,
        229,
        583,
        782
      ],
      "target_union_size": [
        97,
        162
      ],
      "target_union_offset": [
        47,
        40
      ],
      "output_bboxes": [
        [
          47,
          40,
          144,
          202
        ],
        [
          47,
          40,
          144,
          202
        ],
        [
          47,
          40,
          144,
          202
        ],
        [
          47,
          40,
          144,
          202
        ],
        [
          47,
          40,
          144,
          202
        ],
        [
          47,
          40,
          144,
          202
        ]
      ]
    },
    "running": {
      "animation": "Interact",
      "normalization": "safe-max",
      "scale": 0.2931596091205212,
      "source_union_bbox": [
        149,
        50,
        575,
        601
      ],
      "target_union_size": [
        125,
        162
      ],
      "target_union_offset": [
        33,
        40
      ],
      "output_bboxes": [
        [
          57,
          40,
          152,
          202
        ],
        [
          50,
          40,
          158,
          202
        ],
        [
          38,
          42,
          149,
          202
        ],
        [
          33,
          44,
          147,
          202
        ],
        [
          38,
          42,
          147,
          202
        ],
        [
          54,
          40,
          150,
          202
        ]
      ]
    },
    "review": {
      "animation": "Relax",
      "normalization": "safe-max",
      "scale": 0.2931596091205212,
      "source_union_bbox": [
        234,
        50,
        552,
        601
      ],
      "target_union_size": [
        93,
        162
      ],
      "target_union_offset": [
        49,
        40
      ],