{
  "ok": true,
  "normalization": "safe-max",
  "margin": 6,
  "safe_max": {
    "scale": 0.3130434782608696,
    "max_state_union_width": 575,
    "max_state_union_height": 580,
    "available_width": 180,
    "available_height": 196,
    "source_canvas": [
      768,
      832
    ],
    "registration": "pet-wide scale with per-state union registration"
  },
  "states": {
    "idle": {
      "animation": "Relax",
      "normalization": "safe-max",
      "scale": 0.3130434782608696,
      "source_union_bbox": [
        228,
        56,
        599,
        620
      ],
      "target_union_size": [
        116,
        177
      ],
      "target_union_offset": [
        38,
        25
      ],
      "output_bboxes": [
        [
          44,
          25,
          154,
          202
        ],
        [
          38,
          25,
          138,
          202
        ],
        [
          44,
          25,
          154,
          202
        ],
        [
          38,
          25,
          138,
          202
        ],
        [
          44,
          25,
          154,
          202
        ],
        [
          38,
          25,
          136,
          202
        ]
      ]
    },
    "running-right": {
      "animation": "Move",
      "normalization": "safe-max",
      "scale": 0.3130434782608696,
      "source_union_bbox": [
        164,
        50,
        622,
        628
      ],
      "target_union_size": [
        143,
        181
      ],
      "target_union_offset": [
        24,
        21
      ],
      "output_bboxes": [
        [
          32,
          21,
          161,
          202
        ],
        [
          50,
          21,
          143,
          201
        ],
        [
          51,
          21,
          152,
          201
        ],
        [
          51,
          21,
          161,
          201
        ],
        [
          50,
          21,
          148,
          202
        ],
        [
          46,
          21,
          143,
          202
        ],
        [
          27,
          21,
          148,
          202
        ],
        [
          24,
          21,
          167,
          202
        ]
      ]
    },
    "running-left": {
      "animation": "Move",
      "normalization": "safe-max",
      "scale": 0.3130434782608696,
      "source_union_bbox": [
        146,
        50,
        604,
        628
      ],
      "target_union_size": [
        143,
        181
      ],
      "target_union_offset": [
        24,
        21
      ],
      "output_bboxes": [
        [
          30,
          21,
          159,
          202
        ],
        [
          48,
          21,
          141,
          201
        ],
        [
          39,
          21,
          140,
          201
        ],
        [
          30,
          21,
          140,
          201
        ],
        [
          43,
          21,
          141,
          202
        ],
        [
          48,
          21,
          145,
          202
        ],
        [
          43,
          21,
          164,
          202
        ],
        [
          24,
          21,
          167,
          202
        ]
      ]
    },
    "waving": {
      "animation": "Interact",
      "normalization": "safe-max",
      "scale": 0.3130434782608696,
      "source_union_bbox": [
        91,
        56,
        536,
        621
      ],
      "target_union_size": [
        139,
        177
      ],
      "target_union_offset": [
        26,
        25
      ],
      "output_bboxes": [
        [
          75,
          25,
          165,
          201
        ],
        [
          26,
          34,
          154,
          202
        ],
        [
          45,
          33,
          154,
          202
        ],
        [
          47,
          29,
          154,
          201
        ]
      ]
    },
    "jumping": {
      "animation": "Relax",
      "normalization": "safe-max",
      "scale": 0.3130434782608696,
      "source_union_bbox": [
        228,
        40,
        599,
        620
      ],
      "target_union_size": [
        116,
        182
      ],
      "target_union_offset": [
        38,
        20
      ],
      "output_bboxes": [
        [
          44,
          23,
          154,
          202
        ],
        [
          38,
          20,
          138,
          201
        ],
        [
          38,
          20,
          138,
          199
        ],
        [
          38,
          20,
          140,
          201
        ],
        [
          38,
          23,
          136,
          202
        ]
      ]
    },
    "failed": {
      "animation": "Sleep",
      "normalization": "safe-max",
      "scale": 0.3130434782608696,
      "source_union_bbox": [
        102,
        372,
        677,
        656
      ],
      "target_union_size": [
        180,
        89
      ],
      "target_union_offset": [
        6,
        113
      ],
      "output_bboxes": [
        [
          6,
          114,
          186,
          202
        ],
        [
          6,
          113,
          186,
          202
        ],
        [
          6,
          113,
          186,
          202
        ],
        [
          6,
          113,
          186,
          202
        ],
        [
          6,
          113,
          186,
          202
        ],
        [
          6,
          113,
          186,
          202
        ],
        [
          6,
          113,
          186,
          202
        ],
        [
          6,
          113,
          186,
          202
        ]
      ]
    },
    "waiting": {
      "animation": "Sit",
      "normalization": "safe-max",
      "scale": 0.3130434782608696,
      "source_union_bbox": [
        263,
        234,
        577,
        782
      ],
      "target_union_size": [
        98,
        172
      ],
      "target_union_offset": [
        47,
        30
      ],
      "output_bboxes": [
        [
          47,
          30,
          145,
          202
        ],
        [
          47,
          30,
          142,
          202
        ],
        [
          47,
          30,
          138,
          202
        ],
        [
          47,
          30,
          145,
          202
        ],
        [
          47,
          30,
          139,
          202
        ],
        [
          47,
          30,
          141,
          202
        ]
      ]
    },
    "running": {
      "animation": "Interact",
      "normalization": "safe-max",
      "scale": 0.3130434782608696,
      "source_union_bbox": [
        91,
        56,
        536,
        621
      ],
      "target_union_size": [
        139,
        177
      ],
      "target_union_offset": [
        26,
        25
      ],
      "output_bboxes": [
        [
          75,
          25,
          165,
          201
        ],
        [
          41,
          31,
          156,
          202
        ],
        [
          26,
          34,
          154,
          202
        ],
        [
          29,
          34,
          154,
          202
        ],
        [
          45,
          33,
          154,
          202
        ],
        [
          47,
          29,
          154,
          201
        ]
      ]
    },
    "review": {
      "animation": "Relax",
      "normalization": "safe-max",
      "scale": 0.3130434782608696,
      "source_union_bbox": [
        228,
        54,
        599,
        620
      ],
      "target_union_size": [
        116,
        177
      ],
      "target_union_offset": [
        38,
        25
      ],