{
  "ok": true,
  "normalization": "safe-max",
  "margin": 6,
  "safe_max": {
    "scale": 0.2912621359223301,
    "max_state_union_width": 618,
    "max_state_union_height": 586,
    "available_width": 180,
    "available_height": 196,
    "source_canvas": [
      768,
      832
    ],
    "registration": "pet-wide scale with per-state union registration"
  },
  "states": {
    "idle": {
      "animation": "Relax",
      "normalization": "safe-max",
      "scale": 0.2912621359223301,
      "source_union_bbox": [
        235,
        56,
        598,
        620
      ],
      "target_union_size": [
        106,
        164
      ],
      "target_union_offset": [
        43,
        38
      ],
      "output_bboxes": [
        [
          43,
          38,
          149,
          202
        ],
        [
          45,
          38,
          149,
          202
        ],
        [
          45,
          38,
          149,
          202
        ],
        [
          43,
          38,
          149,
          202
        ],
        [
          43,
          38,
          149,
          202
        ],
        [
          43,
          38,
          149,
          202
        ]
      ]
    },
    "running-right": {
      "animation": "Move",
      "normalization": "safe-max",
      "scale": 0.2912621359223301,
      "source_union_bbox": [
        230,
        52,
        608,
        625
      ],
      "target_union_size": [
        110,
        167
      ],
      "target_union_offset": [
        41,
        35
      ],
      "output_bboxes": [
        [
          41,
          35,
          151,
          202
        ],
        [
          42,
          35,
          151,
          202
        ],
        [
          41,
          35,
          151,
          202
        ],
        [
          41,
          35,
          151,
          202
        ],
        [
          41,
          35,
          151,
          202
        ],
        [
          41,
          35,
          151,
          202
        ],
        [
          41,
          35,
          151,
          202
        ],
        [
          41,
          35,
          151,
          202
        ]
      ]
    },
    "running-left": {
      "animation": "Move",
      "normalization": "safe-max",
      "scale": 0.2912621359223301,
      "source_union_bbox": [
        160,
        52,
        538,
        625
      ],
      "target_union_size": [
        110,
        167
      ],
      "target_union_offset": [
        41,
        35
      ],
      "output_bboxes": [
        [
          41,
          35,
          151,
          202
        ],
        [
          41,
          35,
          150,
          202
        ],
        [
          41,
          35,
          151,
          202
        ],
        [
          41,
          35,
          151,
          202
        ],
        [
          41,
          35,
          151,
          202
        ],
        [
          41,
          35,
          151,
          202
        ],
        [
          41,
          35,
          151,
          202
        ],
        [
          41,
          35,
          151,
          202
        ]
      ]
    },
    "waving": {
      "animation": "Interact",
      "normalization": "safe-max",
      "scale": 0.2912621359223301,
      "source_union_bbox": [
        194,
        50,
        597,
        631
      ],
      "target_union_size": [
        117,
        169
      ],
      "target_union_offset": [
        37,
        33
      ],
      "output_bboxes": [
        [
          49,
          33,
          154,
          201
        ],
        [
          37,
          38,
          152,
          202
        ],
        [
          37,
          33,
          142,
          202
        ],
        [
          48,
          33,
          153,
          201
        ]
      ]
    },
    "jumping": {
      "animation": "Relax",
      "normalization": "safe-max",
      "scale": 0.2912621359223301,
      "source_union_bbox": [
        233,
        40,
        598,
        620
      ],
      "target_union_size": [
        106,
        169
      ],
      "target_union_offset": [
        43,
        33
      ],
      "output_bboxes": [
        [
          43,
          36,
          149,
          202
        ],
        [
          45,
          33,
          149,
          202
        ],
        [
          44,
          33,
          149,
          200
        ],
        [
          43,
          34,
          149,
          202
        ],
        [
          43,
          36,
          149,
          202
        ]
      ]
    },
    "failed": {
      "animation": "Sleep",
      "normalization": "safe-max",
      "scale": 0.2912621359223301,
      "source_union_bbox": [
        75,
        378,
        693,
        653
      ],
      "target_union_size": [
        180,
        80
      ],
      "target_union_offset": [
        6,
        122
      ],
      "output_bboxes": [
        [
          6,
          129,
          186,
          202
        ],
        [
          6,
          124,
          186,
          202
        ],
        [
          6,
          122,
          186,
          202
        ],
        [
          6,
          122,
          186,
          202
        ],
        [
          6,
          123,
          186,
          202
        ],
        [
          6,
          129,
          186,
          202
        ],
        [
          6,
          132,
          186,
          202
        ],
        [
          6,
          131,
          186,
          202
        ]
      ]
    },
    "waiting": {
      "animation": "Sit",
      "normalization": "safe-max",
      "scale": 0.2912621359223301,
      "source_union_bbox": [
        275,
        243,
        638,
        782
      ],
      "target_union_size": [
        106,
        157
      ],
      "target_union_offset": [
        43,
        45
      ],
      "output_bboxes": [
        [
          43,
          45,
          149,
          202
        ],
        [
          43,
          45,
          149,
          202
        ],
        [
          43,
          45,
          149,
          202
        ],
        [
          43,
          45,
          149,
          202
        ],
        [
          43,
          45,
          149,
          202
        ],
        [
          43,
          45,
          149,
          202
        ]
      ]
    },
    "running": {
      "animation": "Interact",
      "normalization": "safe-max",
      "scale": 0.2912621359223301,
      "source_union_bbox": [
        185,
        50,
        600,
        636
      ],
      "target_union_size": [
        121,
        171
      ],
      "target_union_offset": [
        35,
        31
      ],
      "output_bboxes": [
        [
          49,
          31,
          156,
          199
        ],
        [
          45,
          33,
          156,
          200
        ],
        [
          37,
          36,
          153,
          202
        ],
        [
          35,
          31,
          143,
          202
        ],
        [
          36,
          31,
          143,
          201
        ],
        [
          49,
          31,
          154,
          199
        ]
      ]
    },
    "review": {
      "animation": "Relax",
      "normalization": "safe-max",
      "scale": 0.2912621359223301,
      "source_union_bbox": [
        233,
        56,
        598,
        620
      ],
      "target_union_size": [
        106,
        164
      ],
      "target_union_offset": [
        43,
        38
      ],