{
  "ok": true,
  "normalization": "safe-max",
  "margin": 6,
  "safe_max": {
    "scale": 0.3050847457627119,
    "max_state_union_width": 590,
    "max_state_union_height": 586,
    "available_width": 180,
    "available_height": 196,
    "source_canvas": [
      768,
      832
    ],
    "registration": "pet-wide scale with per-state union registration"
  },
  "states": {
    "idle": {
      "animation": "Relax",
      "normalization": "safe-max",
      "scale": 0.3050847457627119,
      "source_union_bbox": [
        249,
        53,
        566,
        626
      ],
      "target_union_size": [
        97,
        175
      ],
      "target_union_offset": [
        47,
        27
      ],
      "output_bboxes": [
        [
          48,
          27,
          144,
          202
        ],
        [
          47,
          27,
          144,
          202
        ],
        [
          48,
          27,
          144,
          202
        ],
        [
          47,
          27,
          144,
          202
        ],
        [
          48,
          27,
          144,
          202
        ],
        [
          47,
          27,
          144,
          202
        ]
      ]
    },
    "running-right": {
      "animation": "Move",
      "normalization": "safe-max",
      "scale": 0.3050847457627119,
      "source_union_bbox": [
        238,
        50,
        598,
        627
      ],
      "target_union_size": [
        110,
        176
      ],
      "target_union_offset": [
        41,
        26
      ],
      "output_bboxes": [
        [
          42,
          26,
          145,
          202
        ],
        [
          41,
          26,
          151,
          202
        ],
        [
          43,
          26,
          145,
          202
        ],
        [
          41,
          26,
          145,
          202
        ],
        [
          42,
          26,
          145,
          202
        ],
        [
          41,
          26,
          147,
          202
        ],
        [
          43,
          26,
          145,
          202
        ],
        [
          41,
          26,
          145,
          202
        ]
      ]
    },
    "running-left": {
      "animation": "Move",
      "normalization": "safe-max",
      "scale": 0.3050847457627119,
      "source_union_bbox": [
        170,
        50,
        530,
        627
      ],
      "target_union_size": [
        110,
        176
      ],
      "target_union_offset": [
        41,
        26
      ],
      "output_bboxes": [
        [
          47,
          26,
          150,
          202
        ],
        [
          41,
          26,
          151,
          202
        ],
        [
          47,
          26,
          149,
          202
        ],
        [
          47,
          26,
          151,
          202
        ],
        [
          47,
          26,
          150,
          202
        ],
        [
          45,
          26,
          151,
          202
        ],
        [
          47,
          26,
          149,
          202
        ],
        [
          47,
          26,
          151,
          202
        ]
      ]
    },
    "waving": {
      "animation": "Interact",
      "normalization": "safe-max",
      "scale": 0.3050847457627119,
      "source_union_bbox": [
        171,
        53,
        566,
        626
      ],
      "target_union_size": [
        121,
        175
      ],
      "target_union_offset": [
        35,
        27
      ],
      "output_bboxes": [
        [
          58,
          27,
          156,
          202
        ],
        [
          35,
          28,
          144,
          202
        ],
        [
          35,
          28,
          144,
          202
        ],
        [
          42,
          27,
          145,
          202
        ]
      ]
    },
    "jumping": {
      "animation": "Relax",
      "normalization": "safe-max",
      "scale": 0.3050847457627119,
      "source_union_bbox": [
        249,
        40,
        566,
        626
      ],
      "target_union_size": [
        97,
        179
      ],
      "target_union_offset": [
        47,
        23
      ],
      "output_bboxes": [
        [
          48,
          25,
          144,
          202
        ],
        [
          47,
          23,
          144,
          202
        ],
        [
          47,
          23,
          144,
          200
        ],
        [
          47,
          23,
          144,
          202
        ],
        [
          47,
          26,
          144,
          202
        ]
      ]
    },
    "failed": {
      "animation": "Sleep",
      "normalization": "safe-max",
      "scale": 0.3050847457627119,
      "source_union_bbox": [
        89,
        361,
        679,
        696
      ],
      "target_union_size": [
        180,
        102
      ],
      "target_union_offset": [
        6,
        100
      ],
      "output_bboxes": [
        [
          6,
          100,
          186,
          202
        ],
        [
          6,
          100,
          186,
          202
        ],
        [
          6,
          100,
          186,
          202
        ],
        [
          6,
          101,
          186,
          201
        ],
        [
          6,
          100,
          186,
          202
        ],
        [
          6,
          101,
          186,
          202
        ],
        [
          6,
          100,
          186,
          202
        ],
        [
          6,
          100,
          186,
          201
        ]
      ]
    },
    "waiting": {
      "animation": "Sit",
      "normalization": "safe-max",
      "scale": 0.3050847457627119,
      "source_union_bbox": [
        244,
        228,
        590,
        783
      ],
      "target_union_size": [
        106,
        169
      ],
      "target_union_offset": [
        43,
        33
      ],
      "output_bboxes": [
        [
          44,
          33,
          149,
          202
        ],
        [
          44,
          33,
          149,
          201
        ],
        [
          47,
          33,
          148,
          202
        ],
        [
          48,
          33,
          149,
          202
        ],
        [
          43,
          33,
          149,
          202
        ],
        [
          48,
          33,
          149,
          202
        ]
      ]
    },
    "running": {
      "animation": "Interact",
      "normalization": "safe-max",
      "scale": 0.3050847457627119,
      "source_union_bbox": [
        164,
        53,
        566,
        626
      ],
      "target_union_size": [
        123,
        175
      ],
      "target_union_offset": [
        34,
        27
      ],
      "output_bboxes": [
        [
          59,
          27,
          157,
          202
        ],
        [
          37,
          28,
          145,
          202
        ],
        [
          36,
          28,
          145,
          202
        ],
        [
          34,
          28,
          145,
          202
        ],
        [
          34,
          28,
          145,
          202
        ],
        [
          43,
          27,
          146,
          202
        ]
      ]
    },
    "review": {
      "animation": "Relax",
      "normalization": "safe-max",
      "scale": 0.3050847457627119,
      "source_union_bbox": [
        249,
        53,
        566,
        626
      ],
      "target_union_size": [
        97,
        175
      ],
      "target_union_offset": [
        47,
        27
      ],