{
  "ok": true,
  "normalization": "safe-max",
  "margin": 6,
  "safe_max": {
    "scale": 0.28213166144200624,
    "max_state_union_width": 638,
    "max_state_union_height": 639,
    "available_width": 180,
    "available_height": 196,
    "source_canvas": [
      768,
      832
    ],
    "registration": "pet-wide scale with per-state union registration"
  },
  "states": {
    "idle": {
      "animation": "Relax",
      "normalization": "safe-max",
      "scale": 0.28213166144200624,
      "source_union_bbox": [
        282,
        50,
        651,
        673
      ],
      "target_union_size": [
        104,
        176
      ],
      "target_union_offset": [
        44,
        26
      ],
      "output_bboxes": [
        [
          44,
          26,
          141,
          202
        ],
        [
          45,
          27,
          148,
          202
        ],
        [
          44,
          28,
          148,
          202
        ],
        [
          44,
          26,
          139,
          202
        ],
        [
          44,
          26,
          141,
          202
        ],
        [
          44,
          26,
          139,
          202
        ]
      ]
    },
    "running-right": {
      "animation": "Move",
      "normalization": "safe-max",
      "scale": 0.28213166144200624,
      "source_union_bbox": [
        274,
        61,
        639,
        678
      ],
      "target_union_size": [
        103,
        174
      ],
      "target_union_offset": [
        44,
        28
      ],
      "output_bboxes": [
        [
          44,
          29,
          147,
          202
        ],
        [
          44,
          28,
          147,
          202
        ],
        [
          44,
          28,
          147,
          202
        ],
        [
          44,
          28,
          142,
          202
        ],
        [
          44,
          28,
          143,
          202
        ],
        [
          44,
          29,
          146,
          202
        ],
        [
          44,
          29,
          146,
          202
        ],
        [
          44,
          28,
          144,
          202
        ]
      ]
    },
    "running-left": {
      "animation": "Move",
      "normalization": "safe-max",
      "scale": 0.28213166144200624,
      "source_union_bbox": [
        129,
        61,
        494,
        678
      ],
      "target_union_size": [
        103,
        174
      ],
      "target_union_offset": [
        44,
        28
      ],
      "output_bboxes": [
        [
          44,
          29,
          147,
          202
        ],
        [
          44,
          28,
          147,
          202
        ],
        [
          44,
          28,
          147,
          202
        ],
        [
          49,
          28,
          147,
          202
        ],
        [
          48,
          28,
          147,
          202
        ],
        [
          45,
          29,
          147,
          202
        ],
        [
          45,
          29,
          147,
          202
        ],
        [
          47,
          28,
          147,
          202
        ]
      ]
    },
    "waving": {
      "animation": "Interact",
      "normalization": "safe-max",
      "scale": 0.28213166144200624,
      "source_union_bbox": [
        233,
        49,
        709,
        674
      ],
      "target_union_size": [
        134,
        176
      ],
      "target_union_offset": [
        29,
        26
      ],
      "output_bboxes": [
        [
          41,
          26,
          139,
          202
        ],
        [
          29,
          26,
          132,
          202
        ],
        [
          51,
          32,
          163,
          202
        ],
        [
          42,
          26,
          142,
          202
        ]
      ]
    },
    "jumping": {
      "animation": "Relax",
      "normalization": "safe-max",
      "scale": 0.28213166144200624,
      "source_union_bbox": [
        282,
        34,
        651,
        673
      ],
      "target_union_size": [
        104,
        180
      ],
      "target_union_offset": [
        44,
        22
      ],
      "output_bboxes": [
        [
          44,
          25,
          141,
          202
        ],
        [
          45,
          25,
          148,
          202
        ],
        [
          44,
          22,
          139,
          200
        ],
        [
          45,
          25,
          148,
          202
        ],
        [
          44,
          24,
          139,
          202
        ]
      ]
    },
    "failed": {
      "animation": "Sleep",
      "normalization": "safe-max",
      "scale": 0.28213166144200624,
      "source_union_bbox": [
        58,
        443,
        696,
        771
      ],
      "target_union_size": [
        180,
        93
      ],
      "target_union_offset": [
        6,
        109
      ],
      "output_bboxes": [
        [
          6,
          111,
          186,
          202
        ],
        [
          6,
          111,
          186,
          202
        ],
        [
          6,
          110,
          186,
          202
        ],
        [
          6,
          109,
          186,
          202
        ],
        [
          6,
          109,
          186,
          202
        ],
        [
          6,
          109,
          186,
          202
        ],
        [
          6,
          109,
          186,
          202
        ],
        [
          6,
          110,
          186,
          202
        ]
      ]
    },
    "waiting": {
      "animation": "Sit",
      "normalization": "safe-max",
      "scale": 0.28213166144200624,
      "source_union_bbox": [
        287,
        235,
        667,
        782
      ],
      "target_union_size": [
        107,
        154
      ],
      "target_union_offset": [
        42,
        48
      ],
      "output_bboxes": [
        [
          42,
          48,
          140,
          202
        ],
        [
          42,
          48,
          144,
          202
        ],
        [
          42,
          56,
          149,
          202
        ],
        [
          42,
          49,
          149,
          202
        ],
        [
          42,
          48,
          139,
          202
        ],
        [
          42,
          55,
          149,
          202
        ]
      ]
    },
    "running": {
      "animation": "Interact",
      "normalization": "safe-max",
      "scale": 0.28213166144200624,
      "source_union_bbox": [
        226,
        49,
        709,
        674
      ],
      "target_union_size": [
        136,
        176
      ],
      "target_union_offset": [
        28,
        26
      ],
      "output_bboxes": [
        [
          42,
          26,
          140,
          202
        ],
        [
          28,
          32,
          126,
          202
        ],
        [
          28,
          26,
          133,
          202
        ],
        [
          42,
          34,
          150,
          202
        ],
        [
          52,
          32,
          164,
          202
        ],
        [
          43,
          26,
          143,
          202
        ]
      ]
    },
    "review": {
      "animation": "Relax",
      "normalization": "safe-max",
      "scale": 0.28213166144200624,
      "source_union_bbox": [
        282,
        50,
        651,
        673
      ],
      "target_union_size": [
        104,
        176
      ],
      "target_union_offset": [
        44,
        26
      ],