{
  "ok": true,
  "normalization": "safe-max",
  "margin": 6,
  "safe_max": {
    "scale": 0.3163444639718805,
    "max_state_union_width": 569,
    "max_state_union_height": 571,
    "available_width": 180,
    "available_height": 196,
    "source_canvas": [
      768,
      832
    ],
    "registration": "pet-wide scale with per-state union registration"
  },
  "states": {
    "idle": {
      "animation": "Relax",
      "normalization": "safe-max",
      "scale": 0.3163444639718805,
      "source_union_bbox": [
        310,
        49,
        628,
        612
      ],
      "target_union_size": [
        101,
        178
      ],
      "target_union_offset": [
        45,
        24
      ],
      "output_bboxes": [
        [
          45,
          24,
          146,
          202
        ],
        [
          45,
          24,
          144,
          202
        ],
        [
          45,
          24,
          140,
          202
        ],
        [
          45,
          27,
          143,
          202
        ],
        [
          45,
          24,
          146,
          202
        ],
        [
          45,
          27,
          143,
          202
        ]
      ]
    },
    "running-right": {
      "animation": "Move",
      "normalization": "safe-max",
      "scale": 0.3163444639718805,
      "source_union_bbox": [
        245,
        69,
        597,
        619
      ],
      "target_union_size": [
        111,
        174
      ],
      "target_union_offset": [
        40,
        28
      ],
      "output_bboxes": [
        [
          40,
          33,
          151,
          202
        ],
        [
          45,
          29,
          148,
          202
        ],
        [
          49,
          28,
          146,
          202
        ],
        [
          47,
          28,
          145,
          202
        ],
        [
          47,
          32,
          144,
          202
        ],
        [
          48,
          29,
          145,
          202
        ],
        [
          49,
          28,
          146,
          202
        ],
        [
          50,
          28,
          148,
          202
        ]
      ]
    },
    "running-left": {
      "animation": "Move",
      "normalization": "safe-max",
      "scale": 0.3163444639718805,
      "source_union_bbox": [
        171,
        69,
        523,
        619
      ],
      "target_union_size": [
        111,
        174
      ],
      "target_union_offset": [
        40,
        28
      ],
      "output_bboxes": [
        [
          40,
          33,
          151,
          202
        ],
        [
          43,
          29,
          146,
          202
        ],
        [
          45,
          28,
          142,
          202
        ],
        [
          46,
          28,
          144,
          202
        ],
        [
          47,
          32,
          144,
          202
        ],
        [
          46,
          29,
          143,
          202
        ],
        [
          45,
          28,
          142,
          202
        ],
        [
          43,
          28,
          141,
          202
        ]
      ]
    },
    "waving": {
      "animation": "Interact",
      "normalization": "safe-max",
      "scale": 0.3163444639718805,
      "source_union_bbox": [
        282,
        57,
        672,
        613
      ],
      "target_union_size": [
        123,
        176
      ],
      "target_union_offset": [
        34,
        26
      ],
      "output_bboxes": [
        [
          42,
          26,
          145,
          202
        ],
        [
          34,
          31,
          138,
          202
        ],
        [
          57,
          37,
          157,
          202
        ],
        [
          46,
          26,
          150,
          202
        ]
      ]
    },
    "jumping": {
      "animation": "Relax",
      "normalization": "safe-max",
      "scale": 0.3163444639718805,
      "source_union_bbox": [
        312,
        41,
        628,
        612
      ],
      "target_union_size": [
        100,
        181
      ],
      "target_union_offset": [
        46,
        21
      ],
      "output_bboxes": [
        [
          46,
          24,
          146,
          202
        ],
        [
          46,
          21,
          144,
          202
        ],
        [
          46,
          21,
          143,
          199
        ],
        [
          46,
          21,
          144,
          202
        ],
        [
          46,
          26,
          143,
          202
        ]
      ]
    },
    "failed": {
      "animation": "Sleep",
      "normalization": "safe-max",
      "scale": 0.3163444639718805,
      "source_union_bbox": [
        96,
        381,
        665,
        638
      ],
      "target_union_size": [
        180,
        81
      ],
      "target_union_offset": [
        6,
        121
      ],
      "output_bboxes": [
        [
          6,
          121,
          186,
          202
        ],
        [
          6,
          121,
          186,
          202
        ],
        [
          6,
          121,
          186,
          202
        ],
        [
          6,
          121,
          186,
          202
        ],
        [
          7,
          121,
          186,
          202
        ],
        [
          6,
          121,
          186,
          202
        ],
        [
          6,
          121,
          186,
          202
        ],
        [
          6,
          121,
          186,
          202
        ]
      ]
    },
    "waiting": {
      "animation": "Sit",
      "normalization": "safe-max",
      "scale": 0.3163444639718805,
      "source_union_bbox": [
        247,
        255,
        557,
        782
      ],
      "target_union_size": [
        98,
        167
      ],
      "target_union_offset": [
        47,
        35
      ],
      "output_bboxes": [
        [
          47,
          35,
          142,
          202
        ],
        [
          47,
          35,
          144,
          202
        ],
        [
          50,
          38,
          145,
          202
        ],
        [
          47,
          35,
          142,
          202
        ],
        [
          50,
          38,
          145,
          202
        ],
        [
          48,
          38,
          145,
          202
        ]
      ]
    },
    "running": {
      "animation": "Interact",
      "normalization": "safe-max",
      "scale": 0.3163444639718805,
      "source_union_bbox": [
        223,
        57,
        672,
        613
      ],
      "target_union_size": [
        142,
        176
      ],
      "target_union_offset": [
        25,
        26
      ],
      "output_bboxes": [
        [
          51,
          26,
          155,
          202
        ],
        [
          25,
          31,
          137,
          202
        ],
        [
          41,
          31,
          147,
          202
        ],
        [
          67,
          37,
          167,
          202
        ],
        [
          67,
          37,
          167,
          202
        ],
        [
          55,
          26,
          160,
          202
        ]
      ]
    },
    "review": {
      "animation": "Relax",
      "normalization": "safe-max",
      "scale": 0.3163444639718805,
      "source_union_bbox": [
        310,
        49,
        628,
        612
      ],
      "target_union_size": [
        101,
        178
      ],
      "target_union_offset": [
        45,
        24
      ],