{
  "ok": true,
  "normalization": "safe-max",
  "margin": 6,
  "safe_max": {
    "scale": 0.26627218934911245,
    "max_state_union_width": 676,
    "max_state_union_height": 590,
    "available_width": 180,
    "available_height": 196,
    "source_canvas": [
      768,
      832
    ],
    "registration": "pet-wide scale with per-state union registration"
  },
  "states": {
    "idle": {
      "animation": "Relax",
      "normalization": "safe-max",
      "scale": 0.26627218934911245,
      "source_union_bbox": [
        202,
        90,
        620,
        664
      ],
      "target_union_size": [
        111,
        153
      ],
      "target_union_offset": [
        40,
        49
      ],
      "output_bboxes": [
        [
          40,
          49,
          151,
          202
        ],
        [
          40,
          49,
          151,
          202
        ],
        [
          40,
          49,
          151,
          202
        ],
        [
          40,
          49,
          151,
          202
        ],
        [
          40,
          49,
          151,
          202
        ],
        [
          40,
          49,
          151,
          202
        ]
      ]
    },
    "running-right": {
      "animation": "Move",
      "normalization": "safe-max",
      "scale": 0.26627218934911245,
      "source_union_bbox": [
        202,
        94,
        620,
        664
      ],
      "target_union_size": [
        111,
        152
      ],
      "target_union_offset": [
        40,
        50
      ],
      "output_bboxes": [
        [
          40,
          50,
          151,
          202
        ],
        [
          40,
          50,
          151,
          202
        ],
        [
          40,
          51,
          151,
          202
        ],
        [
          40,
          50,
          151,
          202
        ],
        [
          40,
          50,
          151,
          202
        ],
        [
          40,
          50,
          151,
          202
        ],
        [
          40,
          51,
          151,
          202
        ],
        [
          40,
          50,
          151,
          202
        ]
      ]
    },
    "running-left": {
      "animation": "Move",
      "normalization": "safe-max",
      "scale": 0.26627218934911245,
      "source_union_bbox": [
        148,
        94,
        566,
        664
      ],
      "target_union_size": [
        111,
        152
      ],
      "target_union_offset": [
        40,
        50
      ],
      "output_bboxes": [
        [
          40,
          50,
          151,
          202
        ],
        [
          40,
          50,
          151,
          202
        ],
        [
          40,
          51,
          151,
          202
        ],
        [
          40,
          50,
          151,
          202
        ],
        [
          40,
          50,
          151,
          202
        ],
        [
          40,
          50,
          151,
          202
        ],
        [
          40,
          51,
          151,
          202
        ],
        [
          40,
          50,
          151,
          202
        ]
      ]
    },
    "waving": {
      "animation": "Interact",
      "normalization": "safe-max",
      "scale": 0.26627218934911245,
      "source_union_bbox": [
        202,
        90,
        620,
        664
      ],
      "target_union_size": [
        111,
        153
      ],
      "target_union_offset": [
        40,
        49
      ],
      "output_bboxes": [
        [
          40,
          49,
          151,
          202
        ],
        [
          40,
          49,
          151,
          202
        ],
        [
          40,
          49,
          151,
          202
        ],
        [
          40,
          49,
          151,
          202
        ]
      ]
    },
    "jumping": {
      "animation": "Relax",
      "normalization": "safe-max",
      "scale": 0.26627218934911245,
      "source_union_bbox": [
        202,
        74,
        620,
        664
      ],
      "target_union_size": [
        111,
        157
      ],
      "target_union_offset": [
        40,
        45
      ],
      "output_bboxes": [
        [
          40,
          47,
          151,
          202
        ],
        [
          40,
          45,
          151,
          202
        ],
        [
          40,
          45,
          151,
          200
        ],
        [
          40,
          45,
          151,
          202
        ],
        [
          40,
          47,
          151,
          202
        ]
      ]
    },
    "failed": {
      "animation": "Sleep",
      "normalization": "safe-max",
      "scale": 0.26627218934911245,
      "source_union_bbox": [
        46,
        405,
        722,
        742
      ],
      "target_union_size": [
        180,
        90
      ],
      "target_union_offset": [
        6,
        112
      ],
      "output_bboxes": [
        [
          6,
          112,
          186,
          201
        ],
        [
          6,
          112,
          186,
          202
        ],
        [
          6,
          112,
          186,
          202
        ],
        [
          6,
          112,
          186,
          202
        ],
        [
          6,
          112,
          186,
          202
        ],
        [
          6,
          112,
          186,
          201
        ],
        [
          6,
          112,
          186,
          199
        ],
        [
          6,
          112,
          186,
          200
        ]
      ]
    },
    "waiting": {
      "animation": "Sit",
      "normalization": "safe-max",
      "scale": 0.26627218934911245,
      "source_union_bbox": [
        248,
        275,
        578,
        679
      ],
      "target_union_size": [
        88,
        108
      ],
      "target_union_offset": [
        52,
        94
      ],
      "output_bboxes": [
        [
          52,
          94,
          140,
          202
        ],
        [
          52,
          94,
          140,
          202
        ],
        [
          52,
          94,
          140,
          202
        ],
        [
          52,
          94,
          140,
          202
        ],
        [
          52,
          94,
          140,
          202
        ],
        [
          52,
          94,
          140,
          202
        ]
      ]
    },
    "running": {
      "animation": "Interact",
      "normalization": "safe-max",
      "scale": 0.26627218934911245,
      "source_union_bbox": [
        202,
        90,
        620,
        664
      ],
      "target_union_size": [
        111,
        153
      ],
      "target_union_offset": [
        40,
        49
      ],
      "output_bboxes": [
        [
          40,
          49,
          151,
          202
        ],
        [
          40,
          49,
          151,
          202
        ],
        [
          40,
          49,
          151,
          202
        ],
        [
          40,
          49,
          151,
          202
        ],
        [
          40,
          49,
          151,
          202
        ],
        [
          40,
          49,
          151,
          202
        ]
      ]
    },
    "review": {
      "animation": "Relax",
      "normalization": "safe-max",
      "scale": 0.26627218934911245,
      "source_union_bbox": [
        202,
        90,
        620,
        664
      ],
      "target_union_size": [
        111,
        153
      ],
      "target_union_offset": [
        40,
        49
      ],