{
  "ok": true,
  "normalization": "safe-max",
  "margin": 6,
  "safe_max": {
    "scale": 0.2980132450331126,
    "max_state_union_width": 604,
    "max_state_union_height": 617,
    "available_width": 180,
    "available_height": 196,
    "source_canvas": [
      768,
      832
    ],
    "registration": "pet-wide scale with per-state union registration"
  },
  "states": {
    "idle": {
      "animation": "Relax",
      "normalization": "safe-max",
      "scale": 0.2980132450331126,
      "source_union_bbox": [
        270,
        51,
        613,
        658
      ],
      "target_union_size": [
        102,
        181
      ],
      "target_union_offset": [
        45,
        21
      ],
      "output_bboxes": [
        [
          45,
          21,
          147,
          202
        ],
        [
          45,
          21,
          147,
          202
        ],
        [
          47,
          21,
          146,
          202
        ],
        [
          47,
          21,
          144,
          202
        ],
        [
          45,
          21,
          147,
          202
        ],
        [
          47,
          21,
          144,
          202
        ]
      ]
    },
    "running-right": {
      "animation": "Move",
      "normalization": "safe-max",
      "scale": 0.2980132450331126,
      "source_union_bbox": [
        257,
        49,
        604,
        658
      ],
      "target_union_size": [
        103,
        181
      ],
      "target_union_offset": [
        44,
        21
      ],
      "output_bboxes": [
        [
          44,
          21,
          147,
          202
        ],
        [
          44,
          21,
          147,
          202
        ],
        [
          45,
          22,
          147,
          202
        ],
        [
          45,
          21,
          145,
          202
        ],
        [
          44,
          24,
          142,
          202
        ],
        [
          44,
          24,
          142,
          202
        ],
        [
          45,
          21,
          144,
          202
        ],
        [
          45,
          21,
          147,
          202
        ]
      ]
    },
    "running-left": {
      "animation": "Move",
      "normalization": "safe-max",
      "scale": 0.2980132450331126,
      "source_union_bbox": [
        164,
        49,
        511,
        658
      ],
      "target_union_size": [
        103,
        181
      ],
      "target_union_offset": [
        44,
        21
      ],
      "output_bboxes": [
        [
          44,
          21,
          147,
          202
        ],
        [
          44,
          21,
          147,
          202
        ],
        [
          44,
          22,
          146,
          202
        ],
        [
          46,
          21,
          146,
          202
        ],
        [
          49,
          24,
          147,
          202
        ],
        [
          49,
          24,
          147,
          202
        ],
        [
          47,
          21,
          146,
          202
        ],
        [
          44,
          21,
          146,
          202
        ]
      ]
    },
    "waving": {
      "animation": "Interact",
      "normalization": "safe-max",
      "scale": 0.2980132450331126,
      "source_union_bbox": [
        270,
        51,
        698,
        658
      ],
      "target_union_size": [
        128,
        181
      ],
      "target_union_offset": [
        32,
        21
      ],
      "output_bboxes": [
        [
          32,
          21,
          135,
          202
        ],
        [
          50,
          21,
          154,
          202
        ],
        [
          47,
          23,
          160,
          202
        ],
        [
          41,
          21,
          153,
          202
        ]
      ]
    },
    "jumping": {
      "animation": "Relax",
      "normalization": "safe-max",
      "scale": 0.2980132450331126,
      "source_union_bbox": [
        270,
        41,
        613,
        658
      ],
      "target_union_size": [
        102,
        184
      ],
      "target_union_offset": [
        45,
        18
      ],
      "output_bboxes": [
        [
          45,
          19,
          147,
          202
        ],
        [
          45,
          18,
          147,
          202
        ],
        [
          47,
          18,
          144,
          200
        ],
        [
          45,
          18,
          147,
          202
        ],
        [
          47,
          21,
          144,
          202
        ]
      ]
    },
    "failed": {
      "animation": "Sleep",
      "normalization": "safe-max",
      "scale": 0.2980132450331126,
      "source_union_bbox": [
        48,
        420,
        652,
        673
      ],
      "target_union_size": [
        180,
        75
      ],
      "target_union_offset": [
        6,
        127
      ],
      "output_bboxes": [
        [
          6,
          128,
          186,
          202
        ],
        [
          6,
          128,
          186,
          202
        ],
        [
          6,
          127,
          186,
          202
        ],
        [
          6,
          127,
          186,
          202
        ],
        [
          6,
          127,
          186,
          202
        ],
        [
          6,
          127,
          186,
          202
        ],
        [
          6,
          127,
          186,
          202
        ],
        [
          6,
          129,
          186,
          202
        ]
      ]
    },
    "waiting": {
      "animation": "Sit",
      "normalization": "safe-max",
      "scale": 0.2980132450331126,
      "source_union_bbox": [
        204,
        220,
        576,
        782
      ],
      "target_union_size": [
        111,
        167
      ],
      "target_union_offset": [
        40,
        35
      ],
      "output_bboxes": [
        [
          49,
          35,
          151,
          202
        ],
        [
          49,
          35,
          151,
          202
        ],
        [
          47,
          35,
          146,
          202
        ],
        [
          40,
          42,
          150,
          202
        ],
        [
          40,
          52,
          143,
          202
        ],
        [
          48,
          39,
          148,
          202
        ]
      ]
    },
    "running": {
      "animation": "Interact",
      "normalization": "safe-max",
      "scale": 0.2980132450331126,
      "source_union_bbox": [
        270,
        51,
        720,
        658
      ],
      "target_union_size": [
        134,
        181
      ],
      "target_union_offset": [
        29,
        21
      ],
      "output_bboxes": [
        [
          29,
          21,
          132,
          202
        ],
        [
          42,
          21,
          146,
          202
        ],
        [
          47,
          21,
          150,
          202
        ],
        [
          44,
          23,
          163,
          202
        ],
        [
          43,
          23,
          159,
          202
        ],
        [
          38,
          21,
          149,
          202
        ]
      ]
    },
    "review": {
      "animation": "Relax",
      "normalization": "safe-max",
      "scale": 0.2980132450331126,
      "source_union_bbox": [
        270,
        51,
        613,
        658
      ],
      "target_union_size": [
        102,
        181
      ],
      "target_union_offset": [
        45,
        21
      ],