{
  "ok": true,
  "normalization": "safe-max",
  "margin": 6,
  "safe_max": {
    "scale": 0.31413612565445026,
    "max_state_union_width": 573,
    "max_state_union_height": 583,
    "available_width": 180,
    "available_height": 196,
    "source_canvas": [
      768,
      832
    ],
    "registration": "pet-wide scale with per-state union registration"
  },
  "states": {
    "idle": {
      "animation": "Relax",
      "normalization": "safe-max",
      "scale": 0.31413612565445026,
      "source_union_bbox": [
        283,
        59,
        553,
        626
      ],
      "target_union_size": [
        85,
        178
      ],
      "target_union_offset": [
        53,
        24
      ],
      "output_bboxes": [
        [
          54,
          24,
          138,
          202
        ],
        [
          55,
          24,
          138,
          202
        ],
        [
          53,
          24,
          138,
          202
        ],
        [
          53,
          24,
          138,
          202
        ],
        [
          54,
          24,
          138,
          202
        ],
        [
          53,
          24,
          138,
          202
        ]
      ]
    },
    "running-right": {
      "animation": "Move",
      "normalization": "safe-max",
      "scale": 0.31413612565445026,
      "source_union_bbox": [
        297,
        50,
        590,
        627
      ],
      "target_union_size": [
        92,
        181
      ],
      "target_union_offset": [
        50,
        21
      ],
      "output_bboxes": [
        [
          50,
          21,
          142,
          202
        ],
        [
          56,
          21,
          142,
          202
        ],
        [
          53,
          21,
          138,
          202
        ],
        [
          57,
          21,
          142,
          202
        ],
        [
          50,
          21,
          142,
          202
        ],
        [
          56,
          21,
          142,
          202
        ],
        [
          53,
          21,
          138,
          202
        ],
        [
          57,
          21,
          142,
          202
        ]
      ]
    },
    "running-left": {
      "animation": "Move",
      "normalization": "safe-max",
      "scale": 0.31413612565445026,
      "source_union_bbox": [
        178,
        50,
        471,
        627
      ],
      "target_union_size": [
        92,
        181
      ],
      "target_union_offset": [
        50,
        21
      ],
      "output_bboxes": [
        [
          50,
          21,
          142,
          202
        ],
        [
          50,
          21,
          136,
          202
        ],
        [
          54,
          21,
          139,
          202
        ],
        [
          50,
          21,
          135,
          202
        ],
        [
          50,
          21,
          142,
          202
        ],
        [
          50,
          21,
          136,
          202
        ],
        [
          54,
          21,
          139,
          202
        ],
        [
          50,
          21,
          135,
          202
        ]
      ]
    },
    "waving": {
      "animation": "Interact",
      "normalization": "safe-max",
      "scale": 0.31413612565445026,
      "source_union_bbox": [
        276,
        59,
        583,
        629
      ],
      "target_union_size": [
        96,
        179
      ],
      "target_union_offset": [
        48,
        23
      ],
      "output_bboxes": [
        [
          51,
          23,
          137,
          201
        ],
        [
          54,
          23,
          144,
          202
        ],
        [
          48,
          23,
          144,
          201
        ],
        [
          53,
          23,
          144,
          201
        ]
      ]
    },
    "jumping": {
      "animation": "Relax",
      "normalization": "safe-max",
      "scale": 0.31413612565445026,
      "source_union_bbox": [
        283,
        43,
        553,
        626
      ],
      "target_union_size": [
        85,
        183
      ],
      "target_union_offset": [
        53,
        19
      ],
      "output_bboxes": [
        [
          54,
          22,
          138,
          202
        ],
        [
          55,
          19,
          138,
          202
        ],
        [
          53,
          19,
          138,
          199
        ],
        [
          55,
          19,
          138,
          202
        ],
        [
          53,
          21,
          138,
          202
        ]
      ]
    },
    "failed": {
      "animation": "Sleep",
      "normalization": "safe-max",
      "scale": 0.31413612565445026,
      "source_union_bbox": [
        98,
        404,
        671,
        667
      ],
      "target_union_size": [
        180,
        83
      ],
      "target_union_offset": [
        6,
        119
      ],
      "output_bboxes": [
        [
          6,
          119,
          186,
          202
        ],
        [
          6,
          119,
          186,
          202
        ],
        [
          6,
          119,
          186,
          202
        ],
        [
          6,
          119,
          186,
          202
        ],
        [
          6,
          119,
          186,
          202
        ],
        [
          6,
          119,
          186,
          202
        ],
        [
          6,
          119,
          186,
          202
        ],
        [
          6,
          119,
          186,
          202
        ]
      ]
    },
    "waiting": {
      "animation": "Sit",
      "normalization": "safe-max",
      "scale": 0.31413612565445026,
      "source_union_bbox": [
        285,
        236,
        560,
        782
      ],
      "target_union_size": [
        86,
        172
      ],
      "target_union_offset": [
        53,
        30
      ],
      "output_bboxes": [
        [
          54,
          30,
          139,
          202
        ],
        [
          55,
          30,
          139,
          202
        ],
        [
          53,
          30,
          139,
          202
        ],
        [
          54,
          30,
          139,
          202
        ],
        [
          53,
          30,
          139,
          202
        ],
        [
          53,
          30,
          139,
          202
        ]
      ]
    },
    "running": {
      "animation": "Interact",
      "normalization": "safe-max",
      "scale": 0.31413612565445026,
      "source_union_bbox": [
        276,
        59,
        605,
        629
      ],
      "target_union_size": [
        103,
        179
      ],
      "target_union_offset": [
        44,
        23
      ],
      "output_bboxes": [
        [
          47,
          23,
          133,
          201
        ],
        [
          51,
          24,
          147,
          202
        ],
        [
          50,
          23,
          141,
          202
        ],
        [
          44,
          23,
          143,
          201
        ],
        [
          44,
          23,
          142,
          201
        ],
        [
          49,
          23,
          141,
          201
        ]
      ]
    },
    "review": {
      "animation": "Relax",
      "normalization": "safe-max",
      "scale": 0.31413612565445026,
      "source_union_bbox": [
        283,
        59,
        553,
        626
      ],
      "target_union_size": [
        85,
        178
      ],
      "target_union_offset": [
        53,
        24
      ],