{
  "ok": true,
  "normalization": "safe-max",
  "margin": 6,
  "safe_max": {
    "scale": 0.30405405405405406,
    "max_state_union_width": 592,
    "max_state_union_height": 572,
    "available_width": 180,
    "available_height": 196,
    "source_canvas": [
      768,
      832
    ],
    "registration": "pet-wide scale with per-state union registration"
  },
  "states": {
    "idle": {
      "animation": "Relax",
      "normalization": "safe-max",
      "scale": 0.30405405405405406,
      "source_union_bbox": [
        246,
        58,
        605,
        616
      ],
      "target_union_size": [
        109,
        170
      ],
      "target_union_offset": [
        41,
        32
      ],
      "output_bboxes": [
        [
          41,
          32,
          150,
          202
        ],
        [
          41,
          32,
          150,
          202
        ],
        [
          41,
          32,
          150,
          202
        ],
        [
          41,
          32,
          150,
          202
        ],
        [
          41,
          32,
          150,
          202
        ],
        [
          41,
          32,
          150,
          202
        ]
      ]
    },
    "running-right": {
      "animation": "Move",
      "normalization": "safe-max",
      "scale": 0.30405405405405406,
      "source_union_bbox": [
        245,
        61,
        605,
        615
      ],
      "target_union_size": [
        109,
        168
      ],
      "target_union_offset": [
        41,
        34
      ],
      "output_bboxes": [
        [
          41,
          34,
          150,
          202
        ],
        [
          41,
          34,
          150,
          202
        ],
        [
          41,
          34,
          150,
          202
        ],
        [
          41,
          34,
          150,
          202
        ],
        [
          41,
          34,
          150,
          202
        ],
        [
          41,
          34,
          150,
          202
        ],
        [
          41,
          34,
          150,
          202
        ],
        [
          41,
          34,
          150,
          202
        ]
      ]
    },
    "running-left": {
      "animation": "Move",
      "normalization": "safe-max",
      "scale": 0.30405405405405406,
      "source_union_bbox": [
        163,
        61,
        523,
        615
      ],
      "target_union_size": [
        109,
        168
      ],
      "target_union_offset": [
        41,
        34
      ],
      "output_bboxes": [
        [
          41,
          34,
          150,
          202
        ],
        [
          41,
          34,
          150,
          202
        ],
        [
          41,
          34,
          150,
          202
        ],
        [
          41,
          34,
          150,
          202
        ],
        [
          41,
          34,
          150,
          202
        ],
        [
          41,
          34,
          150,
          202
        ],
        [
          41,
          34,
          150,
          202
        ],
        [
          41,
          34,
          150,
          202
        ]
      ]
    },
    "waving": {
      "animation": "Interact",
      "normalization": "safe-max",
      "scale": 0.30405405405405406,
      "source_union_bbox": [
        241,
        50,
        641,
        618
      ],
      "target_union_size": [
        122,
        173
      ],
      "target_union_offset": [
        35,
        29
      ],
      "output_bboxes": [
        [
          35,
          29,
          154,
          202
        ],
        [
          35,
          29,
          157,
          202
        ],
        [
          35,
          29,
          157,
          202
        ],
        [
          35,
          29,
          157,
          202
        ]
      ]
    },
    "jumping": {
      "animation": "Relax",
      "normalization": "safe-max",
      "scale": 0.30405405405405406,
      "source_union_bbox": [
        247,
        44,
        605,
        616
      ],
      "target_union_size": [
        109,
        174
      ],
      "target_union_offset": [
        41,
        28
      ],
      "output_bboxes": [
        [
          41,
          31,
          150,
          202
        ],
        [
          41,
          28,
          150,
          202
        ],
        [
          41,
          28,
          150,
          200
        ],
        [
          41,
          28,
          150,
          202
        ],
        [
          41,
          31,
          150,
          202
        ]
      ]
    },
    "failed": {
      "animation": "Sleep",
      "normalization": "safe-max",
      "scale": 0.30405405405405406,
      "source_union_bbox": [
        88,
        396,
        680,
        661
      ],
      "target_union_size": [
        180,
        81
      ],
      "target_union_offset": [
        6,
        121
      ],
      "output_bboxes": [
        [
          6,
          121,
          186,
          202
        ],
        [
          6,
          121,
          185,
          202
        ],
        [
          6,
          121,
          186,
          202
        ],
        [
          6,
          121,
          186,
          202
        ],
        [
          6,
          121,
          186,
          202
        ],
        [
          6,
          121,
          185,
          202
        ],
        [
          6,
          121,
          186,
          202
        ],
        [
          6,
          121,
          186,
          202
        ]
      ]
    },
    "waiting": {
      "animation": "Sit",
      "normalization": "safe-max",
      "scale": 0.30405405405405406,
      "source_union_bbox": [
        225,
        243,
        631,
        782
      ],
      "target_union_size": [
        123,
        164
      ],
      "target_union_offset": [
        34,
        38
      ],
      "output_bboxes": [
        [
          37,
          38,
          155,
          202
        ],
        [
          34,
          38,
          157,
          202
        ],
        [
          34,
          38,
          157,
          202
        ],
        [
          36,
          38,
          157,
          202
        ],
        [
          34,
          38,
          157,
          202
        ],
        [
          34,
          38,
          157,
          202
        ]
      ]
    },
    "running": {
      "animation": "Interact",
      "normalization": "safe-max",
      "scale": 0.30405405405405406,
      "source_union_bbox": [
        239,
        50,
        644,
        618
      ],
      "target_union_size": [
        123,
        173
      ],
      "target_union_offset": [
        34,
        29
      ],
      "output_bboxes": [
        [
          34,
          29,
          157,
          202
        ],
        [
          34,
          29,
          157,
          202
        ],
        [
          34,
          29,
          157,
          202
        ],
        [
          34,
          29,
          157,
          202
        ],
        [
          34,
          29,
          157,
          202
        ],
        [
          34,
          29,
          157,
          202
        ]
      ]
    },
    "review": {
      "animation": "Relax",
      "normalization": "safe-max",
      "scale": 0.30405405405405406,
      "source_union_bbox": [
        245,
        57,
        602,
        616
      ],
      "target_union_size": [
        109,
        170
      ],
      "target_union_offset": [
        41,
        32
      ],