{
  "ok": true,
  "normalization": "safe-max",
  "margin": 6,
  "safe_max": {
    "scale": 0.3249097472924188,
    "max_state_union_width": 554,
    "max_state_union_height": 565,
    "available_width": 180,
    "available_height": 196,
    "source_canvas": [
      768,
      832
    ],
    "registration": "pet-wide scale with per-state union registration"
  },
  "states": {
    "idle": {
      "animation": "Relax",
      "normalization": "safe-max",
      "scale": 0.3249097472924188,
      "source_union_bbox": [
        230,
        70,
        551,
        615
      ],
      "target_union_size": [
        104,
        177
      ],
      "target_union_offset": [
        44,
        25
      ],
      "output_bboxes": [
        [
          45,
          26,
          147,
          202
        ],
        [
          45,
          26,
          148,
          202
        ],
        [
          44,
          25,
          148,
          202
        ],
        [
          44,
          25,
          148,
          202
        ],
        [
          45,
          26,
          147,
          202
        ],
        [
          44,
          25,
          148,
          202
        ]
      ]
    },
    "running-right": {
      "animation": "Move",
      "normalization": "safe-max",
      "scale": 0.3249097472924188,
      "source_union_bbox": [
        233,
        74,
        554,
        620
      ],
      "target_union_size": [
        104,
        177
      ],
      "target_union_offset": [
        44,
        25
      ],
      "output_bboxes": [
        [
          44,
          28,
          148,
          202
        ],
        [
          44,
          29,
          144,
          202
        ],
        [
          44,
          25,
          146,
          202
        ],
        [
          45,
          25,
          147,
          201
        ],
        [
          45,
          28,
          148,
          202
        ],
        [
          44,
          29,
          143,
          202
        ],
        [
          44,
          25,
          145,
          202
        ],
        [
          44,
          25,
          145,
          202
        ]
      ]
    },
    "running-left": {
      "animation": "Move",
      "normalization": "safe-max",
      "scale": 0.3249097472924188,
      "source_union_bbox": [
        214,
        74,
        535,
        620
      ],
      "target_union_size": [
        104,
        177
      ],
      "target_union_offset": [
        44,
        25
      ],
      "output_bboxes": [
        [
          44,
          28,
          148,
          202
        ],
        [
          48,
          29,
          148,
          202
        ],
        [
          46,
          25,
          148,
          202
        ],
        [
          45,
          25,
          147,
          201
        ],
        [
          44,
          28,
          147,
          202
        ],
        [
          49,
          29,
          148,
          202
        ],
        [
          47,
          25,
          148,
          202
        ],
        [
          47,
          25,
          148,
          202
        ]
      ]
    },
    "waving": {
      "animation": "Interact",
      "normalization": "safe-max",
      "scale": 0.3249097472924188,
      "source_union_bbox": [
        160,
        58,
        568,
        615
      ],
      "target_union_size": [
        133,
        181
      ],
      "target_union_offset": [
        29,
        21
      ],
      "output_bboxes": [
        [
          53,
          26,
          155,
          202
        ],
        [
          29,
          22,
          149,
          202
        ],
        [
          50,
          21,
          162,
          202
        ],
        [
          50,
          26,
          162,
          202
        ]
      ]
    },
    "jumping": {
      "animation": "Relax",
      "normalization": "safe-max",
      "scale": 0.3249097472924188,
      "source_union_bbox": [
        232,
        54,
        546,
        614
      ],
      "target_union_size": [
        102,
        182
      ],
      "target_union_offset": [
        45,
        20
      ],
      "output_bboxes": [
        [
          45,
          26,
          147,
          202
        ],
        [
          45,
          24,
          147,
          202
        ],
        [
          45,
          20,
          147,
          199
        ],
        [
          45,
          24,
          147,
          202
        ],
        [
          45,
          23,
          147,
          202
        ]
      ]
    },
    "failed": {
      "animation": "Sleep",
      "normalization": "safe-max",
      "scale": 0.3249097472924188,
      "source_union_bbox": [
        107,
        381,
        661,
        649
      ],
      "target_union_size": [
        180,
        87
      ],
      "target_union_offset": [
        6,
        115
      ],
      "output_bboxes": [
        [
          7,
          115,
          186,
          202
        ],
        [
          8,
          116,
          186,
          202
        ],
        [
          7,
          117,
          186,
          202
        ],
        [
          6,
          118,
          186,
          202
        ],
        [
          6,
          118,
          186,
          202
        ],
        [
          6,
          118,
          186,
          202
        ],
        [
          6,
          117,
          186,
          202
        ],
        [
          6,
          116,
          186,
          202
        ]
      ]
    },
    "waiting": {
      "animation": "Sit",
      "normalization": "safe-max",
      "scale": 0.3249097472924188,
      "source_union_bbox": [
        275,
        243,
        541,
        782
      ],
      "target_union_size": [
        86,
        175
      ],
      "target_union_offset": [
        53,
        27
      ],
      "output_bboxes": [
        [
          53,
          27,
          139,
          202
        ],
        [
          53,
          27,
          139,
          202
        ],
        [
          53,
          28,
          139,
          202
        ],
        [
          53,
          28,
          139,
          202
        ],
        [
          53,
          28,
          139,
          202
        ],
        [
          53,
          27,
          139,
          202
        ]
      ]
    },
    "running": {
      "animation": "Interact",
      "normalization": "safe-max",
      "scale": 0.3249097472924188,
      "source_union_bbox": [
        160,
        50,
        568,
        615
      ],
      "target_union_size": [
        133,
        184
      ],
      "target_union_offset": [
        29,
        18
      ],
      "output_bboxes": [
        [
          53,
          25,
          155,
          202
        ],
        [
          31,
          18,
          147,
          202
        ],
        [
          29,
          22,
          149,
          202
        ],
        [
          39,
          20,
          156,
          202
        ],
        [
          50,
          21,
          162,
          202
        ],
        [
          50,
          25,
          162,
          202
        ]
      ]
    },
    "review": {
      "animation": "Relax",
      "normalization": "safe-max",
      "scale": 0.3249097472924188,
      "source_union_bbox": [
        230,
        70,
        551,
        615
      ],
      "target_union_size": [
        104,
        177
      ],
      "target_union_offset": [
        44,
        25
      ],