{
  "ok": true,
  "normalization": "safe-max",
  "margin": 6,
  "safe_max": {
    "scale": 0.3225806451612903,
    "max_state_union_width": 558,
    "max_state_union_height": 587,
    "available_width": 180,
    "available_height": 196,
    "source_canvas": [
      768,
      832
    ],
    "registration": "pet-wide scale with per-state union registration"
  },
  "states": {
    "idle": {
      "animation": "Relax",
      "normalization": "safe-max",
      "scale": 0.3225806451612903,
      "source_union_bbox": [
        242,
        50,
        583,
        621
      ],
      "target_union_size": [
        110,
        184
      ],
      "target_union_offset": [
        41,
        18
      ],
      "output_bboxes": [
        [
          43,
          18,
          151,
          202
        ],
        [
          41,
          19,
          151,
          202
        ],
        [
          44,
          18,
          148,
          202
        ],
        [
          48,
          18,
          148,
          202
        ],
        [
          43,
          18,
          151,
          202
        ],
        [
          48,
          18,
          148,
          202
        ]
      ]
    },
    "running-right": {
      "animation": "Move",
      "normalization": "safe-max",
      "scale": 0.3225806451612903,
      "source_union_bbox": [
        255,
        53,
        609,
        622
      ],
      "target_union_size": [
        114,
        184
      ],
      "target_union_offset": [
        39,
        18
      ],
      "output_bboxes": [
        [
          41,
          18,
          151,
          202
        ],
        [
          39,
          18,
          153,
          202
        ],
        [
          41,
          19,
          151,
          202
        ],
        [
          43,
          18,
          148,
          202
        ],
        [
          41,
          18,
          152,
          202
        ],
        [
          39,
          18,
          153,
          202
        ],
        [
          41,
          19,
          151,
          202
        ],
        [
          43,
          18,
          148,
          202
        ]
      ]
    },
    "running-left": {
      "animation": "Move",
      "normalization": "safe-max",
      "scale": 0.3225806451612903,
      "source_union_bbox": [
        159,
        53,
        513,
        622
      ],
      "target_union_size": [
        114,
        184
      ],
      "target_union_offset": [
        39,
        18
      ],
      "output_bboxes": [
        [
          41,
          18,
          151,
          202
        ],
        [
          39,
          18,
          153,
          202
        ],
        [
          41,
          19,
          151,
          202
        ],
        [
          44,
          18,
          149,
          202
        ],
        [
          40,
          18,
          151,
          202
        ],
        [
          39,
          18,
          153,
          202
        ],
        [
          41,
          19,
          151,
          202
        ],
        [
          44,
          18,
          149,
          202
        ]
      ]
    },
    "waving": {
      "animation": "Interact",
      "normalization": "safe-max",
      "scale": 0.3225806451612903,
      "source_union_bbox": [
        106,
        50,
        583,
        621
      ],
      "target_union_size": [
        154,
        184
      ],
      "target_union_offset": [
        19,
        18
      ],
      "output_bboxes": [
        [
          65,
          18,
          173,
          202
        ],
        [
          31,
          35,
          157,
          202
        ],
        [
          19,
          36,
          157,
          202
        ],
        [
          59,
          18,
          169,
          202
        ]
      ]
    },
    "jumping": {
      "animation": "Relax",
      "normalization": "safe-max",
      "scale": 0.3225806451612903,
      "source_union_bbox": [
        242,
        34,
        583,
        621
      ],
      "target_union_size": [
        110,
        189
      ],
      "target_union_offset": [
        41,
        13
      ],
      "output_bboxes": [
        [
          43,
          16,
          151,
          202
        ],
        [
          41,
          14,
          151,
          201
        ],
        [
          48,
          13,
          148,
          199
        ],
        [
          41,
          14,
          151,
          201
        ],
        [
          48,
          17,
          148,
          202
        ]
      ]
    },
    "failed": {
      "animation": "Sleep",
      "normalization": "safe-max",
      "scale": 0.3225806451612903,
      "source_union_bbox": [
        114,
        447,
        672,
        669
      ],
      "target_union_size": [
        180,
        72
      ],
      "target_union_offset": [
        6,
        130
      ],
      "output_bboxes": [
        [
          6,
          130,
          186,
          202
        ],
        [
          6,
          130,
          186,
          201
        ],
        [
          6,
          130,
          186,
          202
        ],
        [
          6,
          130,
          186,
          201
        ],
        [
          6,
          130,
          186,
          202
        ],
        [
          6,
          130,
          186,
          202
        ],
        [
          7,
          130,
          186,
          202
        ],
        [
          6,
          130,
          186,
          202
        ]
      ]
    },
    "waiting": {
      "animation": "Sit",
      "normalization": "safe-max",
      "scale": 0.3225806451612903,
      "source_union_bbox": [
        245,
        271,
        575,
        782
      ],
      "target_union_size": [
        106,
        165
      ],
      "target_union_offset": [
        43,
        37
      ],
      "output_bboxes": [
        [
          44,
          37,
          148,
          202
        ],
        [
          47,
          37,
          147,
          202
        ],
        [
          45,
          37,
          149,
          202
        ],
        [
          44,
          37,
          148,
          202
        ],
        [
          45,
          37,
          149,
          202
        ],
        [
          43,
          37,
          149,
          202
        ]
      ]
    },
    "running": {
      "animation": "Interact",
      "normalization": "safe-max",
      "scale": 0.3225806451612903,
      "source_union_bbox": [
        96,
        50,
        586,
        621
      ],
      "target_union_size": [
        158,
        184
      ],
      "target_union_offset": [
        17,
        18
      ],
      "output_bboxes": [
        [
          66,
          18,
          175,
          202
        ],
        [
          71,
          19,
          175,
          202
        ],
        [
          32,
          35,
          158,
          202
        ],
        [
          17,
          38,
          158,
          202
        ],
        [
          18,
          36,
          158,
          202
        ],
        [
          60,
          18,
          170,
          202
        ]
      ]
    },
    "review": {
      "animation": "Relax",
      "normalization": "safe-max",
      "scale": 0.3225806451612903,
      "source_union_bbox": [
        242,
        50,
        583,
        621
      ],
      "target_union_size": [
        110,
        184
      ],
      "target_union_offset": [
        41,
        18
      ],