{
  "ok": true,
  "normalization": "safe-max",
  "margin": 6,
  "safe_max": {
    "scale": 0.32727272727272727,
    "max_state_union_width": 550,
    "max_state_union_height": 589,
    "available_width": 180,
    "available_height": 196,
    "source_canvas": [
      768,
      832
    ],
    "registration": "pet-wide scale with per-state union registration"
  },
  "states": {
    "idle": {
      "animation": "Relax",
      "normalization": "safe-max",
      "scale": 0.32727272727272727,
      "source_union_bbox": [
        242,
        51,
        594,
        628
      ],
      "target_union_size": [
        115,
        189
      ],
      "target_union_offset": [
        38,
        13
      ],
      "output_bboxes": [
        [
          38,
          13,
          153,
          202
        ],
        [
          40,
          13,
          153,
          202
        ],
        [
          38,
          13,
          153,
          202
        ],
        [
          40,
          13,
          153,
          202
        ],
        [
          38,
          13,
          153,
          202
        ],
        [
          40,
          13,
          153,
          202
        ]
      ]
    },
    "running-right": {
      "animation": "Move",
      "normalization": "safe-max",
      "scale": 0.32727272727272727,
      "source_union_bbox": [
        247,
        53,
        602,
        631
      ],
      "target_union_size": [
        116,
        189
      ],
      "target_union_offset": [
        38,
        13
      ],
      "output_bboxes": [
        [
          46,
          13,
          149,
          202
        ],
        [
          38,
          13,
          154,
          202
        ],
        [
          50,
          13,
          150,
          202
        ],
        [
          40,
          13,
          150,
          202
        ],
        [
          43,
          13,
          152,
          202
        ],
        [
          51,
          13,
          150,
          202
        ],
        [
          38,
          13,
          153,
          202
        ],
        [
          47,
          13,
          150,
          202
        ]
      ]
    },
    "running-left": {
      "animation": "Move",
      "normalization": "safe-max",
      "scale": 0.32727272727272727,
      "source_union_bbox": [
        166,
        53,
        521,
        631
      ],
      "target_union_size": [
        116,
        189
      ],
      "target_union_offset": [
        38,
        13
      ],
      "output_bboxes": [
        [
          43,
          13,
          146,
          202
        ],
        [
          38,
          13,
          154,
          202
        ],
        [
          42,
          13,
          142,
          202
        ],
        [
          42,
          13,
          152,
          202
        ],
        [
          40,
          13,
          149,
          202
        ],
        [
          42,
          13,
          141,
          202
        ],
        [
          39,
          13,
          154,
          202
        ],
        [
          42,
          13,
          145,
          202
        ]
      ]
    },
    "waving": {
      "animation": "Interact",
      "normalization": "safe-max",
      "scale": 0.32727272727272727,
      "source_union_bbox": [
        214,
        51,
        636,
        629
      ],
      "target_union_size": [
        138,
        189
      ],
      "target_union_offset": [
        27,
        13
      ],
      "output_bboxes": [
        [
          34,
          13,
          154,
          202
        ],
        [
          45,
          14,
          159,
          202
        ],
        [
          62,
          13,
          165,
          202
        ],
        [
          27,
          13,
          157,
          202
        ]
      ]
    },
    "jumping": {
      "animation": "Relax",
      "normalization": "safe-max",
      "scale": 0.32727272727272727,
      "source_union_bbox": [
        242,
        39,
        594,
        628
      ],
      "target_union_size": [
        115,
        193
      ],
      "target_union_offset": [
        38,
        9
      ],
      "output_bboxes": [
        [
          38,
          11,
          153,
          202
        ],
        [
          40,
          9,
          153,
          202
        ],
        [
          40,
          9,
          153,
          199
        ],
        [
          40,
          9,
          153,
          202
        ],
        [
          40,
          12,
          153,
          202
        ]
      ]
    },
    "failed": {
      "animation": "Sleep",
      "normalization": "safe-max",
      "scale": 0.32727272727272727,
      "source_union_bbox": [
        109,
        352,
        659,
        653
      ],
      "target_union_size": [
        180,
        99
      ],
      "target_union_offset": [
        6,
        103
      ],
      "output_bboxes": [
        [
          6,
          103,
          186,
          202
        ],
        [
          6,
          103,
          186,
          202
        ],
        [
          6,
          103,
          186,
          202
        ],
        [
          6,
          103,
          186,
          202
        ],
        [
          6,
          103,
          186,
          202
        ],
        [
          6,
          103,
          186,
          202
        ],
        [
          6,
          103,
          186,
          202
        ],
        [
          6,
          103,
          186,
          202
        ]
      ]
    },
    "waiting": {
      "animation": "Sit",
      "normalization": "safe-max",
      "scale": 0.32727272727272727,
      "source_union_bbox": [
        216,
        219,
        610,
        782
      ],
      "target_union_size": [
        129,
        184
      ],
      "target_union_offset": [
        31,
        18
      ],
      "output_bboxes": [
        [
          31,
          18,
          157,
          202
        ],
        [
          31,
          18,
          160,
          202
        ],
        [
          31,
          18,
          154,
          202
        ],
        [
          31,
          18,
          157,
          202
        ],
        [
          31,
          18,
          154,
          202
        ],
        [
          31,
          18,
          152,
          202
        ]
      ]
    },
    "running": {
      "animation": "Interact",
      "normalization": "safe-max",
      "scale": 0.32727272727272727,
      "source_union_bbox": [
        214,
        51,
        636,
        629
      ],
      "target_union_size": [
        138,
        189
      ],
      "target_union_offset": [
        27,
        13
      ],
      "output_bboxes": [
        [
          34,
          13,
          154,
          202
        ],
        [
          43,
          17,
          141,
          202
        ],
        [
          45,
          14,
          159,
          202
        ],
        [
          50,
          13,
          165,
          202
        ],
        [
          62,
          13,
          165,
          202
        ],
        [
          27,
          13,
          157,
          202
        ]
      ]
    },
    "review": {
      "animation": "Relax",
      "normalization": "safe-max",
      "scale": 0.32727272727272727,
      "source_union_bbox": [
        242,
        51,
        594,
        628
      ],
      "target_union_size": [
        115,
        189
      ],
      "target_union_offset": [
        38,
        13
      ],