{
  "ok": true,
  "normalization": "safe-max",
  "margin": 6,
  "safe_max": {
    "scale": 0.2931596091205212,
    "max_state_union_width": 614,
    "max_state_union_height": 613,
    "available_width": 180,
    "available_height": 196,
    "source_canvas": [
      768,
      832
    ],
    "registration": "pet-wide scale with per-state union registration"
  },
  "states": {
    "idle": {
      "animation": "Relax",
      "normalization": "safe-max",
      "scale": 0.2931596091205212,
      "source_union_bbox": [
        94,
        59,
        596,
        662
      ],
      "target_union_size": [
        147,
        177
      ],
      "target_union_offset": [
        22,
        25
      ],
      "output_bboxes": [
        [
          22,
          26,
          169,
          202
        ],
        [
          22,
          25,
          169,
          202
        ],
        [
          22,
          25,
          169,
          202
        ],
        [
          23,
          28,
          169,
          202
        ],
        [
          22,
          30,
          168,
          202
        ],
        [
          22,
          28,
          169,
          202
        ]
      ],
      "counter_mirror_regions": []
    },
    "running-right": {
      "animation": "Move",
      "normalization": "safe-max",
      "scale": 0.2931596091205212,
      "source_union_bbox": [
        84,
        65,
        580,
        663
      ],
      "target_union_size": [
        145,
        175
      ],
      "target_union_offset": [
        23,
        27
      ],
      "output_bboxes": [
        [
          23,
          27,
          168,
          202
        ],
        [
          23,
          27,
          168,
          201
        ],
        [
          23,
          27,
          168,
          202
        ],
        [
          23,
          27,
          168,
          201
        ],
        [
          23,
          27,
          168,
          202
        ],
        [
          23,
          27,
          168,
          201
        ],
        [
          23,
          27,
          168,
          202
        ],
        [
          23,
          27,
          168,
          201
        ]
      ],
      "counter_mirror_regions": []
    },
    "running-left": {
      "animation": "Move",
      "normalization": "safe-max",
      "scale": 0.2931596091205212,
      "source_union_bbox": [
        188,
        65,
        684,
        663
      ],
      "target_union_size": [
        145,
        175
      ],
      "target_union_offset": [
        23,
        27
      ],
      "output_bboxes": [
        [
          23,
          27,
          168,
          202
        ],
        [
          23,
          27,
          168,
          201
        ],
        [
          23,
          27,
          168,
          202
        ],
        [
          23,
          27,
          168,
          201
        ],
        [
          23,
          27,
          168,
          202
        ],
        [
          23,
          27,
          168,
          201
        ],
        [
          23,
          27,
          168,
          202
        ],
        [
          23,
          27,
          168,
          201
        ]
      ],
      "counter_mirror_regions": []
    },
    "waving": {
      "animation": "Interact",
      "normalization": "safe-max",
      "scale": 0.2931596091205212,
      "source_union_bbox": [
        88,
        50,
        607,
        663
      ],
      "target_union_size": [
        152,
        180
      ],
      "target_union_offset": [
        20,
        22
      ],
      "output_bboxes": [
        [
          21,
          26,
          170,
          202
        ],
        [
          20,
          22,
          160,
          202
        ],
        [
          20,
          23,
          167,
          202
        ],
        [
          20,
          26,
          172,
          202
        ]
      ],
      "counter_mirror_regions": []
    },
    "jumping": {
      "animation": "Relax",
      "normalization": "safe-max",
      "scale": 0.2931596091205212,
      "source_union_bbox": [
        94,
        51,
        596,
        662
      ],
      "target_union_size": [
        147,
        179
      ],
      "target_union_offset": [
        22,
        23
      ],
      "output_bboxes": [
        [
          22,
          26,
          169,
          202
        ],
        [
          22,
          23,
          169,
          202
        ],
        [
          23,
          24,
          169,
          200
        ],
        [
          23,
          28,
          169,
          202
        ],
        [
          22,
          29,
          169,
          202
        ]
      ],
      "counter_mirror_regions": []
    },
    "failed": {
      "animation": "Sleep",
      "normalization": "safe-max",
      "scale": 0.2931596091205212,
      "source_union_bbox": [
        87,
        338,
        701,
        673
      ],
      "target_union_size": [
        180,
        98
      ],
      "target_union_offset": [
        6,
        104
      ],
      "output_bboxes": [
        [
          6,
          104,
          186,
          202
        ],
        [
          8,
          105,
          186,
          202
        ],
        [
          9,
          107,
          186,
          202
        ],
        [
          8,
          107,
          186,
          202
        ],
        [
          6,
          105,
          186,
          202
        ],
        [
          7,
          104,
          186,
          202
        ],
        [
          6,
          104,
          186,
          202
        ],
        [
          6,
          104,
          186,
          202
        ]
      ],
      "counter_mirror_regions": []
    },
    "waiting": {
      "animation": "Sit",
      "normalization": "safe-max",
      "scale": 0.2931596091205212,
      "source_union_bbox": [
        101,
        220,
        567,
        782
      ],
      "target_union_size": [
        137,
        165
      ],
      "target_union_offset": [
        27,
        37
      ],
      "output_bboxes": [
        [
          27,
          38,
          164,
          202
        ],
        [
          28,
          40,
          164,
          202
        ],
        [
          27,
          37,
          164,
          202
        ],
        [
          27,
          38,
          164,
          202
        ],
        [
          28,
          40,
          164,
          202
        ],
        [
          27,
          38,
          164,
          202
        ]
      ],
      "counter_mirror_regions": []
    },
    "running": {
      "animation": "Interact",
      "normalization": "safe-max",
      "scale": 0.2931596091205212,
      "source_union_bbox": [
        67,
        50,
        607,
        663
      ],
      "target_union_size": [
        158,
        180
      ],
      "target_union_offset": [
        17,
        22
      ],
      "output_bboxes": [
        [
          24,
          26,
          173,
          202
        ],
        [
          24,
          27,
          174,
          202
        ],
        [
          21,
          22,
          163,
          202
        ],
        [
          17,
          27,
          169,
          202
        ],
        [
          21,
          23,
          170,
          202
        ],
        [
          21,
          26,
          175,
          202
        ]
      ],
      "counter_mirror_regions": []
    },
    "review": {
      "animation": "Relax",
      "normalization": "safe-max",
      "scale": 0.2931596091205212,
      "source_union_bbox": [
        94,
        59,
        596,
        662
      ],
      "target_union_size": [
        147,
        177
      ],
      "target_union_offset": [
        22,
        25
      ],