{
  "ok": true,
  "normalization": "safe-max",
  "margin": 6,
  "safe_max": {
    "scale": 0.296969696969697,
    "max_state_union_width": 605,
    "max_state_union_height": 660,
    "available_width": 180,
    "available_height": 196,
    "source_canvas": [
      768,
      832
    ],
    "registration": "pet-wide scale with per-state union registration"
  },
  "states": {
    "idle": {
      "animation": "Relax",
      "normalization": "safe-max",
      "scale": 0.296969696969697,
      "source_union_bbox": [
        148,
        54,
        549,
        638
      ],
      "target_union_size": [
        119,
        173
      ],
      "target_union_offset": [
        36,
        29
      ],
      "output_bboxes": [
        [
          51,
          29,
          155,
          202
        ],
        [
          47,
          29,
          155,
          202
        ],
        [
          46,
          29,
          155,
          202
        ],
        [
          43,
          29,
          155,
          202
        ],
        [
          36,
          30,
          155,
          202
        ],
        [
          43,
          29,
          155,
          202
        ]
      ]
    },
    "running-right": {
      "animation": "Move",
      "normalization": "safe-max",
      "scale": 0.296969696969697,
      "source_union_bbox": [
        137,
        51,
        574,
        640
      ],
      "target_union_size": [
        130,
        175
      ],
      "target_union_offset": [
        31,
        27
      ],
      "output_bboxes": [
        [
          44,
          27,
          158,
          202
        ],
        [
          37,
          27,
          146,
          202
        ],
        [
          34,
          27,
          147,
          202
        ],
        [
          37,
          27,
          149,
          202
        ],
        [
          31,
          27,
          155,
          202
        ],
        [
          31,
          28,
          161,
          202
        ],
        [
          31,
          27,
          161,
          202
        ],
        [
          36,
          27,
          147,
          202
        ]
      ]
    },
    "running-left": {
      "animation": "Move",
      "normalization": "safe-max",
      "scale": 0.296969696969697,
      "source_union_bbox": [
        194,
        51,
        631,
        640
      ],
      "target_union_size": [
        130,
        175
      ],
      "target_union_offset": [
        31,
        27
      ],
      "output_bboxes": [
        [
          34,
          27,
          148,
          202
        ],
        [
          46,
          27,
          155,
          202
        ],
        [
          45,
          27,
          158,
          202
        ],
        [
          43,
          27,
          155,
          202
        ],
        [
          37,
          27,
          161,
          202
        ],
        [
          31,
          28,
          161,
          202
        ],
        [
          31,
          27,
          161,
          202
        ],
        [
          45,
          27,
          156,
          202
        ]
      ]
    },
    "waving": {
      "animation": "Interact",
      "normalization": "safe-max",
      "scale": 0.296969696969697,
      "source_union_bbox": [
        80,
        50,
        651,
        695
      ],
      "target_union_size": [
        170,
        192
      ],
      "target_union_offset": [
        11,
        10
      ],
      "output_bboxes": [
        [
          46,
          10,
          153,
          188
        ],
        [
          11,
          12,
          157,
          197
        ],
        [
          50,
          10,
          181,
          202
        ],
        [
          41,
          10,
          163,
          188
        ]
      ]
    },
    "jumping": {
      "animation": "Relax",
      "normalization": "safe-max",
      "scale": 0.296969696969697,
      "source_union_bbox": [
        143,
        44,
        549,
        638
      ],
      "target_union_size": [
        121,
        176
      ],
      "target_union_offset": [
        35,
        26
      ],
      "output_bboxes": [
        [
          51,
          26,
          156,
          202
        ],
        [
          47,
          26,
          156,
          202
        ],
        [
          43,
          26,
          156,
          200
        ],
        [
          35,
          30,
          156,
          202
        ],
        [
          44,
          27,
          156,
          202
        ]
      ]
    },
    "failed": {
      "animation": "Sleep",
      "normalization": "safe-max",
      "scale": 0.296969696969697,
      "source_union_bbox": [
        83,
        414,
        688,
        663
      ],
      "target_union_size": [
        180,
        74
      ],
      "target_union_offset": [
        6,
        128
      ],
      "output_bboxes": [
        [
          6,
          128,
          186,
          202
        ],
        [
          6,
          128,
          186,
          202
        ],
        [
          6,
          128,
          186,
          202
        ],
        [
          6,
          128,
          186,
          202
        ],
        [
          6,
          128,
          186,
          202
        ],
        [
          6,
          128,
          186,
          202
        ],
        [
          6,
          128,
          186,
          202
        ],
        [
          6,
          128,
          186,
          202
        ]
      ]
    },
    "waiting": {
      "animation": "Sit",
      "normalization": "safe-max",
      "scale": 0.296969696969697,
      "source_union_bbox": [
        215,
        228,
        560,
        782
      ],
      "target_union_size": [
        102,
        165
      ],
      "target_union_offset": [
        45,
        37
      ],
      "output_bboxes": [
        [
          56,
          37,
          147,
          202
        ],
        [
          57,
          37,
          144,
          202
        ],
        [
          55,
          37,
          142,
          202
        ],
        [
          45,
          37,
          147,
          202
        ],
        [
          45,
          37,
          142,
          202
        ],
        [
          52,
          37,
          144,
          202
        ]
      ]
    },
    "running": {
      "animation": "Interact",
      "normalization": "safe-max",
      "scale": 0.296969696969697,
      "source_union_bbox": [
        80,
        50,
        651,
        710
      ],
      "target_union_size": [
        170,
        196
      ],
      "target_union_offset": [
        11,
        6
      ],
      "output_bboxes": [
        [
          46,
          6,
          153,
          183
        ],
        [
          23,
          6,
          153,
          183
        ],
        [
          11,
          8,
          157,
          193
        ],
        [
          25,
          8,
          169,
          202
        ],
        [
          50,
          6,
          181,
          200
        ],
        [
          41,
          6,
          163,
          183
        ]
      ]
    },
    "review": {
      "animation": "Relax",
      "normalization": "safe-max",
      "scale": 0.296969696969697,
      "source_union_bbox": [
        143,
        54,
        549,
        638
      ],
      "target_union_size": [
        121,
        173
      ],
      "target_union_offset": [
        35,
        29
      ],