{
  "ok": true,
  "normalization": "safe-max",
  "margin": 6,
  "safe_max": {
    "scale": 0.325497287522604,
    "max_state_union_width": 553,
    "max_state_union_height": 575,
    "available_width": 180,
    "available_height": 196,
    "source_canvas": [
      768,
      832
    ],
    "registration": "pet-wide scale with per-state union registration"
  },
  "states": {
    "idle": {
      "animation": "Relax",
      "normalization": "safe-max",
      "scale": 0.325497287522604,
      "source_union_bbox": [
        193,
        55,
        551,
        615
      ],
      "target_union_size": [
        117,
        182
      ],
      "target_union_offset": [
        37,
        20
      ],
      "output_bboxes": [
        [
          37,
          20,
          154,
          202
        ],
        [
          44,
          20,
          154,
          202
        ],
        [
          47,
          20,
          154,
          202
        ],
        [
          37,
          20,
          154,
          202
        ],
        [
          37,
          20,
          154,
          202
        ],
        [
          37,
          20,
          154,
          202
        ]
      ]
    },
    "running-right": {
      "animation": "Move",
      "normalization": "safe-max",
      "scale": 0.325497287522604,
      "source_union_bbox": [
        218,
        60,
        575,
        617
      ],
      "target_union_size": [
        116,
        181
      ],
      "target_union_offset": [
        38,
        21
      ],
      "output_bboxes": [
        [
          38,
          22,
          154,
          202
        ],
        [
          38,
          21,
          154,
          202
        ],
        [
          38,
          21,
          154,
          202
        ],
        [
          41,
          21,
          154,
          202
        ],
        [
          38,
          21,
          154,
          202
        ],
        [
          38,
          22,
          154,
          201
        ],
        [
          38,
          22,
          154,
          202
        ],
        [
          40,
          21,
          154,
          202
        ]
      ]
    },
    "running-left": {
      "animation": "Move",
      "normalization": "safe-max",
      "scale": 0.325497287522604,
      "source_union_bbox": [
        193,
        60,
        550,
        617
      ],
      "target_union_size": [
        116,
        181
      ],
      "target_union_offset": [
        38,
        21
      ],
      "output_bboxes": [
        [
          38,
          22,
          154,
          202
        ],
        [
          38,
          21,
          154,
          202
        ],
        [
          38,
          21,
          154,
          202
        ],
        [
          38,
          21,
          151,
          202
        ],
        [
          38,
          21,
          154,
          202
        ],
        [
          38,
          22,
          154,
          201
        ],
        [
          38,
          22,
          154,
          202
        ],
        [
          38,
          21,
          152,
          202
        ]
      ]
    },
    "waving": {
      "animation": "Interact",
      "normalization": "safe-max",
      "scale": 0.325497287522604,
      "source_union_bbox": [
        172,
        55,
        551,
        616
      ],
      "target_union_size": [
        123,
        183
      ],
      "target_union_offset": [
        34,
        19
      ],
      "output_bboxes": [
        [
          39,
          19,
          157,
          202
        ],
        [
          34,
          21,
          138,
          202
        ],
        [
          36,
          19,
          130,
          202
        ],
        [
          41,
          20,
          152,
          202
        ]
      ]
    },
    "jumping": {
      "animation": "Relax",
      "normalization": "safe-max",
      "scale": 0.325497287522604,
      "source_union_bbox": [
        193,
        40,
        551,
        615
      ],
      "target_union_size": [
        117,
        187
      ],
      "target_union_offset": [
        37,
        15
      ],
      "output_bboxes": [
        [
          37,
          18,
          154,
          202
        ],
        [
          44,
          15,
          154,
          202
        ],
        [
          37,
          15,
          154,
          199
        ],
        [
          40,
          17,
          154,
          202
        ],
        [
          37,
          18,
          154,
          202
        ]
      ]
    },
    "failed": {
      "animation": "Sleep",
      "normalization": "safe-max",
      "scale": 0.325497287522604,
      "source_union_bbox": [
        108,
        416,
        661,
        634
      ],
      "target_union_size": [
        180,
        71
      ],
      "target_union_offset": [
        6,
        131
      ],
      "output_bboxes": [
        [
          6,
          131,
          186,
          202
        ],
        [
          6,
          131,
          186,
          202
        ],
        [
          6,
          131,
          186,
          202
        ],
        [
          6,
          131,
          186,
          202
        ],
        [
          6,
          131,
          186,
          202
        ],
        [
          6,
          131,
          186,
          202
        ],
        [
          6,
          131,
          186,
          202
        ],
        [
          6,
          131,
          186,
          202
        ]
      ]
    },
    "waiting": {
      "animation": "Sit",
      "normalization": "safe-max",
      "scale": 0.325497287522604,
      "source_union_bbox": [
        255,
        251,
        561,
        782
      ],
      "target_union_size": [
        100,
        173
      ],
      "target_union_offset": [
        46,
        29
      ],
      "output_bboxes": [
        [
          46,
          29,
          146,
          202
        ],
        [
          46,
          29,
          146,
          202
        ],
        [
          46,
          29,
          146,
          202
        ],
        [
          46,
          29,
          146,
          202
        ],
        [
          46,
          29,
          146,
          202
        ],
        [
          46,
          29,
          146,
          202
        ]
      ]
    },
    "running": {
      "animation": "Interact",
      "normalization": "safe-max",
      "scale": 0.325497287522604,
      "source_union_bbox": [
        166,
        50,
        586,
        616
      ],
      "target_union_size": [
        137,
        184
      ],
      "target_union_offset": [
        27,
        18
      ],
      "output_bboxes": [
        [
          33,
          18,
          155,
          202
        ],
        [
          31,
          18,
          164,
          202
        ],
        [
          27,
          22,
          134,
          202
        ],
        [
          27,
          18,
          126,
          202
        ],
        [
          31,
          18,
          126,
          202
        ],
        [
          36,
          21,
          147,
          202
        ]
      ]
    },
    "review": {
      "animation": "Relax",
      "normalization": "safe-max",
      "scale": 0.325497287522604,
      "source_union_bbox": [
        193,
        55,
        551,
        615
      ],
      "target_union_size": [
        117,
        182
      ],
      "target_union_offset": [
        37,
        20
      ],