{
  "ok": true,
  "normalization": "safe-max",
  "margin": 6,
  "safe_max": {
    "scale": 0.32085561497326204,
    "max_state_union_width": 561,
    "max_state_union_height": 571,
    "available_width": 180,
    "available_height": 196,
    "source_canvas": [
      768,
      832
    ],
    "registration": "pet-wide scale with per-state union registration"
  },
  "states": {
    "idle": {
      "animation": "Relax",
      "normalization": "safe-max",
      "scale": 0.32085561497326204,
      "source_union_bbox": [
        189,
        71,
        548,
        619
      ],
      "target_union_size": [
        115,
        176
      ],
      "target_union_offset": [
        38,
        26
      ],
      "output_bboxes": [
        [
          41,
          26,
          153,
          202
        ],
        [
          47,
          26,
          153,
          202
        ],
        [
          49,
          26,
          153,
          202
        ],
        [
          46,
          26,
          153,
          202
        ],
        [
          40,
          26,
          153,
          202
        ],
        [
          38,
          26,
          153,
          202
        ]
      ]
    },
    "running-right": {
      "animation": "Move",
      "normalization": "safe-max",
      "scale": 0.32085561497326204,
      "source_union_bbox": [
        162,
        74,
        597,
        624
      ],
      "target_union_size": [
        140,
        176
      ],
      "target_union_offset": [
        26,
        26
      ],
      "output_bboxes": [
        [
          33,
          26,
          166,
          202
        ],
        [
          36,
          27,
          160,
          202
        ],
        [
          38,
          26,
          162,
          202
        ],
        [
          34,
          26,
          163,
          202
        ],
        [
          28,
          26,
          163,
          202
        ],
        [
          26,
          28,
          162,
          202
        ],
        [
          26,
          26,
          162,
          202
        ],
        [
          28,
          26,
          163,
          202
        ]
      ]
    },
    "running-left": {
      "animation": "Move",
      "normalization": "safe-max",
      "scale": 0.32085561497326204,
      "source_union_bbox": [
        171,
        74,
        606,
        624
      ],
      "target_union_size": [
        140,
        176
      ],
      "target_union_offset": [
        26,
        26
      ],
      "output_bboxes": [
        [
          26,
          26,
          159,
          202
        ],
        [
          32,
          27,
          156,
          202
        ],
        [
          30,
          26,
          154,
          202
        ],
        [
          29,
          26,
          158,
          202
        ],
        [
          29,
          26,
          164,
          202
        ],
        [
          30,
          28,
          166,
          202
        ],
        [
          30,
          26,
          166,
          202
        ],
        [
          29,
          26,
          164,
          202
        ]
      ]
    },
    "waving": {
      "animation": "Interact",
      "normalization": "safe-max",
      "scale": 0.32085561497326204,
      "source_union_bbox": [
        99,
        55,
        602,
        621
      ],
      "target_union_size": [
        161,
        182
      ],
      "target_union_offset": [
        15,
        20
      ],
      "output_bboxes": [
        [
          47,
          23,
          161,
          201
        ],
        [
          15,
          20,
          159,
          202
        ],
        [
          48,
          22,
          168,
          202
        ],
        [
          45,
          22,
          176,
          202
        ]
      ]
    },
    "jumping": {
      "animation": "Relax",
      "normalization": "safe-max",
      "scale": 0.32085561497326204,
      "source_union_bbox": [
        188,
        58,
        548,
        619
      ],
      "target_union_size": [
        116,
        180
      ],
      "target_union_offset": [
        38,
        22
      ],
      "output_bboxes": [
        [
          42,
          24,
          154,
          202
        ],
        [
          47,
          22,
          154,
          202
        ],
        [
          46,
          22,
          154,
          199
        ],
        [
          38,
          23,
          154,
          202
        ],
        [
          38,
          24,
          154,
          202
        ]
      ]
    },
    "failed": {
      "animation": "Sleep",
      "normalization": "safe-max",
      "scale": 0.32085561497326204,
      "source_union_bbox": [
        111,
        361,
        672,
        642
      ],
      "target_union_size": [
        180,
        90
      ],
      "target_union_offset": [
        6,
        112
      ],
      "output_bboxes": [
        [
          6,
          113,
          186,
          202
        ],
        [
          6,
          112,
          186,
          202
        ],
        [
          6,
          112,
          186,
          202
        ],
        [
          6,
          112,
          186,
          202
        ],
        [
          6,
          112,
          186,
          202
        ],
        [
          6,
          112,
          186,
          202
        ],
        [
          6,
          112,
          186,
          202
        ],
        [
          6,
          112,
          186,
          202
        ]
      ]
    },
    "waiting": {
      "animation": "Sit",
      "normalization": "safe-max",
      "scale": 0.32085561497326204,
      "source_union_bbox": [
        247,
        266,
        547,
        782
      ],
      "target_union_size": [
        96,
        166
      ],
      "target_union_offset": [
        48,
        36
      ],
      "output_bboxes": [
        [
          48,
          36,
          144,
          202
        ],
        [
          48,
          36,
          143,
          202
        ],
        [
          48,
          36,
          142,
          202
        ],
        [
          48,
          36,
          144,
          202
        ],
        [
          48,
          36,
          144,
          202
        ],
        [
          48,
          36,
          144,
          202
        ]
      ]
    },
    "running": {
      "animation": "Interact",
      "normalization": "safe-max",
      "scale": 0.32085561497326204,
      "source_union_bbox": [
        96,
        50,
        602,
        621
      ],
      "target_union_size": [
        162,
        183
      ],
      "target_union_offset": [
        15,
        19
      ],
      "output_bboxes": [
        [
          48,
          23,
          162,
          201
        ],
        [
          15,
          19,
          158,
          202
        ],
        [
          15,
          19,
          160,
          202
        ],
        [
          31,
          19,
          163,
          202
        ],
        [
          49,
          23,
          169,
          202
        ],
        [
          46,
          22,
          177,
          202
        ]
      ]
    },
    "review": {
      "animation": "Relax",
      "normalization": "safe-max",
      "scale": 0.32085561497326204,
      "source_union_bbox": [
        188,
        71,
        548,
        619
      ],
      "target_union_size": [
        116,
        176
      ],
      "target_union_offset": [
        38,
        26
      ],