{
  "ok": true,
  "normalization": "safe-max",
  "margin": 6,
  "safe_max": {
    "scale": 0.31413612565445026,
    "max_state_union_width": 573,
    "max_state_union_height": 592,
    "available_width": 180,
    "available_height": 196,
    "source_canvas": [
      768,
      832
    ],
    "registration": "pet-wide scale with per-state union registration"
  },
  "states": {
    "idle": {
      "animation": "Relax",
      "normalization": "safe-max",
      "scale": 0.31413612565445026,
      "source_union_bbox": [
        237,
        50,
        585,
        627
      ],
      "target_union_size": [
        109,
        181
      ],
      "target_union_offset": [
        41,
        21
      ],
      "output_bboxes": [
        [
          43,
          21,
          150,
          202
        ],
        [
          41,
          21,
          150,
          202
        ],
        [
          41,
          21,
          150,
          202
        ],
        [
          41,
          21,
          150,
          202
        ],
        [
          43,
          21,
          150,
          202
        ],
        [
          41,
          21,
          150,
          202
        ]
      ]
    },
    "running-right": {
      "animation": "Move",
      "normalization": "safe-max",
      "scale": 0.31413612565445026,
      "source_union_bbox": [
        205,
        53,
        600,
        629
      ],
      "target_union_size": [
        124,
        181
      ],
      "target_union_offset": [
        34,
        21
      ],
      "output_bboxes": [
        [
          37,
          21,
          158,
          202
        ],
        [
          36,
          21,
          158,
          202
        ],
        [
          34,
          21,
          158,
          202
        ],
        [
          34,
          21,
          158,
          202
        ],
        [
          34,
          21,
          158,
          202
        ],
        [
          34,
          21,
          158,
          202
        ],
        [
          34,
          21,
          158,
          202
        ],
        [
          36,
          21,
          158,
          202
        ]
      ]
    },
    "running-left": {
      "animation": "Move",
      "normalization": "safe-max",
      "scale": 0.31413612565445026,
      "source_union_bbox": [
        168,
        53,
        563,
        629
      ],
      "target_union_size": [
        124,
        181
      ],
      "target_union_offset": [
        34,
        21
      ],
      "output_bboxes": [
        [
          34,
          21,
          155,
          202
        ],
        [
          34,
          21,
          156,
          202
        ],
        [
          34,
          21,
          158,
          202
        ],
        [
          34,
          21,
          158,
          202
        ],
        [
          34,
          21,
          158,
          202
        ],
        [
          34,
          21,
          158,
          202
        ],
        [
          34,
          21,
          158,
          202
        ],
        [
          34,
          21,
          156,
          202
        ]
      ]
    },
    "waving": {
      "animation": "Interact",
      "normalization": "safe-max",
      "scale": 0.31413612565445026,
      "source_union_bbox": [
        205,
        54,
        585,
        627
      ],
      "target_union_size": [
        119,
        180
      ],
      "target_union_offset": [
        36,
        22
      ],
      "output_bboxes": [
        [
          48,
          22,
          155,
          202
        ],
        [
          40,
          22,
          152,
          202
        ],
        [
          36,
          22,
          148,
          202
        ],
        [
          38,
          22,
          148,
          202
        ]
      ]
    },
    "jumping": {
      "animation": "Relax",
      "normalization": "safe-max",
      "scale": 0.31413612565445026,
      "source_union_bbox": [
        244,
        35,
        585,
        627
      ],
      "target_union_size": [
        107,
        186
      ],
      "target_union_offset": [
        42,
        16
      ],
      "output_bboxes": [
        [
          42,
          19,
          149,
          202
        ],
        [
          42,
          17,
          149,
          202
        ],
        [
          42,
          16,
          149,
          199
        ],
        [
          42,
          17,
          149,
          202
        ],
        [
          42,
          18,
          149,
          202
        ]
      ]
    },
    "failed": {
      "animation": "Sleep",
      "normalization": "safe-max",
      "scale": 0.31413612565445026,
      "source_union_bbox": [
        98,
        368,
        671,
        640
      ],
      "target_union_size": [
        180,
        85
      ],
      "target_union_offset": [
        6,
        117
      ],
      "output_bboxes": [
        [
          6,
          121,
          186,
          202
        ],
        [
          6,
          117,
          186,
          202
        ],
        [
          6,
          120,
          186,
          202
        ],
        [
          6,
          119,
          186,
          202
        ],
        [
          6,
          119,
          186,
          202
        ],
        [
          6,
          117,
          186,
          202
        ],
        [
          6,
          120,
          186,
          202
        ],
        [
          6,
          121,
          186,
          202
        ]
      ]
    },
    "waiting": {
      "animation": "Sit",
      "normalization": "safe-max",
      "scale": 0.31413612565445026,
      "source_union_bbox": [
        202,
        250,
        578,
        782
      ],
      "target_union_size": [
        118,
        167
      ],
      "target_union_offset": [
        37,
        35
      ],
      "output_bboxes": [
        [
          40,
          35,
          155,
          202
        ],
        [
          39,
          35,
          155,
          202
        ],
        [
          37,
          35,
          155,
          202
        ],
        [
          37,
          35,
          155,
          202
        ],
        [
          37,
          35,
          155,
          202
        ],
        [
          39,
          35,
          155,
          202
        ]
      ]
    },
    "running": {
      "animation": "Interact",
      "normalization": "safe-max",
      "scale": 0.31413612565445026,
      "source_union_bbox": [
        205,
        54,
        594,
        627
      ],
      "target_union_size": [
        122,
        180
      ],
      "target_union_offset": [
        35,
        22
      ],
      "output_bboxes": [
        [
          48,
          22,
          157,
          202
        ],
        [
          45,
          23,
          157,
          202
        ],
        [
          40,
          22,
          151,
          202
        ],
        [
          35,
          22,
          148,
          202
        ],
        [
          35,
          22,
          147,
          202
        ],
        [
          37,
          22,
          147,
          202
        ]
      ]
    },
    "review": {
      "animation": "Relax",
      "normalization": "safe-max",
      "scale": 0.31413612565445026,
      "source_union_bbox": [
        237,
        50,
        585,
        627
      ],
      "target_union_size": [
        109,
        181
      ],
      "target_union_offset": [
        41,
        21
      ],