{
  "ok": true,
  "normalization": "safe-max",
  "margin": 6,
  "safe_max": {
    "scale": 0.31802120141342755,
    "max_state_union_width": 566,
    "max_state_union_height": 578,
    "available_width": 180,
    "available_height": 196,
    "source_canvas": [
      768,
      832
    ],
    "registration": "pet-wide scale with per-state union registration"
  },
  "states": {
    "idle": {
      "animation": "Relax",
      "normalization": "safe-max",
      "scale": 0.31802120141342755,
      "source_union_bbox": [
        144,
        53,
        618,
        618
      ],
      "target_union_size": [
        151,
        180
      ],
      "target_union_offset": [
        20,
        22
      ],
      "output_bboxes": [
        [
          38,
          23,
          160,
          202
        ],
        [
          38,
          24,
          161,
          202
        ],
        [
          25,
          22,
          171,
          202
        ],
        [
          20,
          23,
          171,
          202
        ],
        [
          38,
          23,
          160,
          202
        ],
        [
          20,
          22,
          171,
          202
        ]
      ]
    },
    "running-right": {
      "animation": "Move",
      "normalization": "safe-max",
      "scale": 0.31802120141342755,
      "source_union_bbox": [
        201,
        52,
        609,
        621
      ],
      "target_union_size": [
        130,
        181
      ],
      "target_union_offset": [
        31,
        21
      ],
      "output_bboxes": [
        [
          42,
          24,
          156,
          202
        ],
        [
          42,
          25,
          155,
          202
        ],
        [
          42,
          24,
          153,
          202
        ],
        [
          40,
          22,
          155,
          202
        ],
        [
          34,
          21,
          161,
          202
        ],
        [
          31,
          21,
          161,
          202
        ],
        [
          31,
          21,
          161,
          202
        ],
        [
          38,
          22,
          155,
          202
        ]
      ]
    },
    "running-left": {
      "animation": "Move",
      "normalization": "safe-max",
      "scale": 0.31802120141342755,
      "source_union_bbox": [
        159,
        52,
        567,
        621
      ],
      "target_union_size": [
        130,
        181
      ],
      "target_union_offset": [
        31,
        21
      ],
      "output_bboxes": [
        [
          36,
          24,
          150,
          202
        ],
        [
          37,
          25,
          150,
          202
        ],
        [
          39,
          24,
          150,
          202
        ],
        [
          37,
          22,
          152,
          202
        ],
        [
          31,
          21,
          158,
          202
        ],
        [
          31,
          21,
          161,
          202
        ],
        [
          31,
          21,
          161,
          202
        ],
        [
          37,
          22,
          154,
          202
        ]
      ]
    },
    "waving": {
      "animation": "Interact",
      "normalization": "safe-max",
      "scale": 0.31802120141342755,
      "source_union_bbox": [
        159,
        63,
        601,
        629
      ],
      "target_union_size": [
        141,
        180
      ],
      "target_union_offset": [
        25,
        22
      ],
      "output_bboxes": [
        [
          38,
          22,
          160,
          201
        ],
        [
          26,
          28,
          161,
          201
        ],
        [
          27,
          23,
          166,
          202
        ],
        [
          25,
          22,
          163,
          201
        ]
      ]
    },
    "jumping": {
      "animation": "Relax",
      "normalization": "safe-max",
      "scale": 0.31802120141342755,
      "source_union_bbox": [
        144,
        40,
        613,
        618
      ],
      "target_union_size": [
        149,
        184
      ],
      "target_union_offset": [
        21,
        18
      ],
      "output_bboxes": [
        [
          39,
          23,
          161,
          202
        ],
        [
          39,
          21,
          161,
          202
        ],
        [
          21,
          18,
          170,
          199
        ],
        [
          39,
          21,
          161,
          202
        ],
        [
          21,
          20,
          170,
          202
        ]
      ]
    },
    "failed": {
      "animation": "Sleep",
      "normalization": "safe-max",
      "scale": 0.31802120141342755,
      "source_union_bbox": [
        101,
        417,
        667,
        642
      ],
      "target_union_size": [
        180,
        72
      ],
      "target_union_offset": [
        6,
        130
      ],
      "output_bboxes": [
        [
          6,
          131,
          186,
          202
        ],
        [
          6,
          131,
          186,
          202
        ],
        [
          6,
          131,
          186,
          202
        ],
        [
          6,
          131,
          186,
          202
        ],
        [
          6,
          130,
          186,
          202
        ],
        [
          6,
          131,
          186,
          202
        ],
        [
          6,
          131,
          186,
          202
        ],
        [
          6,
          131,
          186,
          202
        ]
      ]
    },
    "waiting": {
      "animation": "Sit",
      "normalization": "safe-max",
      "scale": 0.31802120141342755,
      "source_union_bbox": [
        224,
        206,
        590,
        782
      ],
      "target_union_size": [
        116,
        183
      ],
      "target_union_offset": [
        38,
        19
      ],
      "output_bboxes": [
        [
          38,
          19,
          154,
          202
        ],
        [
          38,
          19,
          154,
          202
        ],
        [
          38,
          19,
          154,
          202
        ],
        [
          38,
          19,
          154,
          202
        ],
        [
          38,
          19,
          154,
          202
        ],
        [
          38,
          19,
          154,
          202
        ]
      ]
    },
    "running": {
      "animation": "Interact",
      "normalization": "safe-max",
      "scale": 0.31802120141342755,
      "source_union_bbox": [
        159,
        63,
        601,
        629
      ],
      "target_union_size": [
        141,
        180
      ],
      "target_union_offset": [
        25,
        22
      ],
      "output_bboxes": [
        [
          38,
          22,
          160,
          201
        ],
        [
          32,
          25,
          160,
          201
        ],
        [
          26,
          28,
          161,
          201
        ],
        [
          26,
          25,
          164,
          202
        ],
        [
          27,
          23,
          166,
          202
        ],
        [
          25,
          22,
          163,
          201
        ]
      ]
    },
    "review": {
      "animation": "Relax",
      "normalization": "safe-max",
      "scale": 0.31802120141342755,
      "source_union_bbox": [
        144,
        53,
        618,
        618
      ],
      "target_union_size": [
        151,
        180
      ],
      "target_union_offset": [
        20,
        22
      ],