{
  "ok": true,
  "normalization": "safe-max",
  "margin": 6,
  "safe_max": {
    "scale": 0.28081123244929795,
    "max_state_union_width": 641,
    "max_state_union_height": 582,
    "available_width": 180,
    "available_height": 196,
    "source_canvas": [
      768,
      832
    ],
    "registration": "pet-wide scale with per-state union registration"
  },
  "states": {
    "idle": {
      "animation": "Relax",
      "normalization": "safe-max",
      "scale": 0.28081123244929795,
      "source_union_bbox": [
        87,
        61,
        570,
        626
      ],
      "target_union_size": [
        136,
        159
      ],
      "target_union_offset": [
        28,
        43
      ],
      "output_bboxes": [
        [
          36,
          43,
          163,
          202
        ],
        [
          28,
          43,
          164,
          202
        ],
        [
          38,
          43,
          163,
          202
        ],
        [
          29,
          43,
          163,
          202
        ],
        [
          33,
          43,
          164,
          202
        ],
        [
          36,
          43,
          164,
          202
        ]
      ]
    },
    "running-right": {
      "animation": "Move",
      "normalization": "safe-max",
      "scale": 0.28081123244929795,
      "source_union_bbox": [
        74,
        53,
        568,
        626
      ],
      "target_union_size": [
        139,
        161
      ],
      "target_union_offset": [
        26,
        41
      ],
      "output_bboxes": [
        [
          39,
          41,
          165,
          202
        ],
        [
          32,
          41,
          165,
          202
        ],
        [
          26,
          41,
          165,
          202
        ],
        [
          27,
          41,
          165,
          202
        ],
        [
          34,
          41,
          165,
          202
        ],
        [
          37,
          41,
          165,
          202
        ],
        [
          39,
          41,
          165,
          202
        ],
        [
          41,
          42,
          165,
          202
        ]
      ]
    },
    "running-left": {
      "animation": "Move",
      "normalization": "safe-max",
      "scale": 0.28081123244929795,
      "source_union_bbox": [
        200,
        53,
        694,
        626
      ],
      "target_union_size": [
        139,
        161
      ],
      "target_union_offset": [
        26,
        41
      ],
      "output_bboxes": [
        [
          26,
          41,
          152,
          202
        ],
        [
          26,
          41,
          159,
          202
        ],
        [
          26,
          41,
          165,
          202
        ],
        [
          26,
          41,
          164,
          202
        ],
        [
          26,
          41,
          157,
          202
        ],
        [
          26,
          41,
          154,
          202
        ],
        [
          26,
          41,
          152,
          202
        ],
        [
          26,
          42,
          150,
          202
        ]
      ]
    },
    "waving": {
      "animation": "Interact",
      "normalization": "safe-max",
      "scale": 0.28081123244929795,
      "source_union_bbox": [
        62,
        50,
        569,
        632
      ],
      "target_union_size": [
        142,
        163
      ],
      "target_union_offset": [
        25,
        39
      ],
      "output_bboxes": [
        [
          40,
          40,
          166,
          202
        ],
        [
          25,
          39,
          165,
          202
        ],
        [
          38,
          39,
          162,
          202
        ],
        [
          37,
          39,
          167,
          202
        ]
      ]
    },
    "jumping": {
      "animation": "Relax",
      "normalization": "safe-max",
      "scale": 0.28081123244929795,
      "source_union_bbox": [
        87,
        45,
        570,
        626
      ],
      "target_union_size": [
        136,
        163
      ],
      "target_union_offset": [
        28,
        39
      ],
      "output_bboxes": [
        [
          36,
          41,
          163,
          202
        ],
        [
          28,
          40,
          164,
          202
        ],
        [
          29,
          39,
          163,
          200
        ],
        [
          39,
          39,
          163,
          202
        ],
        [
          36,
          42,
          164,
          202
        ]
      ]
    },
    "failed": {
      "animation": "Sleep",
      "normalization": "safe-max",
      "scale": 0.28081123244929795,
      "source_union_bbox": [
        65,
        411,
        706,
        678
      ],
      "target_union_size": [
        180,
        75
      ],
      "target_union_offset": [
        6,
        127
      ],
      "output_bboxes": [
        [
          6,
          127,
          182,
          202
        ],
        [
          6,
          127,
          182,
          202
        ],
        [
          6,
          127,
          186,
          202
        ],
        [
          6,
          127,
          186,
          202
        ],
        [
          6,
          127,
          182,
          202
        ],
        [
          6,
          127,
          182,
          202
        ],
        [
          6,
          127,
          182,
          202
        ],
        [
          6,
          127,
          182,
          202
        ]
      ]
    },
    "waiting": {
      "animation": "Sit",
      "normalization": "safe-max",
      "scale": 0.28081123244929795,
      "source_union_bbox": [
        73,
        228,
        568,
        782
      ],
      "target_union_size": [
        139,
        156
      ],
      "target_union_offset": [
        26,
        46
      ],
      "output_bboxes": [
        [
          26,
          46,
          165,
          202
        ],
        [
          26,
          46,
          165,
          202
        ],
        [
          43,
          46,
          165,
          202
        ],
        [
          26,
          46,
          165,
          202
        ],
        [
          36,
          46,
          165,
          202
        ],
        [
          35,
          46,
          165,
          202
        ]
      ]
    },
    "running": {
      "animation": "Interact",
      "normalization": "safe-max",
      "scale": 0.28081123244929795,
      "source_union_bbox": [
        62,
        50,
        569,
        632
      ],
      "target_union_size": [
        142,
        163
      ],
      "target_union_offset": [
        25,
        39
      ],
      "output_bboxes": [
        [
          40,
          40,
          166,
          202
        ],
        [
          33,
          39,
          167,
          202
        ],
        [
          25,
          39,
          165,
          202
        ],
        [
          27,
          39,
          162,
          202
        ],
        [
          38,
          39,
          162,
          202
        ],
        [
          37,
          39,
          167,
          202
        ]
      ]
    },
    "review": {
      "animation": "Relax",
      "normalization": "safe-max",
      "scale": 0.28081123244929795,
      "source_union_bbox": [
        87,
        61,
        570,
        626
      ],
      "target_union_size": [
        136,
        159
      ],
      "target_union_offset": [
        28,
        43
      ],