{
  "ok": true,
  "normalization": "safe-max",
  "margin": 6,
  "safe_max": {
    "scale": 0.282574568288854,
    "max_state_union_width": 637,
    "max_state_union_height": 564,
    "available_width": 180,
    "available_height": 196,
    "source_canvas": [
      768,
      832
    ],
    "registration": "pet-wide scale with per-state union registration"
  },
  "states": {
    "idle": {
      "animation": "Relax",
      "normalization": "safe-max",
      "scale": 0.282574568288854,
      "source_union_bbox": [
        85,
        58,
        583,
        606
      ],
      "target_union_size": [
        141,
        155
      ],
      "target_union_offset": [
        25,
        47
      ],
      "output_bboxes": [
        [
          25,
          47,
          166,
          202
        ],
        [
          30,
          47,
          166,
          202
        ],
        [
          35,
          47,
          164,
          202
        ],
        [
          25,
          47,
          166,
          202
        ],
        [
          35,
          47,
          164,
          202
        ],
        [
          32,
          47,
          163,
          202
        ]
      ]
    },
    "running-right": {
      "animation": "Move",
      "normalization": "safe-max",
      "scale": 0.282574568288854,
      "source_union_bbox": [
        100,
        52,
        609,
        609
      ],
      "target_union_size": [
        144,
        157
      ],
      "target_union_offset": [
        24,
        45
      ],
      "output_bboxes": [
        [
          24,
          45,
          168,
          202
        ],
        [
          30,
          45,
          162,
          202
        ],
        [
          27,
          45,
          160,
          202
        ],
        [
          24,
          45,
          168,
          202
        ],
        [
          31,
          45,
          157,
          202
        ],
        [
          24,
          45,
          166,
          202
        ],
        [
          27,
          45,
          167,
          202
        ],
        [
          30,
          45,
          156,
          202
        ]
      ]
    },
    "running-left": {
      "animation": "Move",
      "normalization": "safe-max",
      "scale": 0.282574568288854,
      "source_union_bbox": [
        159,
        52,
        668,
        609
      ],
      "target_union_size": [
        144,
        157
      ],
      "target_union_offset": [
        24,
        45
      ],
      "output_bboxes": [
        [
          24,
          45,
          168,
          202
        ],
        [
          30,
          45,
          162,
          202
        ],
        [
          32,
          45,
          165,
          202
        ],
        [
          24,
          45,
          168,
          202
        ],
        [
          35,
          45,
          161,
          202
        ],
        [
          26,
          45,
          168,
          202
        ],
        [
          25,
          45,
          165,
          202
        ],
        [
          36,
          45,
          162,
          202
        ]
      ]
    },
    "waving": {
      "animation": "Interact",
      "normalization": "safe-max",
      "scale": 0.282574568288854,
      "source_union_bbox": [
        82,
        50,
        672,
        608
      ],
      "target_union_size": [
        167,
        158
      ],
      "target_union_offset": [
        12,
        44
      ],
      "output_bboxes": [
        [
          12,
          44,
          156,
          202
        ],
        [
          19,
          44,
          179,
          202
        ],
        [
          12,
          45,
          152,
          202
        ],
        [
          12,
          44,
          149,
          202
        ]
      ]
    },
    "jumping": {
      "animation": "Relax",
      "normalization": "safe-max",
      "scale": 0.282574568288854,
      "source_union_bbox": [
        85,
        42,
        583,
        606
      ],
      "target_union_size": [
        141,
        159
      ],
      "target_union_offset": [
        25,
        43
      ],
      "output_bboxes": [
        [
          25,
          46,
          166,
          202
        ],
        [
          30,
          43,
          166,
          202
        ],
        [
          25,
          43,
          166,
          200
        ],
        [
          28,
          44,
          166,
          202
        ],
        [
          32,
          46,
          163,
          202
        ]
      ]
    },
    "failed": {
      "animation": "Sleep",
      "normalization": "safe-max",
      "scale": 0.282574568288854,
      "source_union_bbox": [
        69,
        367,
        706,
        647
      ],
      "target_union_size": [
        180,
        79
      ],
      "target_union_offset": [
        6,
        123
      ],
      "output_bboxes": [
        [
          6,
          123,
          186,
          199
        ],
        [
          6,
          123,
          186,
          199
        ],
        [
          6,
          123,
          186,
          200
        ],
        [
          6,
          123,
          186,
          200
        ],
        [
          6,
          123,
          186,
          199
        ],
        [
          6,
          123,
          186,
          199
        ],
        [
          6,
          123,
          186,
          200
        ],
        [
          6,
          123,
          186,
          200
        ]
      ]
    },
    "waiting": {
      "animation": "Sit",
      "normalization": "safe-max",
      "scale": 0.282574568288854,
      "source_union_bbox": [
        97,
        221,
        606,
        782
      ],
      "target_union_size": [
        144,
        159
      ],
      "target_union_offset": [
        24,
        43
      ],
      "output_bboxes": [
        [
          29,
          43,
          168,
          202
        ],
        [
          31,
          43,
          168,
          202
        ],
        [
          38,
          43,
          168,
          202
        ],
        [
          24,
          43,
          168,
          202
        ],
        [
          38,
          43,
          168,
          202
        ],
        [
          32,
          43,
          168,
          202
        ]
      ]
    },
    "running": {
      "animation": "Interact",
      "normalization": "safe-max",
      "scale": 0.282574568288854,
      "source_union_bbox": [
        82,
        50,
        672,
        608
      ],
      "target_union_size": [
        167,
        158
      ],
      "target_union_offset": [
        12,
        44
      ],
      "output_bboxes": [
        [
          12,
          44,
          156,
          202
        ],
        [
          20,
          44,
          151,
          202
        ],
        [
          19,
          44,
          179,
          202
        ],
        [
          20,
          46,
          178,
          202
        ],
        [
          12,
          45,
          152,
          202
        ],
        [
          12,
          44,
          149,
          202
        ]
      ]
    },
    "review": {
      "animation": "Relax",
      "normalization": "safe-max",
      "scale": 0.282574568288854,
      "source_union_bbox": [
        87,
        58,
        580,
        610
      ],
      "target_union_size": [
        139,
        156
      ],
      "target_union_offset": [
        26,
        46
      ],