{
  "ok": true,
  "normalization": "safe-max",
  "margin": 6,
  "safe_max": {
    "scale": 0.30874785591766724,
    "max_state_union_width": 583,
    "max_state_union_height": 608,
    "available_width": 180,
    "available_height": 196,
    "source_canvas": [
      768,
      832
    ],
    "registration": "pet-wide scale with per-state union registration"
  },
  "states": {
    "idle": {
      "animation": "Relax",
      "normalization": "safe-max",
      "scale": 0.30874785591766724,
      "source_union_bbox": [
        235,
        50,
        553,
        645
      ],
      "target_union_size": [
        98,
        184
      ],
      "target_union_offset": [
        47,
        18
      ],
      "output_bboxes": [
        [
          49,
          18,
          144,
          202
        ],
        [
          53,
          18,
          143,
          202
        ],
        [
          47,
          19,
          145,
          202
        ],
        [
          52,
          18,
          143,
          202
        ],
        [
          50,
          18,
          143,
          202
        ],
        [
          48,
          18,
          145,
          202
        ]
      ]
    },
    "running-right": {
      "animation": "Move",
      "normalization": "safe-max",
      "scale": 0.30874785591766724,
      "source_union_bbox": [
        252,
        55,
        608,
        644
      ],
      "target_union_size": [
        110,
        182
      ],
      "target_union_offset": [
        41,
        20
      ],
      "output_bboxes": [
        [
          41,
          20,
          134,
          202
        ],
        [
          41,
          20,
          134,
          202
        ],
        [
          41,
          20,
          134,
          202
        ],
        [
          41,
          20,
          151,
          202
        ],
        [
          41,
          20,
          134,
          202
        ],
        [
          41,
          20,
          134,
          202
        ],
        [
          41,
          20,
          134,
          202
        ],
        [
          41,
          20,
          134,
          202
        ]
      ]
    },
    "running-left": {
      "animation": "Move",
      "normalization": "safe-max",
      "scale": 0.30874785591766724,
      "source_union_bbox": [
        160,
        55,
        516,
        644
      ],
      "target_union_size": [
        110,
        182
      ],
      "target_union_offset": [
        41,
        20
      ],
      "output_bboxes": [
        [
          58,
          20,
          151,
          202
        ],
        [
          58,
          20,
          151,
          202
        ],
        [
          58,
          20,
          151,
          202
        ],
        [
          41,
          20,
          151,
          202
        ],
        [
          58,
          20,
          151,
          202
        ],
        [
          58,
          20,
          151,
          202
        ],
        [
          58,
          20,
          151,
          202
        ],
        [
          58,
          20,
          151,
          202
        ]
      ]
    },
    "waving": {
      "animation": "Interact",
      "normalization": "safe-max",
      "scale": 0.30874785591766724,
      "source_union_bbox": [
        223,
        62,
        562,
        645
      ],
      "target_union_size": [
        105,
        180
      ],
      "target_union_offset": [
        43,
        22
      ],
      "output_bboxes": [
        [
          43,
          22,
          145,
          202
        ],
        [
          43,
          22,
          146,
          202
        ],
        [
          48,
          22,
          148,
          202
        ],
        [
          43,
          22,
          146,
          202
        ]
      ]
    },
    "jumping": {
      "animation": "Relax",
      "normalization": "safe-max",
      "scale": 0.30874785591766724,
      "source_union_bbox": [
        238,
        37,
        552,
        645
      ],
      "target_union_size": [
        97,
        188
      ],
      "target_union_offset": [
        47,
        14
      ],
      "output_bboxes": [
        [
          48,
          18,
          144,
          202
        ],
        [
          52,
          14,
          142,
          202
        ],
        [
          51,
          14,
          142,
          199
        ],
        [
          47,
          17,
          144,
          202
        ],
        [
          47,
          18,
          144,
          202
        ]
      ]
    },
    "failed": {
      "animation": "Sleep",
      "normalization": "safe-max",
      "scale": 0.30874785591766724,
      "source_union_bbox": [
        92,
        449,
        675,
        689
      ],
      "target_union_size": [
        180,
        74
      ],
      "target_union_offset": [
        6,
        128
      ],
      "output_bboxes": [
        [
          6,
          128,
          186,
          202
        ],
        [
          6,
          128,
          186,
          202
        ],
        [
          6,
          128,
          186,
          202
        ],
        [
          6,
          128,
          186,
          202
        ],
        [
          6,
          128,
          186,
          202
        ],
        [
          6,
          128,
          186,
          202
        ],
        [
          6,
          128,
          186,
          202
        ],
        [
          6,
          128,
          186,
          202
        ]
      ]
    },
    "waiting": {
      "animation": "Sit",
      "normalization": "safe-max",
      "scale": 0.30874785591766724,
      "source_union_bbox": [
        146,
        243,
        542,
        782
      ],
      "target_union_size": [
        122,
        166
      ],
      "target_union_offset": [
        35,
        36
      ],
      "output_bboxes": [
        [
          35,
          36,
          157,
          202
        ],
        [
          35,
          36,
          157,
          202
        ],
        [
          35,
          36,
          157,
          202
        ],
        [
          35,
          36,
          157,
          202
        ],
        [
          35,
          36,
          157,
          202
        ],
        [
          35,
          36,
          157,
          202
        ]
      ]
    },
    "running": {
      "animation": "Interact",
      "normalization": "safe-max",
      "scale": 0.30874785591766724,
      "source_union_bbox": [
        223,
        56,
        562,
        645
      ],
      "target_union_size": [
        105,
        182
      ],
      "target_union_offset": [
        43,
        20
      ],
      "output_bboxes": [
        [
          43,
          20,
          145,
          202
        ],
        [
          43,
          20,
          146,
          202
        ],
        [
          48,
          21,
          148,
          202
        ],
        [
          45,
          20,
          145,
          202
        ],
        [
          48,
          21,
          148,
          202
        ],
        [
          43,
          20,
          146,
          202
        ]
      ]
    },
    "review": {
      "animation": "Interact",
      "normalization": "safe-max",
      "scale": 0.30874785591766724,
      "source_union_bbox": [
        234,
        56,
        560,
        645
      ],
      "target_union_size": [
        101,
        182
      ],
      "target_union_offset": [
        45,
        20
      ],