{
  "ok": true,
  "normalization": "safe-max",
  "margin": 6,
  "safe_max": {
    "scale": 0.29079159935379645,
    "max_state_union_width": 619,
    "max_state_union_height": 594,
    "available_width": 180,
    "available_height": 196,
    "source_canvas": [
      768,
      832
    ],
    "registration": "pet-wide scale with per-state union registration"
  },
  "states": {
    "idle": {
      "animation": "Relax",
      "normalization": "safe-max",
      "scale": 0.29079159935379645,
      "source_union_bbox": [
        90,
        54,
        572,
        638
      ],
      "target_union_size": [
        140,
        170
      ],
      "target_union_offset": [
        26,
        32
      ],
      "output_bboxes": [
        [
          26,
          32,
          166,
          202
        ],
        [
          26,
          32,
          166,
          202
        ],
        [
          26,
          32,
          166,
          202
        ],
        [
          26,
          32,
          166,
          202
        ],
        [
          26,
          32,
          166,
          202
        ],
        [
          26,
          32,
          166,
          202
        ]
      ]
    },
    "running-right": {
      "animation": "Move",
      "normalization": "safe-max",
      "scale": 0.29079159935379645,
      "source_union_bbox": [
        88,
        52,
        564,
        644
      ],
      "target_union_size": [
        138,
        172
      ],
      "target_union_offset": [
        27,
        30
      ],
      "output_bboxes": [
        [
          27,
          33,
          165,
          202
        ],
        [
          27,
          30,
          165,
          202
        ],
        [
          27,
          30,
          165,
          202
        ],
        [
          27,
          30,
          165,
          202
        ],
        [
          27,
          33,
          165,
          202
        ],
        [
          27,
          30,
          165,
          202
        ],
        [
          27,
          30,
          165,
          202
        ],
        [
          27,
          30,
          165,
          202
        ]
      ]
    },
    "running-left": {
      "animation": "Move",
      "normalization": "safe-max",
      "scale": 0.29079159935379645,
      "source_union_bbox": [
        204,
        52,
        680,
        644
      ],
      "target_union_size": [
        138,
        172
      ],
      "target_union_offset": [
        27,
        30
      ],
      "output_bboxes": [
        [
          27,
          33,
          165,
          202
        ],
        [
          27,
          30,
          165,
          202
        ],
        [
          27,
          30,
          165,
          202
        ],
        [
          27,
          30,
          165,
          202
        ],
        [
          27,
          33,
          165,
          202
        ],
        [
          27,
          30,
          165,
          202
        ],
        [
          27,
          30,
          165,
          202
        ],
        [
          27,
          30,
          165,
          202
        ]
      ]
    },
    "waving": {
      "animation": "Interact",
      "normalization": "safe-max",
      "scale": 0.29079159935379645,
      "source_union_bbox": [
        90,
        52,
        580,
        643
      ],
      "target_union_size": [
        142,
        172
      ],
      "target_union_offset": [
        25,
        30
      ],
      "output_bboxes": [
        [
          26,
          30,
          167,
          202
        ],
        [
          25,
          30,
          167,
          201
        ],
        [
          25,
          30,
          167,
          201
        ],
        [
          25,
          30,
          167,
          201
        ]
      ]
    },
    "jumping": {
      "animation": "Relax",
      "normalization": "safe-max",
      "scale": 0.29079159935379645,
      "source_union_bbox": [
        90,
        44,
        572,
        638
      ],
      "target_union_size": [
        140,
        173
      ],
      "target_union_offset": [
        26,
        29
      ],
      "output_bboxes": [
        [
          26,
          29,
          166,
          202
        ],
        [
          26,
          29,
          166,
          202
        ],
        [
          26,
          29,
          166,
          200
        ],
        [
          26,
          29,
          166,
          202
        ],
        [
          26,
          29,
          166,
          202
        ]
      ]
    },
    "failed": {
      "animation": "Sleep",
      "normalization": "safe-max",
      "scale": 0.29079159935379645,
      "source_union_bbox": [
        75,
        356,
        694,
        672
      ],
      "target_union_size": [
        180,
        92
      ],
      "target_union_offset": [
        6,
        110
      ],
      "output_bboxes": [
        [
          6,
          110,
          186,
          202
        ],
        [
          6,
          110,
          186,
          202
        ],
        [
          6,
          110,
          186,
          202
        ],
        [
          6,
          110,
          186,
          202
        ],
        [
          6,
          110,
          186,
          202
        ],
        [
          6,
          110,
          186,
          202
        ],
        [
          6,
          110,
          186,
          202
        ],
        [
          6,
          110,
          186,
          202
        ]
      ]
    },
    "waiting": {
      "animation": "Sit",
      "normalization": "safe-max",
      "scale": 0.29079159935379645,
      "source_union_bbox": [
        135,
        214,
        597,
        781
      ],
      "target_union_size": [
        134,
        165
      ],
      "target_union_offset": [
        29,
        37
      ],
      "output_bboxes": [
        [
          29,
          37,
          163,
          202
        ],
        [
          29,
          37,
          163,
          202
        ],
        [
          29,
          37,
          163,
          202
        ],
        [
          29,
          37,
          163,
          202
        ],
        [
          29,
          37,
          163,
          202
        ],
        [
          29,
          37,
          163,
          202
        ]
      ]
    },
    "running": {
      "animation": "Interact",
      "normalization": "safe-max",
      "scale": 0.29079159935379645,
      "source_union_bbox": [
        90,
        52,
        580,
        643
      ],
      "target_union_size": [
        142,
        172
      ],
      "target_union_offset": [
        25,
        30
      ],
      "output_bboxes": [
        [
          26,
          30,
          167,
          202
        ],
        [
          25,
          30,
          167,
          201
        ],
        [
          25,
          30,
          167,
          201
        ],
        [
          25,
          30,
          167,
          201
        ],
        [
          25,
          30,
          167,
          201
        ],
        [
          25,
          30,
          167,
          201
        ]
      ]
    },
    "review": {
      "animation": "Interact",
      "normalization": "safe-max",
      "scale": 0.29079159935379645,
      "source_union_bbox": [
        90,
        50,
        575,
        638
      ],
      "target_union_size": [
        141,
        171
      ],
      "target_union_offset": [
        25,
        31
      ],