{
  "ok": true,
  "normalization": "safe-max",
  "margin": 6,
  "safe_max": {
    "scale": 0.2694610778443114,
    "max_state_union_width": 668,
    "max_state_union_height": 651,
    "available_width": 180,
    "available_height": 196,
    "source_canvas": [
      768,
      832
    ],
    "registration": "pet-wide scale with per-state union registration"
  },
  "states": {
    "idle": {
      "animation": "Relax",
      "normalization": "safe-max",
      "scale": 0.2694610778443114,
      "source_union_bbox": [
        141,
        53,
        630,
        690
      ],
      "target_union_size": [
        132,
        172
      ],
      "target_union_offset": [
        30,
        30
      ],
      "output_bboxes": [
        [
          30,
          30,
          160,
          202
        ],
        [
          30,
          30,
          159,
          202
        ],
        [
          30,
          31,
          162,
          202
        ],
        [
          30,
          30,
          157,
          202
        ],
        [
          30,
          30,
          161,
          202
        ],
        [
          30,
          30,
          162,
          202
        ]
      ]
    },
    "running-right": {
      "animation": "Move",
      "normalization": "safe-max",
      "scale": 0.2694610778443114,
      "source_union_bbox": [
        126,
        50,
        548,
        695
      ],
      "target_union_size": [
        114,
        174
      ],
      "target_union_offset": [
        39,
        28
      ],
      "output_bboxes": [
        [
          44,
          29,
          153,
          202
        ],
        [
          43,
          28,
          153,
          202
        ],
        [
          43,
          28,
          153,
          202
        ],
        [
          41,
          28,
          153,
          202
        ],
        [
          39,
          29,
          153,
          202
        ],
        [
          39,
          28,
          153,
          202
        ],
        [
          40,
          28,
          153,
          202
        ],
        [
          45,
          28,
          153,
          202
        ]
      ]
    },
    "running-left": {
      "animation": "Move",
      "normalization": "safe-max",
      "scale": 0.2694610778443114,
      "source_union_bbox": [
        220,
        50,
        642,
        695
      ],
      "target_union_size": [
        114,
        174
      ],
      "target_union_offset": [
        39,
        28
      ],
      "output_bboxes": [
        [
          39,
          29,
          148,
          202
        ],
        [
          39,
          28,
          149,
          202
        ],
        [
          39,
          28,
          149,
          202
        ],
        [
          39,
          28,
          151,
          202
        ],
        [
          39,
          29,
          153,
          202
        ],
        [
          39,
          28,
          153,
          202
        ],
        [
          39,
          28,
          152,
          202
        ],
        [
          39,
          28,
          147,
          202
        ]
      ]
    },
    "waving": {
      "animation": "Interact",
      "normalization": "safe-max",
      "scale": 0.2694610778443114,
      "source_union_bbox": [
        181,
        81,
        635,
        713
      ],
      "target_union_size": [
        122,
        170
      ],
      "target_union_offset": [
        35,
        32
      ],
      "output_bboxes": [
        [
          35,
          32,
          153,
          202
        ],
        [
          44,
          32,
          157,
          202
        ],
        [
          35,
          32,
          156,
          201
        ],
        [
          44,
          32,
          157,
          202
        ]
      ]
    },
    "jumping": {
      "animation": "Relax",
      "normalization": "safe-max",
      "scale": 0.2694610778443114,
      "source_union_bbox": [
        140,
        39,
        626,
        690
      ],
      "target_union_size": [
        131,
        175
      ],
      "target_union_offset": [
        30,
        27
      ],
      "output_bboxes": [
        [
          30,
          28,
          160,
          202
        ],
        [
          30,
          27,
          159,
          202
        ],
        [
          30,
          27,
          157,
          200
        ],
        [
          30,
          27,
          161,
          202
        ],
        [
          30,
          29,
          161,
          202
        ]
      ]
    },
    "failed": {
      "animation": "Sleep",
      "normalization": "safe-max",
      "scale": 0.2694610778443114,
      "source_union_bbox": [
        50,
        422,
        718,
        710
      ],
      "target_union_size": [
        180,
        78
      ],
      "target_union_offset": [
        6,
        124
      ],
      "output_bboxes": [
        [
          6,
          124,
          186,
          202
        ],
        [
          6,
          124,
          186,
          202
        ],
        [
          6,
          124,
          186,
          202
        ],
        [
          6,
          124,
          186,
          202
        ],
        [
          6,
          124,
          186,
          202
        ],
        [
          6,
          124,
          186,
          202
        ],
        [
          6,
          124,
          186,
          202
        ],
        [
          6,
          124,
          186,
          202
        ]
      ]
    },
    "waiting": {
      "animation": "Sit",
      "normalization": "safe-max",
      "scale": 0.2694610778443114,
      "source_union_bbox": [
        169,
        177,
        573,
        782
      ],
      "target_union_size": [
        109,
        163
      ],
      "target_union_offset": [
        41,
        39
      ],
      "output_bboxes": [
        [
          41,
          39,
          150,
          202
        ],
        [
          41,
          39,
          150,
          202
        ],
        [
          41,
          39,
          150,
          202
        ],
        [
          41,
          39,
          150,
          202
        ],
        [
          41,
          39,
          150,
          202
        ],
        [
          41,
          39,
          150,
          202
        ]
      ]
    },
    "running": {
      "animation": "Interact",
      "normalization": "safe-max",
      "scale": 0.2694610778443114,
      "source_union_bbox": [
        104,
        93,
        604,
        723
      ],
      "target_union_size": [
        135,
        170
      ],
      "target_union_offset": [
        28,
        32
      ],
      "output_bboxes": [
        [
          29,
          33,
          163,
          202
        ],
        [
          28,
          32,
          156,
          202
        ],
        [
          28,
          32,
          161,
          200
        ],
        [
          36,
          32,
          160,
          202
        ],
        [
          28,
          32,
          161,
          200
        ],
        [
          28,
          32,
          156,
          202
        ]
      ]
    },
    "review": {
      "animation": "Relax",
      "normalization": "safe-max",
      "scale": 0.2694610778443114,
      "source_union_bbox": [
        140,
        51,
        630,
        690
      ],
      "target_union_size": [
        132,
        172
      ],
      "target_union_offset": [
        30,
        30
      ],